<vistrail id="" name="" version="0.9.3" xmlns:xsi="http://www.w3.org/2001/XMLSchema-instance" xsi:schemaLocation="http://www.vistrails.org/vistrail.xsd"><action date="2009-06-19 10:15:12" id="1" prevId="0" prune="0" session="0" user="stevec"><annotation id="2" key="__description__" value="nurbsPlane" /><annotation id="3" key="__details__" value="updateRendererUI%3B%0AnurbsPlane%20-p%200%200%200%20-ax%200%201%200%20-w%201%20-lr%201%20-d%203%20-u%201%20-v%201%20-ch%201%3B%20objectMoveCommand%3B" /><annotation id="4" key="__snapshot__" value="0" /><add id="0" objectId="0" parentObjId="" parentObjType="" what="plugin_data"><plugin_data data="0:16492" id="0" /></add></action><action date="2009-06-19 10:15:27" id="2" prevId="1" prune="0" session="0" user="stevec"><annotation id="5" key="__description__" value="setAttr " /><annotation id="6" key="__details__" value="setAttr%20%22makeNurbPlane1.patchesU%22%2010%3B" /><annotation id="7" key="__snapshot__" value="0" /><add id="1" objectId="1" parentObjId="" parentObjType="" what="plugin_data"><plugin_data data="16492:28380" id="1" /></add></action><action date="2009-06-19 10:15:29" id="3" prevId="2" prune="0" session="0" user="stevec"><annotation id="8" key="__description__" value="setAttr " /><annotation id="9" key="__details__" value="setAttr%20%22makeNurbPlane1.patchesV%22%2010%3B" /><annotation id="10" key="__snapshot__" value="0" /><add id="2" objectId="2" parentObjId="" parentObjType="" what="plugin_data"><plugin_data data="28380:40268" id="2" /></add></action><action date="2009-06-19 10:15:33" id="4" prevId="3" prune="0" session="0" user="stevec"><annotation id="11" key="__description__" value="setAttr " /><annotation id="12" key="__details__" value="setAttr%20%22makeNurbPlane1.width%22%2010%3B" /><annotation id="13" key="__snapshot__" value="0" /><add id="3" objectId="3" parentObjId="" parentObjType="" what="plugin_data"><plugin_data data="40268:52156" id="3" /></add></action><action date="2009-06-19 10:15:37" id="5" prevId="4" prune="0" session="0" user="stevec"><annotation id="14" key="__description__" value="setAttr " /><annotation id="15" key="__details__" value="setAttr%20%22makeNurbPlane1.width%22%2020%3B" /><annotation id="16" key="__snapshot__" value="0" /><add id="4" objectId="4" parentObjId="" parentObjType="" what="plugin_data"><plugin_data data="52156:64044" id="4" /></add></action><action date="2009-06-19 10:15:54" id="6" prevId="5" prune="0" session="0" user="stevec"><annotation id="17" key="__description__" value="move " /><annotation id="18" key="__details__" value="move%20-r%200%202.308261%200%20%3B" /><annotation id="19" key="__snapshot__" value="0" /><add id="5" objectId="5" parentObjId="" parentObjType="" what="plugin_data"><plugin_data data="64044:78215" id="5" /></add></action><action date="2009-06-19 10:15:58" id="7" prevId="6" prune="0" session="0" user="stevec"><annotation id="20" key="__description__" value="move " /><annotation id="21" key="__details__" value="move%20-r%200%201.241626%200%20%3B" /><annotation id="22" key="__snapshot__" value="0" /><add id="6" objectId="6" parentObjId="" parentObjType="" what="plugin_data"><plugin_data data="78215:90230" id="6" /></add></action><action date="2009-06-19 10:16:08" id="8" prevId="7" prune="0" session="0" user="stevec"><annotation id="23" key="__description__" value="move " /><annotation id="24" key="__details__" value="move%20-r%20-0.112572%200.220873%20-1.190883%20%3B" /><annotation id="25" key="__snapshot__" value="0" /><add id="7" objectId="7" parentObjId="" parentObjType="" what="plugin_data"><plugin_data data="90230:103437" id="7" /></add></action><action date="2009-06-19 10:16:14" id="9" prevId="8" prune="0" session="0" user="stevec"><annotation id="26" key="__description__" value="move " /><annotation id="27" key="__details__" value="move%20-r%20-0.0572479%200.112324%20-0.605619%20%3B" /><annotation id="28" key="__snapshot__" value="0" /><add id="8" objectId="8" parentObjId="" parentObjType="" what="plugin_data"><plugin_data data="103437:116084" id="8" /></add></action><action date="2009-06-19 10:16:18" id="10" prevId="9" prune="0" session="0" user="stevec"><annotation id="29" key="__description__" value="move " /><annotation id="30" key="__details__" value="move%20-r%200.219331%200.0982771%20-0.555349%20%3B" /><annotation id="31" key="__snapshot__" value="0" /><add id="9" objectId="9" parentObjId="" parentObjType="" what="plugin_data"><plugin_data data="116084:128137" id="9" /></add></action><action date="2009-06-19 10:16:27" id="11" prevId="10" prune="0" session="0" user="stevec"><annotation id="32" key="__description__" value="move " /><annotation id="33" key="__details__" value="move%20-r%200%200.879295%200%20%3B" /><annotation id="34" key="__snapshot__" value="0" /><add id="10" objectId="10" parentObjId="" parentObjType="" what="plugin_data"><plugin_data data="128137:142489" id="10" /></add></action><action date="2009-06-19 10:16:30" id="12" prevId="11" prune="0" session="0" user="stevec"><annotation id="35" key="__description__" value="move " /><annotation id="36" key="__details__" value="move%20-r%200%200.560334%200%20%3B" /><annotation id="37" key="__snapshot__" value="0" /><add id="11" objectId="11" parentObjId="" parentObjType="" what="plugin_data"><plugin_data data="142489:154505" id="11" /></add></action><action date="2009-06-19 10:16:37" id="13" prevId="12" prune="0" session="0" user="stevec"><annotation id="38" key="__description__" value="move " /><annotation id="39" key="__details__" value="move%20-r%200%201.111189%200%20%3B" /><annotation id="40" key="__snapshot__" value="0" /><add id="12" objectId="12" parentObjId="" parentObjType="" what="plugin_data"><plugin_data data="154505:166788" id="12" /></add></action><action date="2009-06-19 10:16:44" id="14" prevId="13" prune="0" session="0" user="stevec"><annotation id="41" key="__description__" value="move " /><annotation id="42" key="__details__" value="move%20-r%200%200%200.0281507%20%3B" /><annotation id="43" key="__snapshot__" value="0" /><add id="13" objectId="13" parentObjId="" parentObjType="" what="plugin_data"><plugin_data data="166788:180129" id="13" /></add></action><action date="2009-06-19 10:16:46" id="15" prevId="14" prune="0" session="0" user="stevec"><annotation id="44" key="__description__" value="move " /><annotation id="45" key="__details__" value="move%20-r%200%201.839766%200%20%3B" /><annotation id="46" key="__snapshot__" value="0" /><add id="14" objectId="14" parentObjId="" parentObjType="" what="plugin_data"><plugin_data data="180129:192165" id="14" /></add></action><action date="2009-06-19 10:16:50" id="16" prevId="15" prune="0" session="0" user="stevec"><annotation id="47" key="__description__" value="move " /><annotation id="48" key="__details__" value="move%20-r%200%201.129863%200%20%3B" /><annotation id="49" key="__snapshot__" value="0" /><add id="15" objectId="15" parentObjId="" parentObjType="" what="plugin_data"><plugin_data data="192165:204451" id="15" /></add></action><action date="2009-06-19 10:16:59" id="17" prevId="16" prune="0" session="0" user="stevec"><annotation id="50" key="__description__" value="move " /><annotation id="51" key="__details__" value="move%20-r%200%201.510112%200%20%3B" /><annotation id="52" key="__snapshot__" value="0" /><add id="16" objectId="16" parentObjId="" parentObjType="" what="plugin_data"><plugin_data data="204451:218364" id="16" /></add></action><action date="2009-06-19 10:17:01" id="18" prevId="17" prune="0" session="0" user="stevec"><annotation id="53" key="__description__" value="move " /><annotation id="54" key="__details__" value="move%20-r%200%201.999697%200%20%3B" /><annotation id="55" key="__snapshot__" value="0" /><add id="17" objectId="17" parentObjId="" parentObjType="" what="plugin_data"><plugin_data data="218364:230381" id="17" /></add></action><action date="2009-06-19 10:17:05" id="19" prevId="18" prune="0" session="0" user="stevec"><annotation id="56" key="__description__" value="move " /><annotation id="57" key="__details__" value="move%20-r%200%202.105273%200%20%3B" /><annotation id="58" key="__snapshot__" value="0" /><add id="18" objectId="18" parentObjId="" parentObjType="" what="plugin_data"><plugin_data data="230381:242396" id="18" /></add></action><action date="2009-06-19 10:17:11" id="20" prevId="19" prune="0" session="0" user="stevec"><annotation id="59" key="__description__" value="move " /><annotation id="60" key="__details__" value="move%20-r%200%200.849034%200%20%3B" /><annotation id="61" key="__snapshot__" value="0" /><add id="19" objectId="19" parentObjId="" parentObjType="" what="plugin_data"><plugin_data data="242396:257191" id="19" /></add></action><action date="2009-06-19 10:17:14" id="21" prevId="20" prune="0" session="0" user="stevec"><annotation id="62" key="__description__" value="move " /><annotation id="63" key="__details__" value="move%20-r%200%200.917381%200%20%3B" /><annotation id="64" key="__snapshot__" value="0" /><add id="20" objectId="20" parentObjId="" parentObjType="" what="plugin_data"><plugin_data data="257191:274048" id="20" /></add></action><action date="2009-06-19 10:17:19" id="22" prevId="21" prune="0" session="0" user="stevec"><annotation id="65" key="__description__" value="move " /><annotation id="66" key="__details__" value="move%20-r%200%200.510044%200%20%3B" /><annotation id="67" key="__snapshot__" value="0" /><add id="21" objectId="21" parentObjId="" parentObjType="" what="plugin_data"><plugin_data data="274048:289308" id="21" /></add></action><action date="2009-06-19 10:17:22" id="23" prevId="22" prune="0" session="0" user="stevec"><annotation id="68" key="__description__" value="move " /><annotation id="69" key="__details__" value="move%20-r%200%20-0.450793%200%20%3B" /><annotation id="70" key="__snapshot__" value="0" /><add id="22" objectId="22" parentObjId="" parentObjType="" what="plugin_data"><plugin_data data="289308:303882" id="22" /></add></action><action date="2009-06-19 10:17:30" id="24" prevId="23" prune="0" session="0" user="stevec"><annotation id="71" key="__description__" value="move " /><annotation id="72" key="__details__" value="move%20-r%200%201.171437%200%20%3B" /><annotation id="73" key="__snapshot__" value="0" /><add id="23" objectId="23" parentObjId="" parentObjType="" what="plugin_data"><plugin_data data="303882:317415" id="23" /></add></action><action date="2009-06-19 10:17:34" id="25" prevId="24" prune="0" session="0" user="stevec"><annotation id="74" key="__description__" value="move " /><annotation id="75" key="__details__" value="move%20-r%200%200.882661%200%20%3B" /><annotation id="76" key="__snapshot__" value="0" /><add id="24" objectId="24" parentObjId="" parentObjType="" what="plugin_data"><plugin_data data="317415:333612" id="24" /></add></action><action date="2009-06-19 10:17:37" id="26" prevId="25" prune="0" session="0" user="stevec"><annotation id="77" key="__description__" value="move " /><annotation id="78" key="__details__" value="move%20-r%200%20-0.434353%200%20%3B" /><annotation id="79" key="__snapshot__" value="0" /><add id="25" objectId="25" parentObjId="" parentObjType="" what="plugin_data"><plugin_data data="333612:348660" id="25" /></add></action><action date="2009-06-19 10:17:42" id="27" prevId="26" prune="0" session="0" user="stevec"><annotation id="80" key="__description__" value="move " /><annotation id="81" key="__details__" value="move%20-r%200%20-0.931974%200%20%3B" /><annotation id="82" key="__snapshot__" value="0" /><add id="26" objectId="26" parentObjId="" parentObjType="" what="plugin_data"><plugin_data data="348660:362710" id="26" /></add></action><action date="2009-06-19 10:17:48" id="28" prevId="27" prune="0" session="0" user="stevec"><annotation id="83" key="__description__" value="move " /><annotation id="84" key="__details__" value="move%20-r%200%201.438262%200%20%3B" /><annotation id="85" key="__snapshot__" value="0" /><add id="27" objectId="27" parentObjId="" parentObjType="" what="plugin_data"><plugin_data data="362710:376262" id="27" /></add></action><action date="2009-06-19 10:17:53" id="29" prevId="28" prune="0" session="0" user="stevec"><annotation id="86" key="__description__" value="move " /><annotation id="87" key="__details__" value="move%20-r%200%20-0.461679%200%20%3B" /><annotation id="88" key="__snapshot__" value="0" /><add id="28" objectId="28" parentObjId="" parentObjType="" what="plugin_data"><plugin_data data="376262:390850" id="28" /></add></action><action date="2009-06-19 10:18:21" id="30" prevId="29" prune="0" session="0" user="stevec"><annotation id="89" key="__description__" value="move " /><annotation id="90" key="__details__" value="move%20-r%200%200%201.579677%20%3B" /><annotation id="91" key="__snapshot__" value="0" /><add id="29" objectId="29" parentObjId="" parentObjType="" what="plugin_data"><plugin_data data="390850:404868" id="29" /></add></action><action date="2009-06-19 10:18:46" id="31" prevId="30" prune="0" session="0" user="stevec"><annotation id="92" key="__description__" value="rotate " /><annotation id="93" key="__details__" value="rotate%20-r%20-os%200%200%20-21.99613%20%3B" /><annotation id="94" key="__snapshot__" value="0" /><add id="30" objectId="30" parentObjId="" parentObjType="" what="plugin_data"><plugin_data data="404868:418324" id="30" /></add></action><action date="2009-06-19 10:18:53" id="32" prevId="31" prune="0" session="0" user="stevec"><annotation id="95" key="__description__" value="rotate " /><annotation id="96" key="__details__" value="rotate%20-r%20-os%200%200%20-2.259598%20%3B" /><annotation id="97" key="__snapshot__" value="0" /><add id="31" objectId="31" parentObjId="" parentObjType="" what="plugin_data"><plugin_data data="418324:431154" id="31" /></add></action><action date="2009-06-19 10:19:32" id="33" prevId="32" prune="0" session="0" user="stevec"><annotation id="98" key="__description__" value="CreateNURBSSphere" /><annotation id="99" key="__details__" value="sphere%20-p%200%200%200%20-ax%200%201%200%20-ssw%200%20-esw%20360%20-r%201%20-d%203%20-ut%200%20-tol%200.01%20-s%208%20-nsp%204%20-ch%201%3BobjectMoveCommand%3B" /><annotation id="100" key="__snapshot__" value="0" /><add id="32" objectId="32" parentObjId="" parentObjType="" what="plugin_data"><plugin_data data="431154:448638" id="32" /></add></action><action date="2009-06-19 10:19:41" id="34" prevId="33" prune="0" session="0" user="stevec"><annotation id="101" key="__description__" value="move " /><annotation id="102" key="__details__" value="move%20-r%200%205.854657%200%20%3B" /><annotation id="103" key="__snapshot__" value="0" /><add id="33" objectId="33" parentObjId="" parentObjType="" what="plugin_data"><plugin_data data="448638:460527" id="33" /></add></action><action date="2009-06-19 10:19:44" id="35" prevId="34" prune="0" session="0" user="stevec"><annotation id="104" key="__description__" value="move " /><annotation id="105" key="__details__" value="move%20-r%20-5.837249%200%200%20%3B" /><annotation id="106" key="__snapshot__" value="0" /><add id="34" objectId="34" parentObjId="" parentObjType="" what="plugin_data"><plugin_data data="460527:472419" id="34" /></add></action><action date="2009-06-19 10:19:53" id="36" prevId="35" prune="0" session="0" user="stevec"><annotation id="107" key="__description__" value="move " /><annotation id="108" key="__details__" value="move%20-r%200%20-0.323286%200%20%3B" /><annotation id="109" key="__snapshot__" value="0" /><add id="35" objectId="35" parentObjId="" parentObjType="" what="plugin_data"><plugin_data data="472419:486074" id="35" /></add></action><action date="2009-06-19 10:19:55" id="37" prevId="36" prune="0" session="0" user="stevec"><annotation id="110" key="__description__" value="move " /><annotation id="111" key="__details__" value="move%20-r%200.101586%200%200%20%3B" /><annotation id="112" key="__snapshot__" value="0" /><add id="36" objectId="36" parentObjId="" parentObjType="" what="plugin_data"><plugin_data data="486074:498119" id="36" /></add></action><action date="2009-06-19 10:19:57" id="38" prevId="37" prune="0" session="0" user="stevec"><annotation id="113" key="__description__" value="move " /><annotation id="114" key="__details__" value="move%20-r%200%200%20-0.633906%20%3B" /><annotation id="115" key="__snapshot__" value="0" /><add id="37" objectId="37" parentObjId="" parentObjType="" what="plugin_data"><plugin_data data="498119:510183" id="37" /></add></action><action date="2009-06-19 10:20:00" id="39" prevId="38" prune="0" session="0" user="stevec"><annotation id="116" key="__description__" value="move " /><annotation id="117" key="__details__" value="move%20-r%20-0.334805%200%200%20%3B" /><annotation id="118" key="__snapshot__" value="0" /><add id="38" objectId="38" parentObjId="" parentObjType="" what="plugin_data"><plugin_data data="510183:527119" id="38" /></add></action><action date="2009-06-19 10:20:02" id="40" prevId="39" prune="0" session="0" user="stevec"><annotation id="119" key="__description__" value="move " /><annotation id="120" key="__details__" value="move%20-r%200%200.314222%200%20%3B" /><annotation id="121" key="__snapshot__" value="0" /><add id="39" objectId="39" parentObjId="" parentObjType="" what="plugin_data"><plugin_data data="527119:544415" id="39" /></add></action><action date="2009-06-19 10:20:06" id="41" prevId="40" prune="0" session="0" user="stevec"><annotation id="122" key="__description__" value="move " /><annotation id="123" key="__details__" value="move%20-r%200%200%20-0.587883%20%3B" /><annotation id="124" key="__snapshot__" value="0" /><add id="40" objectId="40" parentObjId="" parentObjType="" what="plugin_data"><plugin_data data="544415:556442" id="40" /></add></action><action date="2009-06-19 10:20:10" id="42" prevId="41" prune="0" session="0" user="stevec"><annotation id="125" key="__description__" value="move " /><annotation id="126" key="__details__" value="move%20-r%20-0.396785%200%200%20%3B" /><annotation id="127" key="__snapshot__" value="0" /><add id="41" objectId="41" parentObjId="" parentObjType="" what="plugin_data"><plugin_data data="556442:568725" id="41" /></add></action><action date="2009-06-19 10:20:12" id="43" prevId="42" prune="0" session="0" user="stevec"><annotation id="128" key="__description__" value="move " /><annotation id="129" key="__details__" value="move%20-r%200%20-0.265984%200%20%3B" /><annotation id="130" key="__snapshot__" value="0" /><add id="42" objectId="42" parentObjId="" parentObjType="" what="plugin_data"><plugin_data data="568725:581046" id="42" /></add></action><action date="2009-06-19 10:20:15" id="44" prevId="43" prune="0" session="0" user="stevec"><annotation id="131" key="__description__" value="move " /><annotation id="132" key="__details__" value="move%20-r%200%20-0.159003%200%20%3B" /><annotation id="133" key="__snapshot__" value="0" /><add id="43" objectId="43" parentObjId="" parentObjType="" what="plugin_data"><plugin_data data="581046:596939" id="43" /></add></action><action date="2009-06-19 10:20:22" id="45" prevId="44" prune="0" session="0" user="stevec"><annotation id="134" key="__description__" value="move " /><annotation id="135" key="__details__" value="move%20-r%200.584551%200%200%20%3B" /><annotation id="136" key="__snapshot__" value="0" /><add id="44" objectId="44" parentObjId="" parentObjType="" what="plugin_data"><plugin_data data="596939:611067" id="44" /></add></action><action date="2009-06-19 10:20:25" id="46" prevId="45" prune="0" session="0" user="stevec"><annotation id="137" key="__description__" value="move " /><annotation id="138" key="__details__" value="move%20-r%200%200%200.238107%20%3B" /><annotation id="139" key="__snapshot__" value="0" /><add id="45" objectId="45" parentObjId="" parentObjType="" what="plugin_data"><plugin_data data="611067:623739" id="45" /></add></action><action date="2009-06-19 10:20:34" id="47" prevId="46" prune="0" session="0" user="stevec"><annotation id="140" key="__description__" value="move " /><annotation id="141" key="__details__" value="move%20-r%200%200.285889%200%20%3B" /><annotation id="142" key="__snapshot__" value="0" /><add id="46" objectId="46" parentObjId="" parentObjType="" what="plugin_data"><plugin_data data="623739:637533" id="46" /></add></action><action date="2009-06-19 10:20:43" id="48" prevId="47" prune="0" session="0" user="stevec"><annotation id="143" key="__description__" value="move " /><annotation id="144" key="__details__" value="move%20-r%200.681168%200%200%20%3B" /><annotation id="145" key="__snapshot__" value="0" /><add id="47" objectId="47" parentObjId="" parentObjType="" what="plugin_data"><plugin_data data="637533:650845" id="47" /></add></action><action date="2009-06-19 10:20:48" id="49" prevId="48" prune="0" session="0" user="stevec"><annotation id="146" key="__description__" value="move " /><annotation id="147" key="__details__" value="move%20-r%200%20-0.187471%200%20%3B" /><annotation id="148" key="__snapshot__" value="0" /><add id="48" objectId="48" parentObjId="" parentObjType="" what="plugin_data"><plugin_data data="650845:663183" id="48" /></add></action><action date="2009-06-19 10:20:51" id="50" prevId="49" prune="0" session="0" user="stevec"><annotation id="149" key="__description__" value="move " /><annotation id="150" key="__details__" value="move%20-r%200%200.202906%200%20%3B" /><annotation id="151" key="__snapshot__" value="0" /><add id="49" objectId="49" parentObjId="" parentObjType="" what="plugin_data"><plugin_data data="663183:678056" id="49" /></add></action><action date="2009-06-19 10:20:51" id="51" prevId="50" prune="0" session="0" user="stevec"><annotation id="152" key="__description__" value="Snapshot" /><annotation id="153" key="__snapshot__" value="1" /><annotation id="305" key="__notes__" value="&lt;!DOCTYPE HTML PUBLIC &quot;-//W3C//DTD HTML 4.0//EN&quot; &quot;http://www.w3.org/TR/REC-html40/strict.dtd&quot;&gt;
&lt;html&gt;&lt;head&gt;&lt;meta name=&quot;qrichtext&quot; content=&quot;1&quot; /&gt;&lt;style type=&quot;text/css&quot;&gt;
p, li { white-space: pre-wrap; }
&lt;/style&gt;&lt;/head&gt;&lt;body style=&quot; font-family:&apos;Arial&apos;; font-size:11pt; font-weight:400; font-style:normal;&quot;&gt;
&lt;p style=&quot; margin-top:0px; margin-bottom:0px; margin-left:0px; margin-right:0px; -qt-block-indent:0; text-indent:0px;&quot;&gt;A simple scene is created with two Nurbs surfaces&lt;/p&gt;&lt;/body&gt;&lt;/html&gt;" /><add id="50" objectId="50" parentObjId="" parentObjType="" what="plugin_data"><plugin_data data="678056:690096" id="50" /></add></action><action date="2009-06-19 10:21:20" id="52" prevId="51" prune="0" session="0" user="stevec"><annotation id="154" key="__description__" value="CreatePassiveRigidBody" /><annotation id="155" key="__details__" value="rigidBody%20-passive%20-m%201%20-dp%200%20-sf%200.2%20-df%200.2%20-b%200.6%20-l%200%20-tf%20200%20-iv%200%200%200%20-iav%200%200%200%20-c%200%20-pc%200%20-i%200%200%200%20-imp%200%200%200%20-si%200%200%200%20-sio%20none%20%3B" /><annotation id="156" key="__snapshot__" value="0" /><add id="51" objectId="51" parentObjId="" parentObjType="" what="plugin_data"><plugin_data data="690096:713925" id="51" /></add></action><action date="2009-06-19 10:21:25" id="53" prevId="52" prune="0" session="0" user="stevec"><annotation id="157" key="__description__" value="CreateActiveRigidBody" /><annotation id="158" key="__details__" value="rigidBody%20-active%20-m%201%20-dp%200%20-sf%200.2%20-df%200.2%20-b%200.6%20-l%200%20-tf%20200%20-iv%200%200%200%20-iav%200%200%200%20-c%200%20-pc%200%20-i%200%200%200%20-imp%200%200%200%20-si%200%200%200%20-sio%20none%20%3B" /><annotation id="159" key="__snapshot__" value="0" /><add id="52" objectId="52" parentObjId="" parentObjType="" what="plugin_data"><plugin_data data="713925:736637" id="52" /></add></action><action date="2009-06-19 10:21:27" id="54" prevId="53" prune="1" session="0" user="stevec"><annotation id="160" key="__description__" value="Drag" /><annotation id="161" key="__details__" value="drag%20-pos%200%200%200%20-m%200.05%20-att%201%20-dx%200%20-dy%200%20-dz%200%20-ud%200%20%20-mxd%20-1%20%20-vsh%20none%20-vex%200%20-vof%200%200%200%20-vsw%20360%20-tsr%200.5%20%3B%0AconnectDynamic%20-f%20dragField1%20%20nurbsSphere1%3B" /><annotation id="162" key="__snapshot__" value="0" /><add id="53" objectId="53" parentObjId="" parentObjType="" what="plugin_data"><plugin_data data="736637:749857" id="53" /></add></action><action date="2009-06-19 10:21:48" id="55" prevId="54" prune="1" session="0" user="stevec"><annotation id="163" key="__description__" value="playButtonStart" /><annotation id="164" key="__details__" value="currentTime%2017%20%3B" /><annotation id="165" key="__snapshot__" value="0" /><add id="54" objectId="54" parentObjId="" parentObjType="" what="plugin_data"><plugin_data data="749857:764610" id="54" /></add></action><action date="2009-06-19 10:22:26" id="56" prevId="55" prune="1" session="0" user="stevec"><annotation id="166" key="__description__" value="playButtonStart" /><annotation id="167" key="__details__" value="currentTime%2016%20%3B" /><annotation id="168" key="__snapshot__" value="0" /><add id="55" objectId="55" parentObjId="" parentObjType="" what="plugin_data"><plugin_data data="764610:779592" id="55" /></add></action><action date="2009-06-19 10:24:04" id="57" prevId="53" prune="0" session="0" user="stevec"><annotation id="169" key="__description__" value="Gravity" /><annotation id="170" key="__details__" value="gravity%20-pos%200%200%200%20-m%209.8%20-att%200%20-dx%200%20-dy%20-1%20-dz%200%20%20-mxd%20-1%20%20-vsh%20none%20-vex%200%20-vof%200%200%200%20-vsw%20360%20-tsr%200.5%20%3B%0AconnectDynamic%20-f%20gravityField1%20%20nurbsSphere1%3B" /><annotation id="171" key="__snapshot__" value="0" /><add id="56" objectId="56" parentObjId="" parentObjType="" what="plugin_data"><plugin_data data="779592:792818" id="56" /></add></action><action date="2009-06-19 10:24:15" id="58" prevId="57" prune="0" session="0" user="stevec"><annotation id="172" key="__description__" value="setMaxPlayback " /><annotation id="173" key="__details__" value="currentTime%206%20%3B" /><annotation id="174" key="__snapshot__" value="0" /><add id="57" objectId="57" parentObjId="" parentObjType="" what="plugin_data"><plugin_data data="792818:804698" id="57" /></add></action><action date="2009-06-19 10:24:28" id="59" prevId="58" prune="0" session="0" user="stevec"><annotation id="175" key="__description__" value="playButtonStart" /><annotation id="176" key="__details__" value="currentTime%205%20%3B" /><annotation id="177" key="__snapshot__" value="0" /><annotation id="306" key="__notes__" value="&lt;!DOCTYPE HTML PUBLIC &quot;-//W3C//DTD HTML 4.0//EN&quot; &quot;http://www.w3.org/TR/REC-html40/strict.dtd&quot;&gt;
&lt;html&gt;&lt;head&gt;&lt;meta name=&quot;qrichtext&quot; content=&quot;1&quot; /&gt;&lt;style type=&quot;text/css&quot;&gt;
p, li { white-space: pre-wrap; }
&lt;/style&gt;&lt;/head&gt;&lt;body style=&quot; font-family:&apos;Arial&apos;; font-size:11pt; font-weight:400; font-style:normal;&quot;&gt;
&lt;p style=&quot; margin-top:0px; margin-bottom:0px; margin-left:0px; margin-right:0px; -qt-block-indent:0; text-indent:0px;&quot;&gt;The plane is set as a Passive Rigid Body and the sphere is set as an Active Rigid Body with a Gravity Field affecting it.&lt;/p&gt;&lt;/body&gt;&lt;/html&gt;" /><add id="58" objectId="58" parentObjId="" parentObjType="" what="plugin_data"><plugin_data data="804698:817993" id="58" /></add></action><action date="2009-06-19 10:26:05" id="60" prevId="59" prune="1" session="0" user="stevec"><annotation id="178" key="__description__" value="dynApplyCallback " /><annotation id="179" key="__details__" value="dynCreateSoft%200%200%201%200.75%201%3B" /><annotation id="180" key="__snapshot__" value="0" /><add id="59" objectId="59" parentObjId="" parentObjType="" what="plugin_data"><plugin_data data="817993:861727" id="59" /></add></action><action date="2009-06-19 10:26:18" id="61" prevId="60" prune="1" session="0" user="stevec"><annotation id="181" key="__description__" value="playButtonStart" /><annotation id="182" key="__snapshot__" value="0" /><add id="60" objectId="60" parentObjId="" parentObjType="" what="plugin_data"><plugin_data data="861727:875027" id="60" /></add></action><action date="2009-06-19 10:26:56" id="62" prevId="61" prune="1" session="0" user="stevec"><annotation id="183" key="__description__" value="HideSelectedObjects" /><annotation id="184" key="__snapshot__" value="0" /><add id="61" objectId="61" parentObjId="" parentObjType="" what="plugin_data"><plugin_data data="875027:887174" id="61" /></add></action><action date="2009-06-19 10:28:08" id="63" prevId="62" prune="1" session="0" user="stevec"><annotation id="185" key="__description__" value="dynApplyCallback " /><annotation id="186" key="__details__" value="collision%20-r%200%20-f%200%20-o%200.01%20%20nurbsPlane1%3B" /><annotation id="187" key="__snapshot__" value="0" /><add id="62" objectId="62" parentObjId="" parentObjType="" what="plugin_data"><plugin_data data="887174:900348" id="62" /></add></action><action date="2009-06-19 10:28:34" id="64" prevId="63" prune="1" session="0" user="stevec"><annotation id="188" key="__description__" value="select " /><annotation id="189" key="__snapshot__" value="0" /><add id="63" objectId="63" parentObjId="" parentObjType="" what="plugin_data"><plugin_data data="900348:913563" id="63" /></add></action><action date="2009-06-19 10:29:04" id="65" prevId="64" prune="1" session="0" user="stevec"><annotation id="190" key="__description__" value="connectDynamic " /><annotation id="191" key="__details__" value="connectDynamic%20-c%20nurbsPlaneShape1%20copyOfnurbsSphere1Particle%3B" /><annotation id="192" key="__snapshot__" value="0" /><add id="64" objectId="64" parentObjId="" parentObjType="" what="plugin_data"><plugin_data data="913563:927153" id="64" /></add></action><action date="2009-06-19 10:29:38" id="66" prevId="65" prune="1" session="0" user="stevec"><annotation id="193" key="__description__" value="connectDynamic " /><annotation id="194" key="__details__" value="connectDynamic%20-d%20-c%20nurbsPlaneShape1%20copyOfnurbsSphere1Particle%3B" /><annotation id="195" key="__snapshot__" value="0" /><add id="65" objectId="65" parentObjId="" parentObjType="" what="plugin_data"><plugin_data data="927153:940364" id="65" /></add></action><action date="2009-06-19 10:29:41" id="67" prevId="66" prune="1" session="0" user="stevec"><annotation id="196" key="__description__" value="connectDynamic " /><annotation id="197" key="__details__" value="connectDynamic%20-c%20nurbsPlaneShape1%20copyOfnurbsSphere1Particle%3B" /><annotation id="198" key="__snapshot__" value="0" /><add id="66" objectId="66" parentObjId="" parentObjType="" what="plugin_data"><plugin_data data="940364:953563" id="66" /></add></action><action date="2009-06-19 10:30:01" id="68" prevId="67" prune="1" session="0" user="stevec"><annotation id="199" key="__description__" value="connectDynamic " /><annotation id="200" key="__details__" value="connectDynamic%20-d%20-c%20nurbsPlaneShape1%20copyOfnurbsSphere1Particle%3B" /><annotation id="201" key="__snapshot__" value="0" /><add id="67" objectId="67" parentObjId="" parentObjType="" what="plugin_data"><plugin_data data="953563:966774" id="67" /></add></action><action date="2009-06-19 10:30:09" id="69" prevId="68" prune="1" session="0" user="stevec"><annotation id="202" key="__description__" value="connectDynamic " /><annotation id="203" key="__details__" value="connectDynamic%20-c%20nurbsPlaneShape1%20copyOfnurbsSphere1Particle%3B" /><annotation id="204" key="__snapshot__" value="0" /><add id="68" objectId="68" parentObjId="" parentObjType="" what="plugin_data"><plugin_data data="966774:979973" id="68" /></add></action><action date="2009-06-19 10:30:20" id="70" prevId="69" prune="1" session="0" user="stevec"><annotation id="205" key="__description__" value="connectDynamic " /><annotation id="206" key="__details__" value="connectDynamic%20-d%20-c%20nurbsPlaneShape1%20copyOfnurbsSphere1Particle%3B" /><annotation id="207" key="__snapshot__" value="0" /><add id="69" objectId="69" parentObjId="" parentObjType="" what="plugin_data"><plugin_data data="979973:993184" id="69" /></add></action><action date="2009-06-19 10:30:22" id="71" prevId="70" prune="1" session="0" user="stevec"><annotation id="208" key="__description__" value="connectDynamic " /><annotation id="209" key="__details__" value="connectDynamic%20-c%20nurbsPlaneShape1%20copyOfnurbsSphere1Particle%3B" /><annotation id="210" key="__snapshot__" value="0" /><add id="70" objectId="70" parentObjId="" parentObjType="" what="plugin_data"><plugin_data data="993184:1006383" id="70" /></add></action><action date="2009-06-19 10:30:42" id="72" prevId="71" prune="1" session="0" user="stevec"><annotation id="211" key="__description__" value="playButtonStart" /><annotation id="212" key="__details__" value="currentTime%208%20%3B" /><annotation id="213" key="__snapshot__" value="0" /><add id="71" objectId="71" parentObjId="" parentObjType="" what="plugin_data"><plugin_data data="1006383:1019691" id="71" /></add></action><action date="2009-06-19 10:32:35" id="73" prevId="72" prune="1" session="0" user="stevec"><annotation id="214" key="__description__" value="PEapplyCB" /><annotation id="215" key="__details__" value="particle%20-i%201.0%20%3B%0AsetAttr%20particle1.inheritFactor%200%3B%0Aevent%20-em%2010%20-die%201%20-target%20particle1%20-spread%200.7%20-random%201%20-count%200%20copyOfnurbsSphere1Particle%3B" /><annotation id="216" key="__snapshot__" value="0" /><add id="72" objectId="72" parentObjId="" parentObjType="" what="plugin_data"><plugin_data data="1019691:1031587" id="72" /></add></action><action date="2009-06-19 10:33:43" id="74" prevId="73" prune="1" session="0" user="stevec"><annotation id="217" key="__description__" value="playButtonStart" /><annotation id="218" key="__details__" value="currentTime%203%20%3B" /><annotation id="219" key="__snapshot__" value="0" /><add id="73" objectId="73" parentObjId="" parentObjType="" what="plugin_data"><plugin_data data="1031587:1044878" id="73" /></add></action><action date="2009-06-19 10:33:51" id="75" prevId="74" prune="1" session="0" user="stevec"><annotation id="220" key="__description__" value="Snapshot" /><annotation id="221" key="__snapshot__" value="1" /><add id="74" objectId="74" parentObjId="" parentObjType="" what="plugin_data"><plugin_data data="1044878:1056829" id="74" /></add></action><action date="2009-06-19 10:35:14" id="76" prevId="75" prune="1" session="0" user="stevec"><annotation id="222" key="__description__" value="AffectSelectedObject" /><annotation id="223" key="__details__" value="connectDynamic%20-f%20gravityField1%20particle1%3B%20%3B%20" /><annotation id="224" key="__snapshot__" value="0" /><add id="75" objectId="75" parentObjId="" parentObjType="" what="plugin_data"><plugin_data data="1056829:1070760" id="75" /></add></action><action date="2009-06-19 10:35:40" id="77" prevId="76" prune="1" session="0" user="stevec"><annotation id="225" key="__description__" value="playButtonStart" /><annotation id="226" key="__details__" value="currentTime%2099%20%3B" /><annotation id="227" key="__snapshot__" value="0" /><add id="76" objectId="76" parentObjId="" parentObjType="" what="plugin_data"><plugin_data data="1070760:1085077" id="76" /></add></action><action date="2009-06-19 10:40:54" id="78" prevId="62" prune="1" session="0" user="stevec"><annotation id="228" key="__description__" value="playButtonStart" /><annotation id="229" key="__details__" value="currentTime%20100%20%3B%0AcurrentTime%2069%20%3B" /><annotation id="230" key="__snapshot__" value="0" /><add id="77" objectId="77" parentObjId="" parentObjType="" what="plugin_data"><plugin_data data="1085077:1098395" id="77" /></add></action><action date="2009-06-19 10:41:25" id="79" prevId="63" prune="1" session="0" user="stevec"><annotation id="231" key="__description__" value="select " /><annotation id="232" key="__snapshot__" value="0" /><add id="78" objectId="78" parentObjId="" parentObjType="" what="plugin_data"><plugin_data data="1098395:1111658" id="78" /></add></action><action date="2009-06-19 10:43:21" id="80" prevId="77" prune="1" session="0" user="stevec"><annotation id="233" key="__description__" value="playButtonStart" /><annotation id="234" key="__details__" value="currentTime%2092%20%3B" /><annotation id="235" key="__snapshot__" value="0" /><add id="79" objectId="79" parentObjId="" parentObjType="" what="plugin_data"><plugin_data data="1111658:1124986" id="79" /></add></action><action date="2009-06-19 10:51:15" id="81" prevId="58" prune="1" session="0" user="stevec"><annotation id="236" key="__description__" value="playButtonStart" /><annotation id="237" key="__details__" value="currentTime%2030%20%3B" /><annotation id="238" key="__snapshot__" value="0" /><add id="80" objectId="80" parentObjId="" parentObjType="" what="plugin_data"><plugin_data data="1124986:1138321" id="80" /></add></action><action date="2009-06-19 10:51:39" id="82" prevId="60" prune="1" session="0" user="stevec"><annotation id="239" key="__description__" value="playButtonStart" /><annotation id="240" key="__details__" value="currentTime%2034%20%3B" /><annotation id="241" key="__snapshot__" value="0" /><add id="81" objectId="81" parentObjId="" parentObjType="" what="plugin_data"><plugin_data data="1138321:1151661" id="81" /></add></action><action date="2009-06-19 10:52:27" id="83" prevId="63" prune="1" session="0" user="stevec"><annotation id="242" key="__description__" value="playButtonStart" /><annotation id="243" key="__details__" value="currentTime%2086%20%3B" /><annotation id="244" key="__snapshot__" value="0" /><add id="82" objectId="82" parentObjId="" parentObjType="" what="plugin_data"><plugin_data data="1151661:1164994" id="82" /></add></action><action date="2009-06-19 10:52:58" id="84" prevId="72" prune="1" session="0" user="stevec"><annotation id="245" key="__description__" value="playButtonStart" /><annotation id="246" key="__details__" value="currentTime%2098%20%3B" /><annotation id="247" key="__snapshot__" value="0" /><add id="83" objectId="83" parentObjId="" parentObjType="" what="plugin_data"><plugin_data data="1164994:1178342" id="83" /></add></action><action date="2009-06-19 11:49:42" id="85" prevId="59" prune="1" session="0" user="stevec"><annotation id="248" key="__description__" value="dynApplyCallback " /><annotation id="249" key="__details__" value="file%20-f%20-save%20-options%20%22v%3D0%3Bp%3D17%22%20-type%20%22mayaBinary%22%3B%0Afile%20-f%20-save%20-options%20%22v%3D0%3Bp%3D17%22%20-type%20%22mayaAscii%22%3B%0Afile%20-f%20-save%20-options%20%22v%3D0%3Bp%3D17%22%20-type%20%22mayaAscii%22%3B%0AdynCreateSoft%200%200%201%200.75%201%3B" /><annotation id="250" key="__snapshot__" value="0" /><add id="84" objectId="84" parentObjId="" parentObjType="" what="plugin_data"><plugin_data data="1178342:1222656" id="84" /></add></action><action date="2009-06-19 12:06:04" id="86" prevId="59" prune="1" session="1" user="stevec"><annotation id="251" key="__description__" value="dynApplyCallback " /><annotation id="252" key="__details__" value="dynCreateSoft%200%200%201%200.75%201%3B" /><annotation id="253" key="__snapshot__" value="0" /><add id="85" objectId="85" parentObjId="" parentObjType="" what="plugin_data"><plugin_data data="1222656:1234512" id="85" /></add></action><action date="2009-06-19 12:10:35" id="87" prevId="59" prune="0" session="2" user="stevec"><annotation id="254" key="__description__" value="dynApplyCallback " /><annotation id="255" key="__details__" value="dynCreateSoft%200%200%201%200.75%201%3B" /><annotation id="256" key="__snapshot__" value="0" /><annotation id="307" key="__notes__" value="&lt;!DOCTYPE HTML PUBLIC &quot;-//W3C//DTD HTML 4.0//EN&quot; &quot;http://www.w3.org/TR/REC-html40/strict.dtd&quot;&gt;
&lt;html&gt;&lt;head&gt;&lt;meta name=&quot;qrichtext&quot; content=&quot;1&quot; /&gt;&lt;style type=&quot;text/css&quot;&gt;
p, li { white-space: pre-wrap; }
&lt;/style&gt;&lt;/head&gt;&lt;body style=&quot; font-family:&apos;Arial&apos;; font-size:11pt; font-weight:400; font-style:normal;&quot;&gt;
&lt;p style=&quot; margin-top:0px; margin-bottom:0px; margin-left:0px; margin-right:0px; -qt-block-indent:0; text-indent:0px;&quot;&gt;The sphere is now changed to a soft body with particles that will crumble as it hits the ground plane.&lt;/p&gt;&lt;/body&gt;&lt;/html&gt;" /><add id="86" objectId="86" parentObjId="" parentObjType="" what="plugin_data"><plugin_data data="1234512:1246725" id="86" /></add></action><action date="2009-06-19 12:14:44" id="88" prevId="87" prune="1" session="2" user="stevec"><annotation id="257" key="__description__" value="CreatePolygonSphere" /><annotation id="258" key="__details__" value="file%20-f%20-save%20-options%20%22v%3D0%3Bp%3D17%22%20-type%20%22mayaAscii%22%3B%0ACreatePolygonSphere%3B%0ApolySphere%20-r%201%20-sx%2020%20-sy%2020%20-ax%200%201%200%20-cuv%202%20-ch%201%3B" /><annotation id="259" key="__snapshot__" value="0" /><add id="87" objectId="87" parentObjId="" parentObjType="" what="plugin_data"><plugin_data data="1246725:1309010" id="87" /></add></action><action date="2009-06-19 12:15:20" id="89" prevId="87" prune="0" session="2" user="stevec"><annotation id="260" key="__description__" value="HideSelectedObjects" /><annotation id="261" key="__snapshot__" value="0" /><add id="88" objectId="88" parentObjId="" parentObjType="" what="plugin_data"><plugin_data data="1309010:1321197" id="88" /></add></action><action date="2009-06-19 12:15:55" id="90" prevId="89" prune="0" session="2" user="stevec"><annotation id="262" key="__description__" value="dynApplyCallback " /><annotation id="263" key="__details__" value="collision%20-r%200%20-f%200%20-o%200.01%20%20nurbsPlane1%3B" /><annotation id="264" key="__snapshot__" value="0" /><annotation id="308" key="__notes__" value="&lt;!DOCTYPE HTML PUBLIC &quot;-//W3C//DTD HTML 4.0//EN&quot; &quot;http://www.w3.org/TR/REC-html40/strict.dtd&quot;&gt;
&lt;html&gt;&lt;head&gt;&lt;meta name=&quot;qrichtext&quot; content=&quot;1&quot; /&gt;&lt;style type=&quot;text/css&quot;&gt;
p, li { white-space: pre-wrap; }
&lt;/style&gt;&lt;/head&gt;&lt;body style=&quot; font-family:&apos;Arial&apos;; font-size:11pt; font-weight:400; font-style:normal;&quot;&gt;
&lt;p style=&quot; margin-top:0px; margin-bottom:0px; margin-left:0px; margin-right:0px; -qt-block-indent:0; text-indent:0px;&quot;&gt;The particles of the soft rigid body are assigned to collide with the ground plane.&lt;/p&gt;&lt;/body&gt;&lt;/html&gt;" /><add id="89" objectId="89" parentObjId="" parentObjType="" what="plugin_data"><plugin_data data="1321197:1334411" id="89" /></add></action><action date="2009-06-19 12:16:10" id="91" prevId="90" prune="1" session="2" user="stevec"><annotation id="265" key="__description__" value="playButtonStart" /><annotation id="266" key="__details__" value="currentTime%2078%20%3B" /><annotation id="267" key="__snapshot__" value="0" /><add id="90" objectId="90" parentObjId="" parentObjType="" what="plugin_data"><plugin_data data="1334411:1348137" id="90" /></add></action><action date="2009-06-19 12:16:46" id="92" prevId="90" prune="0" session="2" user="stevec"><annotation id="268" key="__description__" value="select " /><annotation id="269" key="__snapshot__" value="0" /><add id="91" objectId="91" parentObjId="" parentObjType="" what="plugin_data"><plugin_data data="1348137:1361400" id="91" /></add></action><action date="2009-06-19 12:16:57" id="93" prevId="92" prune="0" session="2" user="stevec"><annotation id="270" key="__description__" value="connectDynamic " /><annotation id="271" key="__details__" value="connectDynamic%20-f%20gravityField1%20nurbsPlane1%3B" /><annotation id="272" key="__snapshot__" value="0" /><add id="92" objectId="92" parentObjId="" parentObjType="" what="plugin_data"><plugin_data data="1361400:1373765" id="92" /></add></action><action date="2009-06-19 12:17:03" id="94" prevId="93" prune="0" session="2" user="stevec"><annotation id="273" key="__description__" value="connectDynamic " /><annotation id="274" key="__details__" value="connectDynamic%20-c%20nurbsPlaneShape1%20copyOfnurbsSphere1Particle%3B" /><annotation id="275" key="__snapshot__" value="0" /><add id="93" objectId="93" parentObjId="" parentObjType="" what="plugin_data"><plugin_data data="1373765:1387395" id="93" /></add></action><action date="2009-06-19 12:17:08" id="95" prevId="94" prune="0" session="2" user="stevec"><annotation id="276" key="__description__" value="connectDynamic " /><annotation id="277" key="__details__" value="connectDynamic%20-d%20-c%20nurbsPlaneShape1%20copyOfnurbsSphere1Particle%3B" /><annotation id="278" key="__snapshot__" value="0" /><add id="94" objectId="94" parentObjId="" parentObjType="" what="plugin_data"><plugin_data data="1387395:1400646" id="94" /></add></action><action date="2009-06-19 12:17:09" id="96" prevId="95" prune="0" session="2" user="stevec"><annotation id="279" key="__description__" value="connectDynamic " /><annotation id="280" key="__details__" value="connectDynamic%20-c%20nurbsPlaneShape1%20copyOfnurbsSphere1Particle%3B" /><annotation id="281" key="__snapshot__" value="0" /><add id="95" objectId="95" parentObjId="" parentObjType="" what="plugin_data"><plugin_data data="1400646:1413885" id="95" /></add></action><action date="2009-06-19 12:17:23" id="97" prevId="96" prune="0" session="2" user="stevec"><annotation id="282" key="__description__" value="playButtonStart" /><annotation id="283" key="__details__" value="currentTime%202%20%3B" /><annotation id="284" key="__snapshot__" value="0" /><annotation id="311" key="__notes__" value="&lt;!DOCTYPE HTML PUBLIC &quot;-//W3C//DTD HTML 4.0//EN&quot; &quot;http://www.w3.org/TR/REC-html40/strict.dtd&quot;&gt;
&lt;html&gt;&lt;head&gt;&lt;meta name=&quot;qrichtext&quot; content=&quot;1&quot; /&gt;&lt;style type=&quot;text/css&quot;&gt;
p, li { white-space: pre-wrap; }
&lt;/style&gt;&lt;/head&gt;&lt;body style=&quot; font-family:&apos;Arial&apos;; font-size:11pt; font-weight:400; font-style:normal;&quot;&gt;
&lt;p style=&quot; margin-top:0px; margin-bottom:0px; margin-left:0px; margin-right:0px; -qt-block-indent:0; text-indent:0px;&quot;&gt;The Dynamic Relationship Editor is used to connect the soft body&apos;s particles collision to the ground plane.&lt;/p&gt;&lt;/body&gt;&lt;/html&gt;" /><add id="96" objectId="96" parentObjId="" parentObjType="" what="plugin_data"><plugin_data data="1413885:1427626" id="96" /></add></action><action date="2009-06-19 12:18:37" id="98" prevId="97" prune="1" session="2" user="stevec"><annotation id="285" key="__description__" value="PEapplyCB" /><annotation id="286" key="__details__" value="particle%20-i%201.0%20%3B%0AsetAttr%20particle1.inheritFactor%200%3B%0Aevent%20-em%2010%20-die%201%20-target%20particle1%20-spread%200.709%20-random%201%20-count%200%20copyOfnurbsSphere1Particle%3B" /><annotation id="287" key="__snapshot__" value="0" /><add id="97" objectId="97" parentObjId="" parentObjType="" what="plugin_data"><plugin_data data="1427626:1439544" id="97" /></add></action><action date="2009-06-19 12:19:01" id="99" prevId="98" prune="1" session="2" user="stevec"><annotation id="288" key="__description__" value="playButtonStart" /><annotation id="289" key="__details__" value="currentTime%2010%20%3B" /><annotation id="290" key="__snapshot__" value="0" /><add id="98" objectId="98" parentObjId="" parentObjType="" what="plugin_data"><plugin_data data="1439544:1453429" id="98" /></add></action><action date="2009-06-19 12:20:02" id="100" prevId="97" prune="1" session="2" user="stevec"><annotation id="291" key="__description__" value="PEapplyCB" /><annotation id="292" key="__details__" value="particle%20-i%201.0%20%3B%0AsetAttr%20particle1.inheritFactor%200%3B%0Aevent%20-em%2010%20-die%201%20-target%20particle1%20-spread%200.5%20-random%201%20-count%200%20copyOfnurbsSphere1Particle%3B" /><annotation id="293" key="__snapshot__" value="0" /><add id="99" objectId="99" parentObjId="" parentObjType="" what="plugin_data"><plugin_data data="1453429:1465345" id="99" /></add></action><action date="2009-06-19 12:31:27" id="101" prevId="97" prune="0" session="3" user="stevec"><annotation id="294" key="__description__" value="PEapplyCB" /><annotation id="295" key="__details__" value="particle%20-i%201.0%20%3B%0AsetAttr%20particle1.inheritFactor%200%3B%0Aevent%20-em%2010%20-die%201%20-target%20particle1%20-spread%200.75%20-random%201%20-count%200%20copyOfnurbsSphere1Particle%3B" /><annotation id="296" key="__snapshot__" value="0" /><annotation id="310" key="__notes__" value="&lt;!DOCTYPE HTML PUBLIC &quot;-//W3C//DTD HTML 4.0//EN&quot; &quot;http://www.w3.org/TR/REC-html40/strict.dtd&quot;&gt;
&lt;html&gt;&lt;head&gt;&lt;meta name=&quot;qrichtext&quot; content=&quot;1&quot; /&gt;&lt;style type=&quot;text/css&quot;&gt;
p, li { white-space: pre-wrap; }
&lt;/style&gt;&lt;/head&gt;&lt;body style=&quot; font-family:&apos;Arial&apos;; font-size:11pt; font-weight:400; font-style:normal;&quot;&gt;
&lt;p style=&quot; margin-top:0px; margin-bottom:0px; margin-left:0px; margin-right:0px; -qt-block-indent:0; text-indent:0px;&quot;&gt;Using the Particles Collision Event Editor, the particles are set to emit randomly and die off.&lt;/p&gt;&lt;/body&gt;&lt;/html&gt;" /><add id="100" objectId="100" parentObjId="" parentObjType="" what="plugin_data"><plugin_data data="1465345:1484435" id="100" /></add></action><action date="2009-06-19 13:02:55" id="102" prevId="101" prune="1" session="4" user="stevec"><annotation id="297" key="__description__" value="playButtonStart" /><annotation id="298" key="__details__" value="updateRendererUI%3B%0AcurrentTime%2015%20%3B" /><annotation id="299" key="__snapshot__" value="0" /><add id="101" objectId="101" parentObjId="" parentObjType="" what="plugin_data"><plugin_data data="1484435:1497746" id="101" /></add></action><action date="2009-06-19 13:03:53" id="103" prevId="101" prune="1" session="4" user="stevec"><annotation id="300" key="__description__" value="AffectSelectedObject" /><annotation id="301" key="__details__" value="connectDynamic%20-f%20gravityField1%20particle1%3B%20%3B%20" /><annotation id="302" key="__snapshot__" value="0" /><add id="102" objectId="102" parentObjId="" parentObjType="" what="plugin_data"><plugin_data data="1497746:1512947" id="102" /></add></action><action date="2009-06-19 13:04:10" id="104" prevId="101" prune="0" session="4" user="stevec"><annotation id="303" key="__description__" value="Snapshot" /><annotation id="304" key="__snapshot__" value="1" /><annotation id="313" key="__notes__" value="&lt;!DOCTYPE HTML PUBLIC &quot;-//W3C//DTD HTML 4.0//EN&quot; &quot;http://www.w3.org/TR/REC-html40/strict.dtd&quot;&gt;
&lt;html&gt;&lt;head&gt;&lt;meta name=&quot;qrichtext&quot; content=&quot;1&quot; /&gt;&lt;style type=&quot;text/css&quot;&gt;
p, li { white-space: pre-wrap; }
&lt;/style&gt;&lt;/head&gt;&lt;body style=&quot; font-family:&apos;Arial&apos;; font-size:11pt; font-weight:400; font-style:normal;&quot;&gt;
&lt;p style=&quot; margin-top:0px; margin-bottom:0px; margin-left:0px; margin-right:0px; -qt-block-indent:0; text-indent:0px;&quot;&gt;he result is an animation of a rock falling down a ground plane emitting particles with each bounce.&lt;/p&gt;&lt;/body&gt;&lt;/html&gt;" /><add id="103" objectId="103" parentObjId="" parentObjType="" what="plugin_data"><plugin_data data="1512947:1524898" id="103" /></add></action><tag id="104" name="Finished Animation" /><tag id="51" name="Create Scene" /><tag id="59" name="Simple Dynamics" /><tag id="87" name="Soft Body " /><tag id="101" name="Particle Collision Event" /><tag id="90" name="Particle Collision Setup" /><tag id="97" name="Connect Dynamics Collision" /><annotation id="0" key="__get_plugin_app_info__" value="maya" /><annotation id="1" key="__get_plugin_version_info__" value="2009" /></vistrail>