<vistrail id="" name="" version="0.9.3" xmlns:xsi="http://www.w3.org/2001/XMLSchema-instance" xsi:schemaLocation="http://www.vistrails.org/vistrail.xsd"><action date="2009-06-18 16:02:53" id="1" prevId="0" prune="0" session="0" user="stevec"><annotation id="2" key="__description__" value="Open Scene..." /><annotation id="3" key="__details__" value="file%20-f%20-save%20-options%20%22v%3D0%3Bp%3D17%22%20-type%20%22mayaBinary%22%3B%0Afile%20-f%20-options%20%22v%3D0%3Bp%3D17%22%20%20-typ%20%22mayaBinary%22%20-o%20%22/Users/stevec/Documents/maya/projects/hair/scenes/head_refined.mb%22%3BaddRecentFile%28%22/Users/stevec/Documents/maya/projects/hair/scenes/head_refined.mb%22%2C%20%22mayaBinary%22%29%3B" /><annotation id="4" key="__snapshot__" value="0" /><add id="0" objectId="0" parentObjId="" parentObjType="" what="plugin_data"><plugin_data data="0:11989" id="0" /></add></action><action date="2009-06-18 16:07:49" id="2" prevId="1" prune="0" session="0" user="stevec"><annotation id="5" key="__description__" value="performPolyProjectionA..." /><annotation id="6" key="__details__" value="polyProjection%20-ch%201%20-type%20Cylindrical%20-ibd%20on%20-sf%20on%20%20polySurface3.f%5B38%5D%20polySurface3.f%5B47%3A50%5D%20polySurface3.f%5B70%3A73%5D%20polySurface3.f%5B86%3A93%5D%20polySurface3.f%5B136%3A139%5D%20polySurface3.f%5B279%3A282%5D%20polySurface3.f%5B714%3A715%5D%20polySurface3.f%5B718%3A815%5D%20polySurface3.f%5B817%5D%20polySurface3.f%5B1332%3A1347%5D%20polySurface3.f%5B1705%3A1706%5D%20polySurface3.f%5B1709%3A1710%5D%20polySurface3.f%5B1713%3A1714%5D%20polySurface3.f%5B1717%3A1718%5D%20polySurface3.f%5B1721%3A1722%5D%20polySurface3.f%5B1725%5D%20polySurface3.f%5B1728%5D%20polySurface3.f%5B1730%3A1731%5D%20polySurface3.f%5B1733%3A1734%5D%20polySurface3.f%5B1737%5D%20polySurface3.f%5B1820%3A1821%5D%20polySurface3.f%5B1824%3A1827%5D%20polySurface3.f%5B1829%3A1831%5D%20polySurface3.f%5B1833%3A1834%5D%20polySurface3.f%5B1836%5D%20polySurface3.f%5B1839%3A1840%5D%20polySurface3.f%5B1843%3A1844%5D%20polySurface3.f%5B1847%5D%20polySurface3.f%5B1856%3A1879%5D%20polySurface3.f%5B1884%3A1903%5D%20polySurface3.f%5B1912%3A1952%5D%20polySurface3.f%5B2336%5D%20polySurface3.f%5B2345%3A2348%5D%20polySurface3.f%5B2368%3A2371%5D%20polySurface3.f%5B2384%3A2391%5D%20polySurface3.f%5B2434%3A2437%5D%20polySurface3.f%5B2577%3A2580%5D%20polySurface3.f%5B3013%3A3014%5D%20polySurface3.f%5B3016%3A3111%5D%20polySurface3.f%5B3113%3A3115%5D%20polySurface3.f%5B3630%3A3645%5D%20polySurface3.f%5B4004%3A4005%5D%20polySurface3.f%5B4008%3A4009%5D%20polySurface3.f%5B4012%3A4013%5D%20polySurface3.f%5B4016%3A4017%5D%20polySurface3.f%5B4020%3A4021%5D%20polySurface3.f%5B4025%3A4028%5D%20polySurface3.f%5B4032%3A4033%5D%20polySurface3.f%5B4037%5D%20polySurface3.f%5B4119%3A4120%5D%20polySurface3.f%5B4122%3A4127%5D%20polySurface3.f%5B4129%3A4131%5D%20polySurface3.f%5B4136%3A4137%5D%20polySurface3.f%5B4140%3A4141%5D%20polySurface3.f%5B4144%3A4145%5D%20polySurface3.f%5B4154%3A4177%5D%20polySurface3.f%5B4182%3A4201%5D%20polySurface3.f%5B4210%3A4250%5D%3B%0A%3B" /><annotation id="7" key="__snapshot__" value="0" /><annotation id="166" key="__notes__" value="&lt;!DOCTYPE HTML PUBLIC &quot;-//W3C//DTD HTML 4.0//EN&quot; &quot;http://www.w3.org/TR/REC-html40/strict.dtd&quot;&gt;
&lt;html&gt;&lt;head&gt;&lt;meta name=&quot;qrichtext&quot; content=&quot;1&quot; /&gt;&lt;style type=&quot;text/css&quot;&gt;
p, li { white-space: pre-wrap; }
&lt;/style&gt;&lt;/head&gt;&lt;body style=&quot; font-family:&apos;Arial&apos;; font-size:11pt; font-weight:400; font-style:normal;&quot;&gt;
&lt;p style=&quot; margin-top:0px; margin-bottom:0px; margin-left:0px; margin-right:0px; -qt-block-indent:0; text-indent:0px;&quot;&gt;Select the faces where the hair should go.  Then select Create UVs -&amp;gt; Cylindrical Mapping&lt;/p&gt;&lt;/body&gt;&lt;/html&gt;" /><add id="1" objectId="1" parentObjId="" parentObjType="" what="plugin_data"><plugin_data data="11989:31953" id="1" /></add></action><action date="2009-06-18 16:08:01" id="3" prevId="2" prune="0" session="0" user="stevec"><annotation id="8" key="__description__" value="setAttr " /><annotation id="9" key="__details__" value="setAttr%20%22polyCylProj1.rotateX%22%20-90%3B" /><annotation id="10" key="__snapshot__" value="0" /><add id="2" objectId="2" parentObjId="" parentObjType="" what="plugin_data"><plugin_data data="31953:45519" id="2" /></add></action><action date="2009-06-18 16:08:49" id="4" prevId="3" prune="0" session="0" user="stevec"><annotation id="11" key="__description__" value="SetAttribute" /><annotation id="12" key="__details__" value="setAttr%20%22polyCylProj1.imageScale%22%20-type%20double2%200.501444%201%20%3B" /><annotation id="13" key="__snapshot__" value="0" /><add id="3" objectId="3" parentObjId="" parentObjType="" what="plugin_data"><plugin_data data="45519:59117" id="3" /></add></action><action date="2009-06-18 16:08:54" id="5" prevId="4" prune="0" session="0" user="stevec"><annotation id="14" key="__description__" value="SetAttribute" /><annotation id="15" key="__details__" value="setAttr%20%22polyCylProj1.imageScale%22%20-type%20double2%200.501444%200.96165%20%3B" /><annotation id="16" key="__snapshot__" value="0" /><add id="4" objectId="4" parentObjId="" parentObjType="" what="plugin_data"><plugin_data data="59117:72732" id="4" /></add></action><action date="2009-06-18 16:08:57" id="6" prevId="5" prune="0" session="0" user="stevec"><annotation id="17" key="__description__" value="SetAttribute" /><annotation id="18" key="__details__" value="setAttr%20%22polyCylProj1.imageScale%22%20-type%20double2%200.495966%200.96165%20%3B" /><annotation id="19" key="__snapshot__" value="0" /><add id="5" objectId="5" parentObjId="" parentObjType="" what="plugin_data"><plugin_data data="72732:86347" id="5" /></add></action><action date="2009-06-18 16:10:11" id="7" prevId="6" prune="0" session="0" user="stevec"><annotation id="20" key="__description__" value="performCopyCurrentUVSe..." /><annotation id="21" key="__details__" value="polyCopyUV%20-uvSetNameInput%20%22map1%22%20-uvSetName%20%22fur_hair%22%20-createNewMap%201%20-ch%201%20polySurface3.map%5B2%3A5%5D%20polySurface3.map%5B8%3A10%5D%20polySurface3.map%5B28%5D%20polySurface3.map%5B42%5D%20polySurface3.map%5B75%5D%20polySurface3.map%5B109%3A116%5D%20polySurface3.map%5B141%5D%20polySurface3.map%5B218%3A219%5D%20polySurface3.map%5B221%3A229%5D%20polySurface3.map%5B231%3A234%5D%20polySurface3.map%5B372%3A376%5D%20polySurface3.map%5B468%3A477%5D%20polySurface3.map%5B499%3A505%5D%20polySurface3.map%5B508%3A513%5D%20polySurface3.map%5B515%3A519%5D%20polySurface3.map%5B521%3A526%5D%20polySurface3.map%5B528%3A531%5D%20polySurface3.map%5B535%5D%20polySurface3.map%5B657%3A658%5D%20polySurface3.map%5B660%3A664%5D%20polySurface3.map%5B666%5D%20polySurface3.map%5B669%3A670%5D%20polySurface3.map%5B673%5D%20polySurface3.map%5B676%5D%20polySurface3.map%5B686%3A702%5D%20polySurface3.map%5B706%3A725%5D%20polySurface3.map%5B733%3A770%5D%20polySurface3.map%5B1129%5D%20polySurface3.map%5B1139%3A1142%5D%20polySurface3.map%5B1159%3A1162%5D%20polySurface3.map%5B1168%3A1175%5D%20polySurface3.map%5B1210%3A1211%5D%20polySurface3.map%5B1427%3A1446%5D%20polySurface3.map%5B1448%3A1467%5D%20polySurface3.map%5B1470%3A1477%5D%20polySurface3.map%5B1615%5D%20polySurface3.map%5B1738%3A1739%5D%20polySurface3.map%5B1741%3A1745%5D%20polySurface3.map%5B1747%3A1748%5D%20polySurface3.map%5B1751%3A1754%5D%20polySurface3.map%5B1757%3A1758%5D%20polySurface3.map%5B1761%3A1762%5D%20polySurface3.map%5B1773%3A1796%5D%20polySurface3.map%5B1801%3A1820%5D%20polySurface3.map%5B1829%3A1868%5D%20polySurface3.map%5B2212%5D%20polySurface3.map%5B2218%5D%20polySurface3.map%5B2222%3A2223%5D%20polySurface3.map%5B2235%5D%20polySurface3.map%5B2272%5D%20polySurface3.map%5B2382%3A2405%5D%20polySurface3.map%5B2536%3A2539%5D%20polySurface3.map%5B2660%5D%20polySurface3.map%5B2668%3A2673%5D%20polySurface3.map%5B2675%3A2679%5D%20polySurface3.map%5B2682%3A2691%5D%20polySurface3.map%5B2792%5D%20polySurface3.map%5B2798%5D%20polySurface3.map%5B2802%3A2803%5D%20polySurface3.map%5B2815%5D%20polySurface3.map%5B2852%5D%20polySurface3.map%5B2962%3A2985%5D%20polySurface3.map%5B3116%3A3119%5D%20polySurface3.map%5B3240%5D%20polySurface3.map%5B3248%3A3253%5D%20polySurface3.map%5B3255%3A3259%5D%20polySurface3.map%5B3262%3A3271%5D%20polySurface3.map%5B3404%3A3407%5D%20polySurface3.map%5B3426%3A3429%5D%20polySurface3.map%5B3438%3A3445%5D%20polySurface3.map%5B3485%3A3487%5D%20polySurface3.map%5B3591%3A3592%5D%20polySurface3.map%5B3850%5D%20polySurface3.map%5B3852%3A3910%5D%20polySurface3.map%5B3912%3A3924%5D%20polySurface3.map%5B4198%3A4205%5D%20polySurface3.map%5B4451%5D%20polySurface3.map%5B4454%3A4457%5D%20polySurface3.map%5B4460%3A4461%5D%20polySurface3.map%5B4464%5D%20polySurface3.map%5B4466%5D%20polySurface3.map%5B4470%5D%20polySurface3.map%5B4474%5D%20polySurface3.map%5B4486%3A4500%5D%20polySurface3.map%5B6212%3A6221%5D%3B" /><annotation id="22" key="__snapshot__" value="0" /><annotation id="167" key="__notes__" value="&lt;!DOCTYPE HTML PUBLIC &quot;-//W3C//DTD HTML 4.0//EN&quot; &quot;http://www.w3.org/TR/REC-html40/strict.dtd&quot;&gt;
&lt;html&gt;&lt;head&gt;&lt;meta name=&quot;qrichtext&quot; content=&quot;1&quot; /&gt;&lt;style type=&quot;text/css&quot;&gt;
p, li { white-space: pre-wrap; }
&lt;/style&gt;&lt;/head&gt;&lt;body style=&quot; font-family:&apos;Arial&apos;; font-size:11pt; font-weight:400; font-style:normal;&quot;&gt;
&lt;p style=&quot; margin-top:0px; margin-bottom:0px; margin-left:0px; margin-right:0px; -qt-block-indent:0; text-indent:0px;&quot;&gt;Set UVs to faces with Select -&amp;gt; Convert Selection -&amp;gt; To Faces.  Then, in the UV editor, adjust the UVs to your liking, select a UV and choose Select -&amp;gt; Select Shell.  Finally, choose Select Polygons -&amp;gt; Copy UVs to UV Set -&amp;gt; copy in to new UV set&lt;/p&gt;
&lt;p style=&quot;-qt-paragraph-type:empty; margin-top:0px; margin-bottom:0px; margin-left:0px; margin-right:0px; -qt-block-indent:0; text-indent:0px;&quot;&gt;&lt;/p&gt;&lt;/body&gt;&lt;/html&gt;" /><add id="6" objectId="6" parentObjId="" parentObjType="" what="plugin_data"><plugin_data data="86347:102704" id="6" /></add></action><action date="2009-06-18 16:10:51" id="8" prevId="7" prune="0" session="0" user="stevec"><annotation id="23" key="__description__" value="HfCreateAndAssignHD 0" /><annotation id="24" key="__snapshot__" value="0" /><annotation id="175" key="__notes__" value="&lt;!DOCTYPE HTML PUBLIC &quot;-//W3C//DTD HTML 4.0//EN&quot; &quot;http://www.w3.org/TR/REC-html40/strict.dtd&quot;&gt;
&lt;html&gt;&lt;head&gt;&lt;meta name=&quot;qrichtext&quot; content=&quot;1&quot; /&gt;&lt;style type=&quot;text/css&quot;&gt;
p, li { white-space: pre-wrap; }
&lt;/style&gt;&lt;/head&gt;&lt;body style=&quot; font-family:&apos;Arial&apos;; font-size:11pt; font-weight:400; font-style:normal;&quot;&gt;
&lt;p style=&quot; margin-top:0px; margin-bottom:0px; margin-left:0px; margin-right:0px; -qt-block-indent:0; text-indent:0px;&quot;&gt;elect the head in Object Mode and then choose Fur -&amp;gt; Attach Fur Description -&amp;gt; New.  Changes to the Fur can now be made by adjusting settings in the FurDescription1 node of the Attribute Editor&lt;/p&gt;&lt;/body&gt;&lt;/html&gt;" /><add id="7" objectId="7" parentObjId="" parentObjType="" what="plugin_data"><plugin_data data="102704:172757" id="7" /></add></action><action date="2009-06-18 16:11:19" id="9" prevId="8" prune="0" session="0" user="stevec"><annotation id="25" key="__description__" value="applyPresetToNode " /><annotation id="26" key="__snapshot__" value="0" /><add id="8" objectId="8" parentObjId="" parentObjType="" what="plugin_data"><plugin_data data="172757:204692" id="8" /></add></action><action date="2009-06-18 16:11:28" id="10" prevId="9" prune="0" session="0" user="stevec"><annotation id="27" key="__description__" value="SetAttribute" /><annotation id="28" key="__details__" value="setAttr%20%22FurDescription1.Length%22%202%3B" /><annotation id="29" key="__snapshot__" value="0" /><add id="9" objectId="9" parentObjId="" parentObjType="" what="plugin_data"><plugin_data data="204692:216625" id="9" /></add></action><action date="2009-06-18 16:11:33" id="11" prevId="10" prune="0" session="0" user="stevec"><annotation id="30" key="__description__" value="SetAttribute" /><annotation id="31" key="__details__" value="setAttr%20%22FurDescription1.Inclination%22%201%3B" /><annotation id="32" key="__snapshot__" value="0" /><add id="10" objectId="10" parentObjId="" parentObjType="" what="plugin_data"><plugin_data data="216625:228558" id="10" /></add></action><action date="2009-06-18 16:11:38" id="12" prevId="11" prune="0" session="0" user="stevec"><annotation id="33" key="__description__" value="SetAttribute" /><annotation id="34" key="__details__" value="setAttr%20%22FurDescription1.Polar%22%201%3B" /><annotation id="35" key="__snapshot__" value="0" /><add id="11" objectId="11" parentObjId="" parentObjType="" what="plugin_data"><plugin_data data="228558:240491" id="11" /></add></action><action date="2009-06-18 16:11:49" id="13" prevId="12" prune="0" session="0" user="stevec"><annotation id="36" key="__description__" value="SetAttribute" /><annotation id="37" key="__details__" value="setAttr%20%22FurDescription1.TipCurl%22%200.2%3B" /><annotation id="38" key="__snapshot__" value="0" /><add id="12" objectId="12" parentObjId="" parentObjType="" what="plugin_data"><plugin_data data="240491:252448" id="12" /></add></action><action date="2009-06-18 16:12:02" id="14" prevId="13" prune="0" session="0" user="stevec"><annotation id="39" key="__description__" value="RenderIntoNewWindow" /><annotation id="40" key="__details__" value="%20Maya%20Fur%20Renderer%3A%20Creating%20equalizer%20map%20for%20surface%20%27polySurfaceShape3%27%0A%20Maya%20Fur%20Renderer%3A%20Rendering%20fur%20in%20frame%20%231...%0A%3D%3D%3D%3D%3D%3D%3D%3D%3D%3D%3D%3D%3D%3D%3D%3D%3D%3D%3D%3D%3D%3D%3D%3D%3D%3D%3D%3D%3D%3D%3D%3D%3D%3D%3D%3D%3D%3D%3D%3D%3D%3D%3D%3D%3D%3D%3D%3D%3D%3D%3D%3D%3D%3D%3D%3D%3D%3D%3D%3D%3D%3D%3D%3D%3D%3D%3D%3D%3D%3D%3D%3D%3D%3D%0A%20%20%20%20%20%20%20%20%20%20%20%20%20%20%20%20%20%20%20%20%20%20Maya%20Fur%20Renderer%20%5BFinished%5D%0A%3D%3D%3D%3D%3D%3D%3D%3D%3D%3D%3D%3D%3D%3D%3D%3D%3D%3D%3D%3D%3D%3D%3D%3D%3D%3D%3D%3D%3D%3D%3D%3D%3D%3D%3D%3D%3D%3D%3D%3D%3D%3D%3D%3D%3D%3D%3D%3D%3D%3D%3D%3D%3D%3D%3D%3D%3D%3D%3D%3D%3D%3D%3D%3D%3D%3D%3D%3D%3D%3D%3D%3D%3D%3D" /><annotation id="41" key="__snapshot__" value="0" /><add id="13" objectId="13" parentObjId="" parentObjType="" what="plugin_data"><plugin_data data="252448:267048" id="13" /></add></action><action date="2009-06-18 16:12:23" id="15" prevId="14" prune="0" session="0" user="stevec"><annotation id="42" key="__description__" value="SetAttribute" /><annotation id="43" key="__details__" value="setAttr%20%22FurDescription1.Length%22%203%3B" /><annotation id="44" key="__snapshot__" value="0" /><add id="14" objectId="14" parentObjId="" parentObjType="" what="plugin_data"><plugin_data data="267048:278981" id="14" /></add></action><action date="2009-06-18 16:12:33" id="16" prevId="15" prune="0" session="0" user="stevec"><annotation id="45" key="__description__" value="RenderIntoNewWindow" /><annotation id="46" key="__details__" value="%20Maya%20Fur%20Renderer%3A%20Rendering%20fur%20in%20frame%20%231...%0A%3D%3D%3D%3D%3D%3D%3D%3D%3D%3D%3D%3D%3D%3D%3D%3D%3D%3D%3D%3D%3D%3D%3D%3D%3D%3D%3D%3D%3D%3D%3D%3D%3D%3D%3D%3D%3D%3D%3D%3D%3D%3D%3D%3D%3D%3D%3D%3D%3D%3D%3D%3D%3D%3D%3D%3D%3D%3D%3D%3D%3D%3D%3D%3D%3D%3D%3D%3D%3D%3D%3D%3D%3D%3D%0A%20%20%20%20%20%20%20%20%20%20%20%20%20%20%20%20%20%20%20%20%20%20Maya%20Fur%20Renderer%20%5BFinished%5D%0A%3D%3D%3D%3D%3D%3D%3D%3D%3D%3D%3D%3D%3D%3D%3D%3D%3D%3D%3D%3D%3D%3D%3D%3D%3D%3D%3D%3D%3D%3D%3D%3D%3D%3D%3D%3D%3D%3D%3D%3D%3D%3D%3D%3D%3D%3D%3D%3D%3D%3D%3D%3D%3D%3D%3D%3D%3D%3D%3D%3D%3D%3D%3D%3D%3D%3D%3D%3D%3D%3D%3D%3D%3D%3D" /><annotation id="47" key="__snapshot__" value="0" /><add id="15" objectId="15" parentObjId="" parentObjType="" what="plugin_data"><plugin_data data="278981:291924" id="15" /></add></action><action date="2009-06-18 16:12:48" id="17" prevId="16" prune="0" session="0" user="stevec"><annotation id="48" key="__description__" value="SetAttribute" /><annotation id="49" key="__details__" value="setAttr%20%22FurDescription1.Length%22%203.5454%3B" /><annotation id="50" key="__snapshot__" value="0" /><add id="16" objectId="16" parentObjId="" parentObjType="" what="plugin_data"><plugin_data data="291924:303874" id="16" /></add></action><action date="2009-06-18 16:12:57" id="18" prevId="17" prune="0" session="0" user="stevec"><annotation id="51" key="__description__" value="RenderIntoNewWindow" /><annotation id="52" key="__details__" value="%20Maya%20Fur%20Renderer%3A%20Rendering%20fur%20in%20frame%20%231...%0A%3D%3D%3D%3D%3D%3D%3D%3D%3D%3D%3D%3D%3D%3D%3D%3D%3D%3D%3D%3D%3D%3D%3D%3D%3D%3D%3D%3D%3D%3D%3D%3D%3D%3D%3D%3D%3D%3D%3D%3D%3D%3D%3D%3D%3D%3D%3D%3D%3D%3D%3D%3D%3D%3D%3D%3D%3D%3D%3D%3D%3D%3D%3D%3D%3D%3D%3D%3D%3D%3D%3D%3D%3D%3D%0A%20%20%20%20%20%20%20%20%20%20%20%20%20%20%20%20%20%20%20%20%20%20Maya%20Fur%20Renderer%20%5BFinished%5D%0A%3D%3D%3D%3D%3D%3D%3D%3D%3D%3D%3D%3D%3D%3D%3D%3D%3D%3D%3D%3D%3D%3D%3D%3D%3D%3D%3D%3D%3D%3D%3D%3D%3D%3D%3D%3D%3D%3D%3D%3D%3D%3D%3D%3D%3D%3D%3D%3D%3D%3D%3D%3D%3D%3D%3D%3D%3D%3D%3D%3D%3D%3D%3D%3D%3D%3D%3D%3D%3D%3D%3D%3D%3D%3D" /><annotation id="53" key="__snapshot__" value="0" /><annotation id="169" key="__notes__" value="&lt;!DOCTYPE HTML PUBLIC &quot;-//W3C//DTD HTML 4.0//EN&quot; &quot;http://www.w3.org/TR/REC-html40/strict.dtd&quot;&gt;
&lt;html&gt;&lt;head&gt;&lt;meta name=&quot;qrichtext&quot; content=&quot;1&quot; /&gt;&lt;style type=&quot;text/css&quot;&gt;
p, li { white-space: pre-wrap; }
&lt;/style&gt;&lt;/head&gt;&lt;body style=&quot; font-family:&apos;Arial&apos;; font-size:11pt; font-weight:400; font-style:normal;&quot;&gt;
&lt;p style=&quot; margin-top:0px; margin-bottom:0px; margin-left:0px; margin-right:0px; -qt-block-indent:0; text-indent:0px;&quot;&gt;Choose the Mouse preset and adjust some parameters &lt;/p&gt;&lt;/body&gt;&lt;/html&gt;" /><add id="17" objectId="17" parentObjId="" parentObjType="" what="plugin_data"><plugin_data data="303874:316817" id="17" /></add></action><action date="2009-06-18 16:13:50" id="19" prevId="8" prune="0" session="0" user="stevec"><annotation id="54" key="__description__" value="applyPresetToNode " /><annotation id="55" key="__snapshot__" value="0" /><add id="18" objectId="18" parentObjId="" parentObjType="" what="plugin_data"><plugin_data data="316817:348939" id="18" /></add></action><action date="2009-06-18 16:14:02" id="20" prevId="19" prune="0" session="0" user="stevec"><annotation id="56" key="__description__" value="SetAttribute" /><annotation id="57" key="__details__" value="setAttr%20%22FurDescription1.Length%22%203%3B" /><annotation id="58" key="__snapshot__" value="0" /><add id="19" objectId="19" parentObjId="" parentObjType="" what="plugin_data"><plugin_data data="348939:360903" id="19" /></add></action><action date="2009-06-18 16:14:08" id="21" prevId="20" prune="0" session="0" user="stevec"><annotation id="59" key="__description__" value="SetAttribute" /><annotation id="60" key="__details__" value="setAttr%20%22FurDescription1.Inclination%22%200.9%3B" /><annotation id="61" key="__snapshot__" value="0" /><add id="20" objectId="20" parentObjId="" parentObjType="" what="plugin_data"><plugin_data data="360903:372885" id="20" /></add></action><action date="2009-06-18 16:14:17" id="22" prevId="21" prune="0" session="0" user="stevec"><annotation id="62" key="__description__" value="SetAttribute" /><annotation id="63" key="__details__" value="setAttr%20%22FurDescription1.Polar%22%200.14546%3B" /><annotation id="64" key="__snapshot__" value="0" /><add id="21" objectId="21" parentObjId="" parentObjType="" what="plugin_data"><plugin_data data="372885:384867" id="21" /></add></action><action date="2009-06-18 16:14:25" id="23" prevId="22" prune="0" session="0" user="stevec"><annotation id="65" key="__description__" value="RenderIntoNewWindow" /><annotation id="66" key="__details__" value="%20Maya%20Fur%20Renderer%3A%20Rendering%20fur%20in%20frame%20%231...%0A%3D%3D%3D%3D%3D%3D%3D%3D%3D%3D%3D%3D%3D%3D%3D%3D%3D%3D%3D%3D%3D%3D%3D%3D%3D%3D%3D%3D%3D%3D%3D%3D%3D%3D%3D%3D%3D%3D%3D%3D%3D%3D%3D%3D%3D%3D%3D%3D%3D%3D%3D%3D%3D%3D%3D%3D%3D%3D%3D%3D%3D%3D%3D%3D%3D%3D%3D%3D%3D%3D%3D%3D%3D%3D%0A%20%20%20%20%20%20%20%20%20%20%20%20%20%20%20%20%20%20%20%20%20%20Maya%20Fur%20Renderer%20%5BFinished%5D%0A%3D%3D%3D%3D%3D%3D%3D%3D%3D%3D%3D%3D%3D%3D%3D%3D%3D%3D%3D%3D%3D%3D%3D%3D%3D%3D%3D%3D%3D%3D%3D%3D%3D%3D%3D%3D%3D%3D%3D%3D%3D%3D%3D%3D%3D%3D%3D%3D%3D%3D%3D%3D%3D%3D%3D%3D%3D%3D%3D%3D%3D%3D%3D%3D%3D%3D%3D%3D%3D%3D%3D%3D%3D%3D" /><annotation id="67" key="__snapshot__" value="0" /><annotation id="170" key="__notes__" value="&lt;!DOCTYPE HTML PUBLIC &quot;-//W3C//DTD HTML 4.0//EN&quot; &quot;http://www.w3.org/TR/REC-html40/strict.dtd&quot;&gt;
&lt;html&gt;&lt;head&gt;&lt;meta name=&quot;qrichtext&quot; content=&quot;1&quot; /&gt;&lt;style type=&quot;text/css&quot;&gt;
p, li { white-space: pre-wrap; }
&lt;/style&gt;&lt;/head&gt;&lt;body style=&quot; font-family:&apos;Arial&apos;; font-size:11pt; font-weight:400; font-style:normal;&quot;&gt;
&lt;p style=&quot; margin-top:0px; margin-bottom:0px; margin-left:0px; margin-right:0px; -qt-block-indent:0; text-indent:0px;&quot;&gt;Choose the Wet Otter preset and adjust some parameters&lt;/p&gt;
&lt;p style=&quot;-qt-paragraph-type:empty; margin-top:0px; margin-bottom:0px; margin-left:0px; margin-right:0px; -qt-block-indent:0; text-indent:0px;&quot;&gt;&lt;/p&gt;&lt;/body&gt;&lt;/html&gt;" /><add id="22" objectId="22" parentObjId="" parentObjType="" what="plugin_data"><plugin_data data="384867:399498" id="22" /></add></action><action date="2009-06-18 16:14:58" id="24" prevId="8" prune="0" session="0" user="stevec"><annotation id="68" key="__description__" value="applyPresetToNode " /><annotation id="69" key="__snapshot__" value="0" /><add id="23" objectId="23" parentObjId="" parentObjType="" what="plugin_data"><plugin_data data="399498:431441" id="23" /></add></action><action date="2009-06-18 16:15:07" id="25" prevId="24" prune="0" session="0" user="stevec"><annotation id="70" key="__description__" value="SetAttribute" /><annotation id="71" key="__details__" value="setAttr%20%22FurDescription1.Length%22%201.909%3B" /><annotation id="72" key="__snapshot__" value="0" /><add id="24" objectId="24" parentObjId="" parentObjType="" what="plugin_data"><plugin_data data="431441:443409" id="24" /></add></action><action date="2009-06-18 16:15:11" id="26" prevId="25" prune="0" session="0" user="stevec"><annotation id="73" key="__description__" value="SetAttribute" /><annotation id="74" key="__details__" value="setAttr%20%22FurDescription1.Inclination%22%200%3B" /><annotation id="75" key="__snapshot__" value="0" /><add id="25" objectId="25" parentObjId="" parentObjType="" what="plugin_data"><plugin_data data="443409:455373" id="25" /></add></action><action date="2009-06-18 16:15:20" id="27" prevId="26" prune="0" session="0" user="stevec"><annotation id="76" key="__description__" value="SetAttribute" /><annotation id="77" key="__details__" value="setAttr%20%22FurDescription1.Clumping%22%201%3B" /><annotation id="78" key="__snapshot__" value="0" /><add id="26" objectId="26" parentObjId="" parentObjType="" what="plugin_data"><plugin_data data="455373:467337" id="26" /></add></action><action date="2009-06-18 16:15:28" id="28" prevId="27" prune="0" session="0" user="stevec"><annotation id="79" key="__description__" value="RenderIntoNewWindow" /><annotation id="80" key="__details__" value="%20Maya%20Fur%20Renderer%3A%20Rendering%20fur%20in%20frame%20%231...%0A%3D%3D%3D%3D%3D%3D%3D%3D%3D%3D%3D%3D%3D%3D%3D%3D%3D%3D%3D%3D%3D%3D%3D%3D%3D%3D%3D%3D%3D%3D%3D%3D%3D%3D%3D%3D%3D%3D%3D%3D%3D%3D%3D%3D%3D%3D%3D%3D%3D%3D%3D%3D%3D%3D%3D%3D%3D%3D%3D%3D%3D%3D%3D%3D%3D%3D%3D%3D%3D%3D%3D%3D%3D%3D%0A%20%20%20%20%20%20%20%20%20%20%20%20%20%20%20%20%20%20%20%20%20%20Maya%20Fur%20Renderer%20%5BFinished%5D%0A%3D%3D%3D%3D%3D%3D%3D%3D%3D%3D%3D%3D%3D%3D%3D%3D%3D%3D%3D%3D%3D%3D%3D%3D%3D%3D%3D%3D%3D%3D%3D%3D%3D%3D%3D%3D%3D%3D%3D%3D%3D%3D%3D%3D%3D%3D%3D%3D%3D%3D%3D%3D%3D%3D%3D%3D%3D%3D%3D%3D%3D%3D%3D%3D%3D%3D%3D%3D%3D%3D%3D%3D%3D%3D" /><annotation id="81" key="__snapshot__" value="0" /><annotation id="171" key="__notes__" value="&lt;!DOCTYPE HTML PUBLIC &quot;-//W3C//DTD HTML 4.0//EN&quot; &quot;http://www.w3.org/TR/REC-html40/strict.dtd&quot;&gt;
&lt;html&gt;&lt;head&gt;&lt;meta name=&quot;qrichtext&quot; content=&quot;1&quot; /&gt;&lt;style type=&quot;text/css&quot;&gt;
p, li { white-space: pre-wrap; }
&lt;/style&gt;&lt;/head&gt;&lt;body style=&quot; font-family:&apos;Arial&apos;; font-size:11pt; font-weight:400; font-style:normal;&quot;&gt;
&lt;p style=&quot; margin-top:0px; margin-bottom:0px; margin-left:0px; margin-right:0px; -qt-block-indent:0; text-indent:0px;&quot;&gt;Choose the squirrel preset and adjust some parameters&lt;/p&gt;&lt;/body&gt;&lt;/html&gt;" /><add id="27" objectId="27" parentObjId="" parentObjType="" what="plugin_data"><plugin_data data="467337:481968" id="27" /></add></action><action date="2009-06-18 16:16:18" id="29" prevId="8" prune="0" session="0" user="stevec"><annotation id="82" key="__description__" value="applyPresetToNode " /><annotation id="83" key="__snapshot__" value="0" /><add id="28" objectId="28" parentObjId="" parentObjType="" what="plugin_data"><plugin_data data="481968:513921" id="28" /></add></action><action date="2009-06-18 16:16:24" id="30" prevId="29" prune="0" session="0" user="stevec"><annotation id="84" key="__description__" value="SetAttribute" /><annotation id="85" key="__details__" value="setAttr%20%22FurDescription1.Length%22%203.3636%3B" /><annotation id="86" key="__snapshot__" value="0" /><add id="29" objectId="29" parentObjId="" parentObjType="" what="plugin_data"><plugin_data data="513921:525902" id="29" /></add></action><action date="2009-06-18 16:16:31" id="31" prevId="30" prune="0" session="0" user="stevec"><annotation id="87" key="__description__" value="SetAttribute" /><annotation id="88" key="__details__" value="setAttr%20%22FurDescription1.Scraggle%22%200.47272%3B" /><annotation id="89" key="__snapshot__" value="0" /><add id="30" objectId="30" parentObjId="" parentObjType="" what="plugin_data"><plugin_data data="525902:537884" id="30" /></add></action><action date="2009-06-18 16:16:37" id="32" prevId="31" prune="0" session="0" user="stevec"><annotation id="90" key="__description__" value="SetAttribute" /><annotation id="91" key="__details__" value="setAttr%20%22FurDescription1.Length%22%206.1818%3B" /><annotation id="92" key="__snapshot__" value="0" /><add id="31" objectId="31" parentObjId="" parentObjType="" what="plugin_data"><plugin_data data="537884:549853" id="31" /></add></action><action date="2009-06-18 16:17:10" id="33" prevId="32" prune="0" session="0" user="stevec"><annotation id="93" key="__description__" value="RenderIntoNewWindow" /><annotation id="94" key="__details__" value="%20Maya%20Fur%20Renderer%3A%20Rendering%20fur%20in%20frame%20%231...%0A%3D%3D%3D%3D%3D%3D%3D%3D%3D%3D%3D%3D%3D%3D%3D%3D%3D%3D%3D%3D%3D%3D%3D%3D%3D%3D%3D%3D%3D%3D%3D%3D%3D%3D%3D%3D%3D%3D%3D%3D%3D%3D%3D%3D%3D%3D%3D%3D%3D%3D%3D%3D%3D%3D%3D%3D%3D%3D%3D%3D%3D%3D%3D%3D%3D%3D%3D%3D%3D%3D%3D%3D%3D%3D%0A%20%20%20%20%20%20%20%20%20%20%20%20%20%20%20%20%20%20%20%20%20%20Maya%20Fur%20Renderer%20%5BFinished%5D%0A%3D%3D%3D%3D%3D%3D%3D%3D%3D%3D%3D%3D%3D%3D%3D%3D%3D%3D%3D%3D%3D%3D%3D%3D%3D%3D%3D%3D%3D%3D%3D%3D%3D%3D%3D%3D%3D%3D%3D%3D%3D%3D%3D%3D%3D%3D%3D%3D%3D%3D%3D%3D%3D%3D%3D%3D%3D%3D%3D%3D%3D%3D%3D%3D%3D%3D%3D%3D%3D%3D%3D%3D%3D%3D" /><annotation id="95" key="__snapshot__" value="0" /><add id="32" objectId="32" parentObjId="" parentObjType="" what="plugin_data"><plugin_data data="549853:564484" id="32" /></add></action><action date="2009-06-18 16:17:51" id="34" prevId="33" prune="0" session="0" user="stevec"><annotation id="96" key="__description__" value="RenderIntoNewWindow" /><annotation id="97" key="__details__" value="%20Maya%20Fur%20Renderer%3A%20Rendering%20fur%20in%20frame%20%231...%0A%3D%3D%3D%3D%3D%3D%3D%3D%3D%3D%3D%3D%3D%3D%3D%3D%3D%3D%3D%3D%3D%3D%3D%3D%3D%3D%3D%3D%3D%3D%3D%3D%3D%3D%3D%3D%3D%3D%3D%3D%3D%3D%3D%3D%3D%3D%3D%3D%3D%3D%3D%3D%3D%3D%3D%3D%3D%3D%3D%3D%3D%3D%3D%3D%3D%3D%3D%3D%3D%3D%3D%3D%3D%3D%0A%20%20%20%20%20%20%20%20%20%20%20%20%20%20%20%20%20%20%20%20%20%20Maya%20Fur%20Renderer%20%5BFinished%5D%0A%3D%3D%3D%3D%3D%3D%3D%3D%3D%3D%3D%3D%3D%3D%3D%3D%3D%3D%3D%3D%3D%3D%3D%3D%3D%3D%3D%3D%3D%3D%3D%3D%3D%3D%3D%3D%3D%3D%3D%3D%3D%3D%3D%3D%3D%3D%3D%3D%3D%3D%3D%3D%3D%3D%3D%3D%3D%3D%3D%3D%3D%3D%3D%3D%3D%3D%3D%3D%3D%3D%3D%3D%3D%3D" /><annotation id="98" key="__snapshot__" value="0" /><add id="33" objectId="33" parentObjId="" parentObjType="" what="plugin_data"><plugin_data data="564484:577458" id="33" /></add></action><action date="2009-06-18 16:18:10" id="35" prevId="34" prune="0" session="0" user="stevec"><annotation id="99" key="__description__" value="RenderIntoNewWindow" /><annotation id="100" key="__details__" value="%20Maya%20Fur%20Renderer%3A%20Rendering%20fur%20in%20frame%20%231...%0A%3D%3D%3D%3D%3D%3D%3D%3D%3D%3D%3D%3D%3D%3D%3D%3D%3D%3D%3D%3D%3D%3D%3D%3D%3D%3D%3D%3D%3D%3D%3D%3D%3D%3D%3D%3D%3D%3D%3D%3D%3D%3D%3D%3D%3D%3D%3D%3D%3D%3D%3D%3D%3D%3D%3D%3D%3D%3D%3D%3D%3D%3D%3D%3D%3D%3D%3D%3D%3D%3D%3D%3D%3D%3D%0A%20%20%20%20%20%20%20%20%20%20%20%20%20%20%20%20%20%20%20%20%20%20Maya%20Fur%20Renderer%20%5BFinished%5D%0A%3D%3D%3D%3D%3D%3D%3D%3D%3D%3D%3D%3D%3D%3D%3D%3D%3D%3D%3D%3D%3D%3D%3D%3D%3D%3D%3D%3D%3D%3D%3D%3D%3D%3D%3D%3D%3D%3D%3D%3D%3D%3D%3D%3D%3D%3D%3D%3D%3D%3D%3D%3D%3D%3D%3D%3D%3D%3D%3D%3D%3D%3D%3D%3D%3D%3D%3D%3D%3D%3D%3D%3D%3D%3D" /><annotation id="101" key="__snapshot__" value="0" /><add id="34" objectId="34" parentObjId="" parentObjType="" what="plugin_data"><plugin_data data="577458:590432" id="34" /></add></action><action date="2009-06-18 16:18:38" id="36" prevId="35" prune="1" session="0" user="stevec"><annotation id="102" key="__description__" value="RenderIntoNewWindow" /><annotation id="103" key="__details__" value="%20Maya%20Fur%20Renderer%3A%20Rendering%20fur%20in%20frame%20%231...%0A%3D%3D%3D%3D%3D%3D%3D%3D%3D%3D%3D%3D%3D%3D%3D%3D%3D%3D%3D%3D%3D%3D%3D%3D%3D%3D%3D%3D%3D%3D%3D%3D%3D%3D%3D%3D%3D%3D%3D%3D%3D%3D%3D%3D%3D%3D%3D%3D%3D%3D%3D%3D%3D%3D%3D%3D%3D%3D%3D%3D%3D%3D%3D%3D%3D%3D%3D%3D%3D%3D%3D%3D%3D%3D%0A%20%20%20%20%20%20%20%20%20%20%20%20%20%20%20%20%20%20%20%20%20%20Maya%20Fur%20Renderer%20%5BFinished%5D%0A%3D%3D%3D%3D%3D%3D%3D%3D%3D%3D%3D%3D%3D%3D%3D%3D%3D%3D%3D%3D%3D%3D%3D%3D%3D%3D%3D%3D%3D%3D%3D%3D%3D%3D%3D%3D%3D%3D%3D%3D%3D%3D%3D%3D%3D%3D%3D%3D%3D%3D%3D%3D%3D%3D%3D%3D%3D%3D%3D%3D%3D%3D%3D%3D%3D%3D%3D%3D%3D%3D%3D%3D%3D%3D" /><annotation id="104" key="__snapshot__" value="0" /><add id="35" objectId="35" parentObjId="" parentObjType="" what="plugin_data"><plugin_data data="590432:603406" id="35" /></add></action><action date="2009-06-18 16:19:44" id="37" prevId="35" prune="0" session="0" user="stevec"><annotation id="105" key="__description__" value="SetAttribute" /><annotation id="106" key="__details__" value="setAttr%20%22FurDescription1.BaseCurl%22%200.95454%3B" /><annotation id="107" key="__snapshot__" value="0" /><add id="36" objectId="36" parentObjId="" parentObjType="" what="plugin_data"><plugin_data data="603406:615414" id="36" /></add></action><action date="2009-06-18 16:19:49" id="38" prevId="37" prune="0" session="0" user="stevec"><annotation id="108" key="__description__" value="SetAttribute" /><annotation id="109" key="__details__" value="setAttr%20%22FurDescription1.TipCurl%22%201%3B" /><annotation id="110" key="__snapshot__" value="0" /><add id="37" objectId="37" parentObjId="" parentObjType="" what="plugin_data"><plugin_data data="615414:627404" id="37" /></add></action><action date="2009-06-18 16:19:52" id="39" prevId="38" prune="0" session="0" user="stevec"><annotation id="111" key="__description__" value="SetAttribute" /><annotation id="112" key="__details__" value="setAttr%20%22FurDescription1.Inclination%22%200%3B" /><annotation id="113" key="__snapshot__" value="0" /><add id="38" objectId="38" parentObjId="" parentObjType="" what="plugin_data"><plugin_data data="627404:639388" id="38" /></add></action><action date="2009-06-18 16:20:06" id="40" prevId="39" prune="0" session="0" user="stevec"><annotation id="114" key="__description__" value="SetAttribute" /><annotation id="115" key="__details__" value="setAttr%20%22FurDescription1.Polar%22%200%3B" /><annotation id="116" key="__snapshot__" value="0" /><add id="39" objectId="39" parentObjId="" parentObjType="" what="plugin_data"><plugin_data data="639388:651372" id="39" /></add></action><action date="2009-06-18 16:20:13" id="41" prevId="40" prune="0" session="0" user="stevec"><annotation id="117" key="__description__" value="RenderIntoNewWindow" /><annotation id="118" key="__details__" value="%20Maya%20Fur%20Renderer%3A%20Rendering%20fur%20in%20frame%20%231...%0A%3D%3D%3D%3D%3D%3D%3D%3D%3D%3D%3D%3D%3D%3D%3D%3D%3D%3D%3D%3D%3D%3D%3D%3D%3D%3D%3D%3D%3D%3D%3D%3D%3D%3D%3D%3D%3D%3D%3D%3D%3D%3D%3D%3D%3D%3D%3D%3D%3D%3D%3D%3D%3D%3D%3D%3D%3D%3D%3D%3D%3D%3D%3D%3D%3D%3D%3D%3D%3D%3D%3D%3D%3D%3D%0A%20%20%20%20%20%20%20%20%20%20%20%20%20%20%20%20%20%20%20%20%20%20Maya%20Fur%20Renderer%20%5BFinished%5D%0A%3D%3D%3D%3D%3D%3D%3D%3D%3D%3D%3D%3D%3D%3D%3D%3D%3D%3D%3D%3D%3D%3D%3D%3D%3D%3D%3D%3D%3D%3D%3D%3D%3D%3D%3D%3D%3D%3D%3D%3D%3D%3D%3D%3D%3D%3D%3D%3D%3D%3D%3D%3D%3D%3D%3D%3D%3D%3D%3D%3D%3D%3D%3D%3D%3D%3D%3D%3D%3D%3D%3D%3D%3D%3D" /><annotation id="119" key="__snapshot__" value="0" /><add id="40" objectId="40" parentObjId="" parentObjType="" what="plugin_data"><plugin_data data="651372:665854" id="40" /></add></action><action date="2009-06-18 16:20:49" id="42" prevId="8" prune="0" session="0" user="stevec"><annotation id="120" key="__description__" value="applyPresetToNode " /><annotation id="121" key="__snapshot__" value="0" /><add id="41" objectId="41" parentObjId="" parentObjType="" what="plugin_data"><plugin_data data="665854:698123" id="41" /></add></action><action date="2009-06-18 16:21:00" id="43" prevId="42" prune="0" session="0" user="stevec"><annotation id="122" key="__description__" value="SetAttribute" /><annotation id="123" key="__details__" value="setAttr%20%22FurDescription1.Length%22%206.3636%3B" /><annotation id="124" key="__snapshot__" value="0" /><add id="42" objectId="42" parentObjId="" parentObjType="" what="plugin_data"><plugin_data data="698123:710092" id="42" /></add></action><action date="2009-06-18 16:21:07" id="44" prevId="43" prune="0" session="0" user="stevec"><annotation id="125" key="__description__" value="RenderIntoNewWindow" /><annotation id="126" key="__details__" value="%20Maya%20Fur%20Renderer%3A%20Rendering%20fur%20in%20frame%20%231...%0A%3D%3D%3D%3D%3D%3D%3D%3D%3D%3D%3D%3D%3D%3D%3D%3D%3D%3D%3D%3D%3D%3D%3D%3D%3D%3D%3D%3D%3D%3D%3D%3D%3D%3D%3D%3D%3D%3D%3D%3D%3D%3D%3D%3D%3D%3D%3D%3D%3D%3D%3D%3D%3D%3D%3D%3D%3D%3D%3D%3D%3D%3D%3D%3D%3D%3D%3D%3D%3D%3D%3D%3D%3D%3D%0A%20%20%20%20%20%20%20%20%20%20%20%20%20%20%20%20%20%20%20%20%20%20Maya%20Fur%20Renderer%20%5BFinished%5D%0A%3D%3D%3D%3D%3D%3D%3D%3D%3D%3D%3D%3D%3D%3D%3D%3D%3D%3D%3D%3D%3D%3D%3D%3D%3D%3D%3D%3D%3D%3D%3D%3D%3D%3D%3D%3D%3D%3D%3D%3D%3D%3D%3D%3D%3D%3D%3D%3D%3D%3D%3D%3D%3D%3D%3D%3D%3D%3D%3D%3D%3D%3D%3D%3D%3D%3D%3D%3D%3D%3D%3D%3D%3D%3D" /><annotation id="127" key="__snapshot__" value="0" /><add id="43" objectId="43" parentObjId="" parentObjType="" what="plugin_data"><plugin_data data="710092:724723" id="43" /></add></action><action date="2009-06-18 16:21:19" id="45" prevId="44" prune="0" session="0" user="stevec"><annotation id="128" key="__description__" value="SetAttribute" /><annotation id="129" key="__details__" value="setAttr%20%22FurDescription1.TipCurl%22%200.67272%3B" /><annotation id="130" key="__snapshot__" value="0" /><add id="44" objectId="44" parentObjId="" parentObjType="" what="plugin_data"><plugin_data data="724723:736711" id="44" /></add></action><action date="2009-06-18 16:21:24" id="46" prevId="45" prune="0" session="0" user="stevec"><annotation id="131" key="__description__" value="SetAttribute" /><annotation id="132" key="__details__" value="setAttr%20%22FurDescription1.Roll%22%200.5091%3B" /><annotation id="133" key="__snapshot__" value="0" /><add id="45" objectId="45" parentObjId="" parentObjType="" what="plugin_data"><plugin_data data="736711:748693" id="45" /></add></action><action date="2009-06-18 16:21:34" id="47" prevId="46" prune="0" session="0" user="stevec"><annotation id="134" key="__description__" value="SetAttribute" /><annotation id="135" key="__details__" value="setAttr%20%22FurDescription1.Polar%22%200.11818%3B" /><annotation id="136" key="__snapshot__" value="0" /><annotation id="173" key="__notes__" value="&lt;!DOCTYPE HTML PUBLIC &quot;-//W3C//DTD HTML 4.0//EN&quot; &quot;http://www.w3.org/TR/REC-html40/strict.dtd&quot;&gt;
&lt;html&gt;&lt;head&gt;&lt;meta name=&quot;qrichtext&quot; content=&quot;1&quot; /&gt;&lt;style type=&quot;text/css&quot;&gt;
p, li { white-space: pre-wrap; }
&lt;/style&gt;&lt;/head&gt;&lt;body style=&quot; font-family:&apos;Arial&apos;; font-size:11pt; font-weight:400; font-style:normal;&quot;&gt;
&lt;p style=&quot; margin-top:0px; margin-bottom:0px; margin-left:0px; margin-right:0px; -qt-block-indent:0; text-indent:0px;&quot;&gt;Choose the Dreadlocks preset and adjust some parameters&lt;/p&gt;&lt;/body&gt;&lt;/html&gt;" /><add id="46" objectId="46" parentObjId="" parentObjType="" what="plugin_data"><plugin_data data="748693:760675" id="46" /></add></action><action date="2009-06-18 16:21:53" id="48" prevId="47" prune="1" session="0" user="stevec"><annotation id="137" key="__description__" value="RenderIntoNewWindow" /><annotation id="138" key="__details__" value="%20Maya%20Fur%20Renderer%3A%20Rendering%20fur%20in%20frame%20%231...%0A%3D%3D%3D%3D%3D%3D%3D%3D%3D%3D%3D%3D%3D%3D%3D%3D%3D%3D%3D%3D%3D%3D%3D%3D%3D%3D%3D%3D%3D%3D%3D%3D%3D%3D%3D%3D%3D%3D%3D%3D%3D%3D%3D%3D%3D%3D%3D%3D%3D%3D%3D%3D%3D%3D%3D%3D%3D%3D%3D%3D%3D%3D%3D%3D%3D%3D%3D%3D%3D%3D%3D%3D%3D%3D%0A%20%20%20%20%20%20%20%20%20%20%20%20%20%20%20%20%20%20%20%20%20%20Maya%20Fur%20Renderer%20%5BFinished%5D%0A%3D%3D%3D%3D%3D%3D%3D%3D%3D%3D%3D%3D%3D%3D%3D%3D%3D%3D%3D%3D%3D%3D%3D%3D%3D%3D%3D%3D%3D%3D%3D%3D%3D%3D%3D%3D%3D%3D%3D%3D%3D%3D%3D%3D%3D%3D%3D%3D%3D%3D%3D%3D%3D%3D%3D%3D%3D%3D%3D%3D%3D%3D%3D%3D%3D%3D%3D%3D%3D%3D%3D%3D%3D%3D" /><annotation id="139" key="__snapshot__" value="0" /><add id="47" objectId="47" parentObjId="" parentObjType="" what="plugin_data"><plugin_data data="760675:773649" id="47" /></add></action><action date="2009-06-18 16:22:17" id="49" prevId="18" prune="1" session="0" user="stevec"><annotation id="140" key="__description__" value="RenderIntoNewWindow" /><annotation id="141" key="__details__" value="%20Maya%20Fur%20Renderer%3A%20Rendering%20fur%20in%20frame%20%231...%0A%3D%3D%3D%3D%3D%3D%3D%3D%3D%3D%3D%3D%3D%3D%3D%3D%3D%3D%3D%3D%3D%3D%3D%3D%3D%3D%3D%3D%3D%3D%3D%3D%3D%3D%3D%3D%3D%3D%3D%3D%3D%3D%3D%3D%3D%3D%3D%3D%3D%3D%3D%3D%3D%3D%3D%3D%3D%3D%3D%3D%3D%3D%3D%3D%3D%3D%3D%3D%3D%3D%3D%3D%3D%3D%0A%20%20%20%20%20%20%20%20%20%20%20%20%20%20%20%20%20%20%20%20%20%20Maya%20Fur%20Renderer%20%5BFinished%5D%0A%3D%3D%3D%3D%3D%3D%3D%3D%3D%3D%3D%3D%3D%3D%3D%3D%3D%3D%3D%3D%3D%3D%3D%3D%3D%3D%3D%3D%3D%3D%3D%3D%3D%3D%3D%3D%3D%3D%3D%3D%3D%3D%3D%3D%3D%3D%3D%3D%3D%3D%3D%3D%3D%3D%3D%3D%3D%3D%3D%3D%3D%3D%3D%3D%3D%3D%3D%3D%3D%3D%3D%3D%3D%3D" /><annotation id="142" key="__snapshot__" value="0" /><add id="48" objectId="48" parentObjId="" parentObjType="" what="plugin_data"><plugin_data data="773649:788111" id="48" /></add></action><action date="2009-06-18 16:22:30" id="50" prevId="41" prune="0" session="0" user="stevec"><annotation id="143" key="__description__" value="RenderIntoNewWindow" /><annotation id="144" key="__details__" value="%20Maya%20Fur%20Renderer%3A%20Rendering%20fur%20in%20frame%20%231...%0A%3D%3D%3D%3D%3D%3D%3D%3D%3D%3D%3D%3D%3D%3D%3D%3D%3D%3D%3D%3D%3D%3D%3D%3D%3D%3D%3D%3D%3D%3D%3D%3D%3D%3D%3D%3D%3D%3D%3D%3D%3D%3D%3D%3D%3D%3D%3D%3D%3D%3D%3D%3D%3D%3D%3D%3D%3D%3D%3D%3D%3D%3D%3D%3D%3D%3D%3D%3D%3D%3D%3D%3D%3D%3D%0A%20%20%20%20%20%20%20%20%20%20%20%20%20%20%20%20%20%20%20%20%20%20Maya%20Fur%20Renderer%20%5BFinished%5D%0A%3D%3D%3D%3D%3D%3D%3D%3D%3D%3D%3D%3D%3D%3D%3D%3D%3D%3D%3D%3D%3D%3D%3D%3D%3D%3D%3D%3D%3D%3D%3D%3D%3D%3D%3D%3D%3D%3D%3D%3D%3D%3D%3D%3D%3D%3D%3D%3D%3D%3D%3D%3D%3D%3D%3D%3D%3D%3D%3D%3D%3D%3D%3D%3D%3D%3D%3D%3D%3D%3D%3D%3D%3D%3D" /><annotation id="145" key="__snapshot__" value="0" /><add id="49" objectId="49" parentObjId="" parentObjType="" what="plugin_data"><plugin_data data="788111:802573" id="49" /></add></action><action date="2009-06-18 16:22:30" id="51" prevId="50" prune="0" session="0" user="stevec"><annotation id="146" key="__description__" value="Snapshot" /><annotation id="147" key="__snapshot__" value="1" /><add id="50" objectId="50" parentObjId="" parentObjType="" what="plugin_data"><plugin_data data="802573:819993" id="50" /></add></action><action date="2009-06-18 16:23:16" id="52" prevId="51" prune="0" session="0" user="stevec"><annotation id="148" key="__description__" value="SetAttribute" /><annotation id="149" key="__details__" value="setAttr%20%22FurDescription1.Density%22%2050000%3B" /><annotation id="150" key="__snapshot__" value="0" /><add id="51" objectId="51" parentObjId="" parentObjType="" what="plugin_data"><plugin_data data="819993:831978" id="51" /></add></action><action date="2009-06-18 16:23:24" id="53" prevId="52" prune="0" session="0" user="stevec"><annotation id="151" key="__description__" value="RenderIntoNewWindow" /><annotation id="152" key="__details__" value="%20Maya%20Fur%20Renderer%3A%20Rendering%20fur%20in%20frame%20%231...%0A%3D%3D%3D%3D%3D%3D%3D%3D%3D%3D%3D%3D%3D%3D%3D%3D%3D%3D%3D%3D%3D%3D%3D%3D%3D%3D%3D%3D%3D%3D%3D%3D%3D%3D%3D%3D%3D%3D%3D%3D%3D%3D%3D%3D%3D%3D%3D%3D%3D%3D%3D%3D%3D%3D%3D%3D%3D%3D%3D%3D%3D%3D%3D%3D%3D%3D%3D%3D%3D%3D%3D%3D%3D%3D%0A%20%20%20%20%20%20%20%20%20%20%20%20%20%20%20%20%20%20%20%20%20%20Maya%20Fur%20Renderer%20%5BFinished%5D%0A%3D%3D%3D%3D%3D%3D%3D%3D%3D%3D%3D%3D%3D%3D%3D%3D%3D%3D%3D%3D%3D%3D%3D%3D%3D%3D%3D%3D%3D%3D%3D%3D%3D%3D%3D%3D%3D%3D%3D%3D%3D%3D%3D%3D%3D%3D%3D%3D%3D%3D%3D%3D%3D%3D%3D%3D%3D%3D%3D%3D%3D%3D%3D%3D%3D%3D%3D%3D%3D%3D%3D%3D%3D%3D" /><annotation id="153" key="__snapshot__" value="0" /><add id="52" objectId="52" parentObjId="" parentObjType="" what="plugin_data"><plugin_data data="831978:844972" id="52" /></add></action><action date="2009-06-18 16:23:48" id="54" prevId="53" prune="0" session="0" user="stevec"><annotation id="154" key="__description__" value="SetAttribute" /><annotation id="155" key="__details__" value="setAttr%20%22FurDescription1.TipColor%22%20-type%20double3%200%200%200%20%3B" /><annotation id="156" key="__snapshot__" value="0" /><add id="53" objectId="53" parentObjId="" parentObjType="" what="plugin_data"><plugin_data data="844972:856979" id="53" /></add></action><action date="2009-06-18 16:23:50" id="55" prevId="54" prune="0" session="0" user="stevec"><annotation id="157" key="__description__" value="SetAttribute" /><annotation id="158" key="__details__" value="setAttr%20%22FurDescription1.TipColor%22%20-type%20double3%200.05468%200.05468%200.05468%20%3B" /><annotation id="159" key="__snapshot__" value="0" /><add id="54" objectId="54" parentObjId="" parentObjType="" what="plugin_data"><plugin_data data="856979:869016" id="54" /></add></action><action date="2009-06-18 16:23:53" id="56" prevId="55" prune="0" session="0" user="stevec"><annotation id="160" key="__description__" value="SetAttribute" /><annotation id="161" key="__details__" value="setAttr%20%22FurDescription1.SpecularColor%22%20-type%20double3%200%200%200%20%3B" /><annotation id="162" key="__snapshot__" value="0" /><add id="55" objectId="55" parentObjId="" parentObjType="" what="plugin_data"><plugin_data data="869016:881023" id="55" /></add></action><action date="2009-06-18 16:24:03" id="57" prevId="56" prune="0" session="0" user="stevec"><annotation id="163" key="__description__" value="RenderIntoNewWindow" /><annotation id="164" key="__details__" value="%20Maya%20Fur%20Renderer%3A%20Rendering%20fur%20in%20frame%20%231...%0A%3D%3D%3D%3D%3D%3D%3D%3D%3D%3D%3D%3D%3D%3D%3D%3D%3D%3D%3D%3D%3D%3D%3D%3D%3D%3D%3D%3D%3D%3D%3D%3D%3D%3D%3D%3D%3D%3D%3D%3D%3D%3D%3D%3D%3D%3D%3D%3D%3D%3D%3D%3D%3D%3D%3D%3D%3D%3D%3D%3D%3D%3D%3D%3D%3D%3D%3D%3D%3D%3D%3D%3D%3D%3D%0A%20%20%20%20%20%20%20%20%20%20%20%20%20%20%20%20%20%20%20%20%20%20Maya%20Fur%20Renderer%20%5BFinished%5D%0A%3D%3D%3D%3D%3D%3D%3D%3D%3D%3D%3D%3D%3D%3D%3D%3D%3D%3D%3D%3D%3D%3D%3D%3D%3D%3D%3D%3D%3D%3D%3D%3D%3D%3D%3D%3D%3D%3D%3D%3D%3D%3D%3D%3D%3D%3D%3D%3D%3D%3D%3D%3D%3D%3D%3D%3D%3D%3D%3D%3D%3D%3D%3D%3D%3D%3D%3D%3D%3D%3D%3D%3D%3D%3D" /><annotation id="165" key="__snapshot__" value="0" /><annotation id="172" key="__notes__" value="&lt;!DOCTYPE HTML PUBLIC &quot;-//W3C//DTD HTML 4.0//EN&quot; &quot;http://www.w3.org/TR/REC-html40/strict.dtd&quot;&gt;
&lt;html&gt;&lt;head&gt;&lt;meta name=&quot;qrichtext&quot; content=&quot;1&quot; /&gt;&lt;style type=&quot;text/css&quot;&gt;
p, li { white-space: pre-wrap; }
&lt;/style&gt;&lt;/head&gt;&lt;body style=&quot; font-family:&apos;Arial&apos;; font-size:11pt; font-weight:400; font-style:normal;&quot;&gt;
&lt;p style=&quot; margin-top:0px; margin-bottom:0px; margin-left:0px; margin-right:0px; -qt-block-indent:0; text-indent:0px;&quot;&gt;Choose the Bear preset and adjust some parameters&lt;/p&gt;&lt;/body&gt;&lt;/html&gt;" /><add id="56" objectId="56" parentObjId="" parentObjType="" what="plugin_data"><plugin_data data="881023:894017" id="56" /></add></action><tag id="18" name="Ceaser Cut" /><tag id="23" name="Side Cut" /><tag id="28" name="Spike" /><tag id="47" name="Dreadlocks" /><tag id="57" name="Afro" /><tag id="2" name="Cylinder Map UVs" /><tag id="7" name="Adjust UVs" /><annotation id="0" key="__get_plugin_app_info__" value="maya" /><annotation id="1" key="__get_plugin_version_info__" value="2009" /></vistrail>