<workflowExec completed="1" id="-1" ip="0.0.0.0" name="" parentId="" parentType="vistrail" parentVersion="24" session="0" tsEnd="2010-11-22 13:36:26" tsStart="2010-11-22 13:36:23" user="emanuele" version="1.0.2" vtVersion="1.5.1">
  <moduleExec cached="0" completed="1" error="" id="1" machine_id="1" moduleId="1" moduleName="HTTPFile" tsEnd="2010-11-22 13:36:25" tsStart="2010-11-22 13:36:23" />
  <moduleExec cached="0" completed="1" error="" id="2" machine_id="1" moduleId="0" moduleName="vtkUnstructuredGridReader" tsEnd="2010-11-22 13:36:26" tsStart="2010-11-22 13:36:26" />
  <moduleExec cached="0" completed="1" error="" id="3" machine_id="1" moduleId="2" moduleName="vtkDataSetMapper" tsEnd="2010-11-22 13:36:26" tsStart="2010-11-22 13:36:26" />
  <moduleExec cached="0" completed="1" error="" id="4" machine_id="1" moduleId="3" moduleName="vtkActor" tsEnd="2010-11-22 13:36:26" tsStart="2010-11-22 13:36:26" />
  <moduleExec cached="0" completed="1" error="" id="5" machine_id="1" moduleId="4" moduleName="vtkRenderer" tsEnd="2010-11-22 13:36:26" tsStart="2010-11-22 13:36:26" />
  <moduleExec cached="0" completed="1" error="" id="6" machine_id="1" moduleId="5" moduleName="VTKCell" tsEnd="2010-11-22 13:36:26" tsStart="2010-11-22 13:36:26" />
</workflowExec>
<workflowExec completed="1" id="-1" ip="0.0.0.0" name="" parentId="" parentType="vistrail" parentVersion="41" session="0" tsEnd="2010-11-22 13:41:24" tsStart="2010-11-22 13:41:23" user="emanuele" version="1.0.2" vtVersion="1.5.1">
  <moduleExec cached="1" completed="1" error="" id="7" machine_id="1" moduleId="1" moduleName="HTTPFile" tsEnd="2010-11-22 13:41:23" tsStart="2010-11-22 13:41:23" />
  <moduleExec cached="1" completed="1" error="" id="8" machine_id="1" moduleId="0" moduleName="vtkUnstructuredGridReader" tsEnd="2010-11-22 13:41:23" tsStart="2010-11-22 13:41:23" />
  <moduleExec cached="0" completed="1" error="" id="9" machine_id="1" moduleId="2" moduleName="vtkDataSetMapper" tsEnd="2010-11-22 13:41:23" tsStart="2010-11-22 13:41:23" />
  <moduleExec cached="0" completed="1" error="" id="10" machine_id="1" moduleId="3" moduleName="vtkActor" tsEnd="2010-11-22 13:41:23" tsStart="2010-11-22 13:41:23" />
  <moduleExec cached="0" completed="1" error="" id="11" machine_id="1" moduleId="4" moduleName="vtkRenderer" tsEnd="2010-11-22 13:41:23" tsStart="2010-11-22 13:41:23" />
  <moduleExec cached="0" completed="1" error="" id="12" machine_id="1" moduleId="8" moduleName="VTKRenderOffscreen" tsEnd="2010-11-22 13:41:24" tsStart="2010-11-22 13:41:23" />
  <moduleExec cached="0" completed="1" error="" id="13" machine_id="1" moduleId="9" moduleName="FileSink" tsEnd="2010-11-22 13:41:24" tsStart="2010-11-22 13:41:24" />
</workflowExec>
<workflowExec completed="1" id="-1" ip="0.0.0.0" name="" parentId="" parentType="vistrail" parentVersion="48" session="0" tsEnd="2010-11-22 13:44:36" tsStart="2010-11-22 13:44:35" user="emanuele" version="1.0.2" vtVersion="1.5.1">
  <moduleExec cached="0" completed="1" error="" id="14" machine_id="1" moduleId="18" moduleName="SheetReference" tsEnd="2010-11-22 13:44:35" tsStart="2010-11-22 13:44:35" />
  <moduleExec cached="0" completed="1" error="" id="15" machine_id="1" moduleId="17" moduleName="CellLocation" tsEnd="2010-11-22 13:44:35" tsStart="2010-11-22 13:44:35" />
  <moduleExec cached="1" completed="1" error="" id="16" machine_id="1" moduleId="1" moduleName="HTTPFile" tsEnd="2010-11-22 13:44:35" tsStart="2010-11-22 13:44:35" />
  <moduleExec cached="1" completed="1" error="" id="17" machine_id="1" moduleId="0" moduleName="vtkUnstructuredGridReader" tsEnd="2010-11-22 13:44:35" tsStart="2010-11-22 13:44:35" />
  <moduleExec cached="0" completed="1" error="" id="18" machine_id="1" moduleId="2" moduleName="vtkDataSetMapper" tsEnd="2010-11-22 13:44:35" tsStart="2010-11-22 13:44:35" />
  <moduleExec cached="0" completed="1" error="" id="19" machine_id="1" moduleId="3" moduleName="vtkActor" tsEnd="2010-11-22 13:44:36" tsStart="2010-11-22 13:44:35" />
  <moduleExec cached="0" completed="1" error="" id="20" machine_id="1" moduleId="4" moduleName="vtkRenderer" tsEnd="2010-11-22 13:44:36" tsStart="2010-11-22 13:44:36" />
  <moduleExec cached="0" completed="1" error="" id="21" machine_id="1" moduleId="8" moduleName="VTKRenderOffscreen" tsEnd="2010-11-22 13:44:36" tsStart="2010-11-22 13:44:36" />
  <moduleExec cached="0" completed="1" error="" id="22" machine_id="1" moduleId="15" moduleName="PythonSource" tsEnd="2010-11-22 13:44:36" tsStart="2010-11-22 13:44:36" />
  <moduleExec cached="0" completed="1" error="" id="23" machine_id="1" moduleId="16" moduleName="RichTextCell" tsEnd="2010-11-22 13:44:36" tsStart="2010-11-22 13:44:36" />
</workflowExec>
