<workflow id="0" name="untitled" version="1.0.3" vistrail_id="" xmlns:xsi="http://www.w3.org/2001/XMLSchema-instance" xsi:schemaLocation="http://www.vistrails.org/workflow.xsd">
  <connection id="0">
    <port id="0" moduleId="1" moduleName="HTTPFile" name="file" signature="(edu.utah.sci.vistrails.basic:File)" type="source" />
    <port id="1" moduleId="0" moduleName="vtkUnstructuredGridReader" name="SetFile" signature="(edu.utah.sci.vistrails.basic:File)" type="destination" />
  </connection>
  <connection id="2">
    <port id="4" moduleId="0" moduleName="vtkUnstructuredGridReader" name="GetOutputPort0" signature="(edu.utah.sci.vistrails.vtk:vtkAlgorithmOutput)" type="source" />
    <port id="5" moduleId="2" moduleName="vtkDataSetMapper" name="SetInputConnection0" signature="(edu.utah.sci.vistrails.vtk:vtkAlgorithmOutput)" type="destination" />
  </connection>
  <connection id="3">
    <port id="6" moduleId="2" moduleName="vtkDataSetMapper" name="self" signature="(edu.utah.sci.vistrails.vtk:vtkDataSetMapper)" type="source" />
    <port id="7" moduleId="3" moduleName="vtkActor" name="SetMapper" signature="(edu.utah.sci.vistrails.vtk:vtkMapper)" type="destination" />
  </connection>
  <connection id="4">
    <port id="8" moduleId="3" moduleName="vtkActor" name="self" signature="(edu.utah.sci.vistrails.vtk:vtkActor)" type="source" />
    <port id="9" moduleId="4" moduleName="vtkRenderer" name="AddActor" signature="(edu.utah.sci.vistrails.vtk:vtkProp)" type="destination" />
  </connection>
  <connection id="5">
    <port id="11" moduleId="5" moduleName="VTKCell" name="AddRenderer" signature="(edu.utah.sci.vistrails.vtk:vtkRenderer)" type="destination" />
    <port id="10" moduleId="4" moduleName="vtkRenderer" name="self" signature="(edu.utah.sci.vistrails.vtk:vtkRenderer)" type="source" />
  </connection>
  <module cache="1" id="0" name="vtkUnstructuredGridReader" namespace="" package="edu.utah.sci.vistrails.vtk" version="0.9.3">
    <location id="14" x="-71.0" y="156.0" />
  </module>
  <module cache="1" id="1" name="HTTPFile" namespace="" package="edu.utah.sci.vistrails.http" version="0.9.0">
    <location id="4" x="-68.0" y="277.0" />
    <function id="0" name="url" pos="0">
      <parameter alias="" id="1" name="&lt;no description&gt;" pos="0" type="edu.utah.sci.vistrails.basic:String" val="http://www.vistrails.org/download/download.php?type=DATA&amp;id=spx.vtk" />
    </function>
  </module>
  <module cache="1" id="2" name="vtkDataSetMapper" namespace="" package="edu.utah.sci.vistrails.vtk" version="0.9.3">
    <location id="9" x="-84.0" y="10.0" />
  </module>
  <module cache="1" id="3" name="vtkActor" namespace="" package="edu.utah.sci.vistrails.vtk" version="0.9.3">
    <location id="11" x="-58.0" y="-98.0" />
  </module>
  <module cache="1" id="4" name="vtkRenderer" namespace="" package="edu.utah.sci.vistrails.vtk" version="0.9.3">
    <location id="13" x="-66.0" y="-196.0" />
    <function id="1" name="SetBackgroundWidget" pos="0">
      <parameter alias="" id="3" name="&lt;no description&gt;" pos="0" type="edu.utah.sci.vistrails.basic:Color" val="0.0,0.0,0.0" />
    </function>
  </module>
  <module cache="1" id="5" name="VTKCell" namespace="" package="edu.utah.sci.vistrails.vtk" version="0.9.3">
    <location id="12" x="-37.0" y="-270.0" />
  </module>
</workflow>
