<workflow id="0" name="untitled" version="1.0.3" vistrail_id="" xmlns:xsi="http://www.w3.org/2001/XMLSchema-instance" xsi:schemaLocation="http://www.vistrails.org/workflow.xsd">
  <connection id="0">
    <port id="0" moduleId="1" moduleName="HTTPFile" name="file" signature="(edu.utah.sci.vistrails.basic:File)" type="source" />
    <port id="1" moduleId="0" moduleName="vtkUnstructuredGridReader" name="SetFile" signature="(edu.utah.sci.vistrails.basic:File)" type="destination" />
  </connection>
  <connection id="2">
    <port id="4" moduleId="0" moduleName="vtkUnstructuredGridReader" name="GetOutputPort0" signature="(edu.utah.sci.vistrails.vtk:vtkAlgorithmOutput)" type="source" />
    <port id="5" moduleId="2" moduleName="vtkDataSetMapper" name="SetInputConnection0" signature="(edu.utah.sci.vistrails.vtk:vtkAlgorithmOutput)" type="destination" />
  </connection>
  <connection id="3">
    <port id="6" moduleId="2" moduleName="vtkDataSetMapper" name="self" signature="(edu.utah.sci.vistrails.vtk:vtkDataSetMapper)" type="source" />
    <port id="7" moduleId="3" moduleName="vtkActor" name="SetMapper" signature="(edu.utah.sci.vistrails.vtk:vtkMapper)" type="destination" />
  </connection>
  <connection id="4">
    <port id="8" moduleId="3" moduleName="vtkActor" name="self" signature="(edu.utah.sci.vistrails.vtk:vtkActor)" type="source" />
    <port id="9" moduleId="4" moduleName="vtkRenderer" name="AddActor" signature="(edu.utah.sci.vistrails.vtk:vtkProp)" type="destination" />
  </connection>
  <connection id="6">
    <port id="12" moduleId="4" moduleName="vtkRenderer" name="self" signature="(edu.utah.sci.vistrails.vtk:vtkRenderer)" type="source" />
    <port id="13" moduleId="8" moduleName="VTKRenderOffscreen" name="renderer" signature="(edu.utah.sci.vistrails.vtk:vtkRenderer)" type="destination" />
  </connection>
  <connection id="17">
    <port id="34" moduleId="8" moduleName="VTKRenderOffscreen" name="image" signature="(edu.utah.sci.vistrails.basic:File)" type="source" />
    <port id="35" moduleId="15" moduleName="PythonSource" name="imageFile" signature="(edu.utah.sci.vistrails.basic:File)" type="destination" />
  </connection>
  <connection id="20">
    <port id="40" moduleId="20" moduleName="SheetReference" name="self" signature="(edu.utah.sci.vistrails.spreadsheet:SheetReference)" type="source" />
    <port id="41" moduleId="19" moduleName="CellLocation" name="SheetReference" signature="(edu.utah.sci.vistrails.spreadsheet:SheetReference)" type="destination" />
  </connection>
  <connection id="21">
    <port id="42" moduleId="15" moduleName="PythonSource" name="htmlFile" signature="(edu.utah.sci.vistrails.basic:File)" type="source" />
    <port id="43" moduleId="21" moduleName="RichTextCell" name="File" signature="(edu.utah.sci.vistrails.basic:File)" type="destination" />
  </connection>
  <connection id="22">
    <port id="44" moduleId="19" moduleName="CellLocation" name="self" signature="(edu.utah.sci.vistrails.spreadsheet:CellLocation)" type="source" />
    <port id="45" moduleId="21" moduleName="RichTextCell" name="Location" signature="(edu.utah.sci.vistrails.spreadsheet:CellLocation)" type="destination" />
  </connection>
  <module cache="1" id="0" name="vtkUnstructuredGridReader" namespace="" package="edu.utah.sci.vistrails.vtk" version="0.9.3">
    <location id="14" x="-71.0" y="156.0" />
  </module>
  <module cache="1" id="1" name="HTTPFile" namespace="" package="edu.utah.sci.vistrails.http" version="0.9.0">
    <location id="4" x="-68.0" y="277.0" />
    <function id="0" name="url" pos="0">
      <parameter alias="" id="1" name="&lt;no description&gt;" pos="0" type="edu.utah.sci.vistrails.basic:String" val="http://www.vistrails.org/download/download.php?type=DATA&amp;id=spx.vtk" />
    </function>
  </module>
  <module cache="1" id="2" name="vtkDataSetMapper" namespace="" package="edu.utah.sci.vistrails.vtk" version="0.9.3">
    <location id="9" x="-84.0" y="10.0" />
  </module>
  <module cache="1" id="3" name="vtkActor" namespace="" package="edu.utah.sci.vistrails.vtk" version="0.9.3">
    <location id="11" x="-58.0" y="-98.0" />
  </module>
  <module cache="1" id="4" name="vtkRenderer" namespace="" package="edu.utah.sci.vistrails.vtk" version="0.9.3">
    <location id="13" x="-66.0" y="-196.0" />
    <function id="1" name="SetBackgroundWidget" pos="0">
      <parameter alias="" id="3" name="&lt;no description&gt;" pos="0" type="edu.utah.sci.vistrails.basic:Color" val="0.0,0.0,0.0" />
    </function>
  </module>
  <module cache="1" id="8" name="VTKRenderOffscreen" namespace="" package="edu.utah.sci.vistrails.vtk" version="0.9.3">
    <location id="33" x="-107.10354276" y="-307.397494185" />
  </module>
  <module cache="1" id="15" name="PythonSource" namespace="" package="edu.utah.sci.vistrails.basic" version="1.6">
    <location id="39" x="57.4898114044" y="-390.462799895" />
    <function id="10" name="source" pos="0">
      <parameter alias="" id="13" name="&lt;no description&gt;" pos="0" type="edu.utah.sci.vistrails.basic:String" val="imageFile%20%3D%20self.getInputFromPort%28%22imageFile%22%29%0A%0Atext%20%3D%20%27%3CHTML%3E%3CTITLE%3ESPX%3C/TITLE%3E%3CBODY%20BGCOLOR%3D%22%23FFFFFF%22%3E%3CTABLE%20WIDTH%3D%22100%25%22%20BORDER%3D%221%22%20BGCOLOR%3D%22%23FFFFFF%22%20CELLPADDING%3D%224%22%3E%20%27%0Atext%20%2B%3D%20%27%3CTR%3E%3CTD%3EExample%20of%20embedding%20an%20image%20on%20a%20html%20file.%3CBR%3E%3CB%3EVisualization%3C/B%3E%3C/TD%3E%3C/TR%3E%3CTR%3E%3CTD%20VALIGN%3D%22TOP%22%3E%3CP%3E%3CIMG%20SRC%3D%22%27%20%0Atext%20%2B%3D%20imageFile.name%20%0Atext%20%2B%3D%20%27%22%3E%3C/TD%3E%3C/TR%3E%3C/TR%3E%3C/TABLE%3E%27%0Aoutput%20%3D%20self.interpreter.filePool.create_file%28%29%0Amy_file%20%3D%20open%28str%28output.name%29%2C%20%27w%27%29%0Amy_file.write%28text%29%0Amy_file.close%28%29%0Aself.setResult%28%22htmlFile%22%2Coutput%29" />
    </function>
    <portSpec id="7" maxConns="" minConns="" name="imageFile" optional="0" sortKey="-1" type="input">
      <portSpecItem default="" entryType="" id="4" label="" module="File" namespace="" package="edu.utah.sci.vistrails.basic" pos="0" values="" />
    </portSpec>
    <portSpec id="6" maxConns="" minConns="" name="htmlFile" optional="0" sortKey="-1" type="output">
      <portSpecItem default="" entryType="" id="5" label="" module="File" namespace="" package="edu.utah.sci.vistrails.basic" pos="0" values="" />
    </portSpec>
  </module>
  <module cache="1" id="19" name="CellLocation" namespace="" package="edu.utah.sci.vistrails.spreadsheet" version="0.9.1">
    <location id="41" x="188.239860677" y="-211.908357235" />
  </module>
  <module cache="1" id="20" name="SheetReference" namespace="" package="edu.utah.sci.vistrails.spreadsheet" version="0.9.1">
    <location id="42" x="100.6380711" y="-87.6189072902" />
    <function id="14" name="MinColumnCount" pos="0">
      <parameter alias="" id="17" name="&lt;no description&gt;" pos="0" type="edu.utah.sci.vistrails.basic:Integer" val="1" />
    </function>
    <function id="15" name="MinRowCount" pos="1">
      <parameter alias="" id="18" name="&lt;no description&gt;" pos="0" type="edu.utah.sci.vistrails.basic:Integer" val="1" />
    </function>
    <function id="16" name="SheetName" pos="2">
      <parameter alias="" id="19" name="&lt;no description&gt;" pos="0" type="edu.utah.sci.vistrails.basic:String" val="" />
    </function>
  </module>
  <module cache="1" id="21" name="RichTextCell" namespace="" package="edu.utah.sci.vistrails.spreadsheet" version="0.9.1">
    <location id="43" x="247.295997237" y="-384.676837359" />
  </module>
</workflow>
