<vistrail id="" name="" version="1.0.2" xmlns:xsi="http://www.w3.org/2001/XMLSchema-instance" xsi:schemaLocation="http://www.vistrails.org/vistrail.xsd">
  <action date="2010-11-22 13:34:20" id="1" prevId="0" session="0" user="emanuele">
    <add id="0" objectId="0" parentObjId="" parentObjType="" what="module">
      <module cache="1" id="0" name="vtkUnstructuredGridReader" namespace="" package="edu.utah.sci.vistrails.vtk" version="0.9.3" />
    </add>
    <add id="1" objectId="0" parentObjId="0" parentObjType="module" what="location">
      <location id="0" x="-103.0" y="184.0" />
    </add>
  </action>
  <action date="2010-11-22 13:34:53" id="2" prevId="1" session="0" user="emanuele">
    <change id="2" newObjId="1" oldObjId="0" parentObjId="0" parentObjType="module" what="location">
      <location id="1" x="-46.0" y="231.0" />
    </change>
  </action>
  <action date="2010-11-22 13:34:53" id="3" prevId="2" session="0" user="emanuele">
    <annotation id="0" key="__description__" value="Paste" />
    <add id="3" objectId="1" parentObjId="" parentObjType="" what="module">
      <module cache="1" id="1" name="HTTPFile" namespace="" package="edu.utah.sci.vistrails.http" version="0.9.0" />
    </add>
    <add id="4" objectId="0" parentObjId="1" parentObjType="module" what="function">
      <function id="0" name="url" pos="0" />
    </add>
    <add id="5" objectId="0" parentObjId="0" parentObjType="function" what="parameter">
      <parameter alias="" id="0" name="&lt;no description&gt;" pos="0" type="edu.utah.sci.vistrails.basic:String" val="http://www.vistrails.org/download/download.php?type=DATA&amp;id=head.120.vtk" />
    </add>
    <add id="6" objectId="2" parentObjId="1" parentObjType="module" what="location">
      <location id="2" x="0.0" y="0.0" />
    </add>
  </action>
  <action date="2010-11-22 13:34:57" id="4" prevId="3" session="0" user="emanuele">
    <change id="7" newObjId="3" oldObjId="1" parentObjId="0" parentObjType="module" what="location">
      <location id="3" x="-9.0" y="119.0" />
    </change>
    <change id="8" newObjId="4" oldObjId="2" parentObjId="1" parentObjType="module" what="location">
      <location id="4" x="-68.0" y="277.0" />
    </change>
  </action>
  <action date="2010-11-22 13:34:57" id="5" prevId="4" session="0" user="emanuele">
    <add id="9" objectId="0" parentObjId="" parentObjType="" what="connection">
      <connection id="0" />
    </add>
    <add id="10" objectId="0" parentObjId="0" parentObjType="connection" what="port">
      <port id="0" moduleId="1" moduleName="HTTPFile" name="file" signature="(edu.utah.sci.vistrails.basic:File)" type="source" />
    </add>
    <add id="11" objectId="1" parentObjId="0" parentObjType="connection" what="port">
      <port id="1" moduleId="0" moduleName="vtkUnstructuredGridReader" name="SetFile" signature="(edu.utah.sci.vistrails.basic:File)" type="destination" />
    </add>
  </action>
  <action date="2010-11-22 13:35:05" id="6" prevId="5" session="0" user="emanuele">
    <change id="12" newObjId="1" oldObjId="0" parentObjId="0" parentObjType="function" what="parameter">
      <parameter alias="" id="1" name="&lt;no description&gt;" pos="0" type="edu.utah.sci.vistrails.basic:String" val="http://www.vistrails.org/download/download.php?type=DATA&amp;id=spx.vtk" />
    </change>
  </action>
  <action date="2010-11-22 13:35:20" id="7" prevId="6" session="0" user="emanuele">
    <change id="13" newObjId="6" oldObjId="3" parentObjId="0" parentObjType="module" what="location">
      <location id="6" x="-66.0" y="130.0" />
    </change>
  </action>
  <action date="2010-11-22 13:35:20" id="8" prevId="7" session="0" user="emanuele">
    <add id="14" objectId="2" parentObjId="" parentObjType="" what="module">
      <module cache="1" id="2" name="vtkDataSetMapper" namespace="" package="edu.utah.sci.vistrails.vtk" version="0.9.3" />
    </add>
    <add id="15" objectId="5" parentObjId="2" parentObjType="module" what="location">
      <location id="5" x="-123.0" y="-90.0" />
    </add>
  </action>
  <action date="2010-11-22 13:35:23" id="9" prevId="8" session="0" user="emanuele">
    <add id="16" objectId="1" parentObjId="" parentObjType="" what="connection">
      <connection id="1" />
    </add>
    <add id="17" objectId="2" parentObjId="1" parentObjType="connection" what="port">
      <port id="2" moduleId="0" moduleName="vtkUnstructuredGridReader" name="GetOutputPort0" signature="(edu.utah.sci.vistrails.vtk:vtkAlgorithmOutput)" type="source" />
    </add>
    <add id="18" objectId="3" parentObjId="1" parentObjType="connection" what="port">
      <port id="3" moduleId="2" moduleName="vtkDataSetMapper" name="AddInputConnection" signature="(edu.utah.sci.vistrails.vtk:vtkAlgorithmOutput)" type="destination" />
    </add>
  </action>
  <action date="2010-11-22 13:35:26" id="10" prevId="9" session="0" user="emanuele">
    <change id="19" newObjId="7" oldObjId="5" parentObjId="2" parentObjType="module" what="location">
      <location id="7" x="-80.0" y="-5.0" />
    </change>
  </action>
  <action date="2010-11-22 13:35:26" id="11" prevId="10" session="0" user="emanuele">
    <delete id="20" objectId="2" parentObjId="1" parentObjType="connection" what="port" />
    <delete id="21" objectId="3" parentObjId="1" parentObjType="connection" what="port" />
    <delete id="22" objectId="1" parentObjId="" parentObjType="" what="connection" />
  </action>
  <action date="2010-11-22 13:35:28" id="12" prevId="11" session="0" user="emanuele">
    <add id="23" objectId="2" parentObjId="" parentObjType="" what="connection">
      <connection id="2" />
    </add>
    <add id="24" objectId="4" parentObjId="2" parentObjType="connection" what="port">
      <port id="4" moduleId="0" moduleName="vtkUnstructuredGridReader" name="GetOutputPort0" signature="(edu.utah.sci.vistrails.vtk:vtkAlgorithmOutput)" type="source" />
    </add>
    <add id="25" objectId="5" parentObjId="2" parentObjType="connection" what="port">
      <port id="5" moduleId="2" moduleName="vtkDataSetMapper" name="SetInputConnection0" signature="(edu.utah.sci.vistrails.vtk:vtkAlgorithmOutput)" type="destination" />
    </add>
  </action>
  <action date="2010-11-22 13:35:36" id="13" prevId="12" session="0" user="emanuele">
    <change id="26" newObjId="9" oldObjId="7" parentObjId="2" parentObjType="module" what="location">
      <location id="9" x="-84.0" y="10.0" />
    </change>
  </action>
  <action date="2010-11-22 13:35:36" id="14" prevId="13" session="0" user="emanuele">
    <add id="27" objectId="3" parentObjId="" parentObjType="" what="module">
      <module cache="1" id="3" name="vtkActor" namespace="" package="edu.utah.sci.vistrails.vtk" version="0.9.3" />
    </add>
    <add id="28" objectId="8" parentObjId="3" parentObjType="module" what="location">
      <location id="8" x="-119.0" y="-78.0" />
    </add>
  </action>
  <action date="2010-11-22 13:35:38" id="15" prevId="14" session="0" user="emanuele">
    <add id="29" objectId="3" parentObjId="" parentObjType="" what="connection">
      <connection id="3" />
    </add>
    <add id="30" objectId="6" parentObjId="3" parentObjType="connection" what="port">
      <port id="6" moduleId="2" moduleName="vtkDataSetMapper" name="self" signature="(edu.utah.sci.vistrails.vtk:vtkDataSetMapper)" type="source" />
    </add>
    <add id="31" objectId="7" parentObjId="3" parentObjType="connection" what="port">
      <port id="7" moduleId="3" moduleName="vtkActor" name="SetMapper" signature="(edu.utah.sci.vistrails.vtk:vtkMapper)" type="destination" />
    </add>
  </action>
  <action date="2010-11-22 13:35:49" id="16" prevId="15" session="0" user="emanuele">
    <change id="32" newObjId="11" oldObjId="8" parentObjId="3" parentObjType="module" what="location">
      <location id="11" x="-58.0" y="-98.0" />
    </change>
  </action>
  <action date="2010-11-22 13:35:49" id="17" prevId="16" session="0" user="emanuele">
    <add id="33" objectId="4" parentObjId="" parentObjType="" what="module">
      <module cache="1" id="4" name="vtkRenderer" namespace="" package="edu.utah.sci.vistrails.vtk" version="0.9.3" />
    </add>
    <add id="34" objectId="10" parentObjId="4" parentObjType="module" what="location">
      <location id="10" x="-65.0" y="-169.0" />
    </add>
  </action>
  <action date="2010-11-22 13:35:51" id="18" prevId="17" session="0" user="emanuele">
    <add id="35" objectId="4" parentObjId="" parentObjType="" what="connection">
      <connection id="4" />
    </add>
    <add id="36" objectId="8" parentObjId="4" parentObjType="connection" what="port">
      <port id="8" moduleId="3" moduleName="vtkActor" name="self" signature="(edu.utah.sci.vistrails.vtk:vtkActor)" type="source" />
    </add>
    <add id="37" objectId="9" parentObjId="4" parentObjType="connection" what="port">
      <port id="9" moduleId="4" moduleName="vtkRenderer" name="AddActor" signature="(edu.utah.sci.vistrails.vtk:vtkProp)" type="destination" />
    </add>
  </action>
  <action date="2010-11-22 13:35:58" id="19" prevId="18" session="0" user="emanuele">
    <change id="38" newObjId="13" oldObjId="10" parentObjId="4" parentObjType="module" what="location">
      <location id="13" x="-66.0" y="-196.0" />
    </change>
  </action>
  <action date="2010-11-22 13:35:58" id="20" prevId="19" session="0" user="emanuele">
    <add id="39" objectId="5" parentObjId="" parentObjType="" what="module">
      <module cache="1" id="5" name="VTKCell" namespace="" package="edu.utah.sci.vistrails.vtk" version="0.9.3" />
    </add>
    <add id="40" objectId="12" parentObjId="5" parentObjType="module" what="location">
      <location id="12" x="-37.0" y="-270.0" />
    </add>
  </action>
  <action date="2010-11-22 13:35:59" id="21" prevId="20" session="0" user="emanuele">
    <add id="41" objectId="5" parentObjId="" parentObjType="" what="connection">
      <connection id="5" />
    </add>
    <add id="42" objectId="10" parentObjId="5" parentObjType="connection" what="port">
      <port id="10" moduleId="4" moduleName="vtkRenderer" name="self" signature="(edu.utah.sci.vistrails.vtk:vtkRenderer)" type="source" />
    </add>
    <add id="43" objectId="11" parentObjId="5" parentObjType="connection" what="port">
      <port id="11" moduleId="5" moduleName="VTKCell" name="AddRenderer" signature="(edu.utah.sci.vistrails.vtk:vtkRenderer)" type="destination" />
    </add>
  </action>
  <action date="2010-11-22 13:36:17" id="22" prevId="21" session="0" user="emanuele">
    <change id="44" newObjId="14" oldObjId="6" parentObjId="0" parentObjType="module" what="location">
      <location id="14" x="-71.0" y="156.0" />
    </change>
  </action>
  <action date="2010-11-22 13:36:17" id="23" prevId="22" session="0" user="emanuele">
    <add id="45" objectId="1" parentObjId="4" parentObjType="module" what="function">
      <function id="1" name="SetBackgroundWidget" pos="0" />
    </add>
    <add id="46" objectId="2" parentObjId="1" parentObjType="function" what="parameter">
      <parameter alias="" id="2" name="&lt;no description&gt;" pos="0" type="edu.utah.sci.vistrails.basic:Color" val="" />
    </add>
  </action>
  <action date="2010-11-22 13:36:20" id="24" prevId="23" session="0" user="emanuele">
    <change id="47" newObjId="3" oldObjId="2" parentObjId="1" parentObjType="function" what="parameter">
      <parameter alias="" id="3" name="&lt;no description&gt;" pos="0" type="edu.utah.sci.vistrails.basic:Color" val="0.0,0.0,0.0" />
    </change>
  </action>
  <action date="2010-11-22 13:38:26" id="25" prevId="24" session="0" user="emanuele">
    <annotation id="4" key="__description__" value="Paste" />
    <add id="48" objectId="6" parentObjId="" parentObjType="" what="module">
      <module cache="1" id="6" name="PythonSource" namespace="" package="edu.utah.sci.vistrails.basic" version="" />
    </add>
    <add id="49" objectId="1" parentObjId="6" parentObjType="module" what="portSpec">
      <portSpec defaults="" id="1" labels="" name="renderer" optional="0" sigstring="(edu.utah.sci.vistrails.vtk:vtkRenderer)" sortKey="-1" type="input" />
    </add>
    <add id="50" objectId="0" parentObjId="6" parentObjType="module" what="portSpec">
      <portSpec defaults="" id="0" labels="" name="image" optional="0" sigstring="(edu.utah.sci.vistrails.basic:File)" sortKey="-1" type="output" />
    </add>
    <add id="51" objectId="2" parentObjId="6" parentObjType="module" what="function">
      <function id="2" name="source" pos="0" />
    </add>
    <add id="52" objectId="4" parentObjId="2" parentObjType="function" what="parameter">
      <parameter alias="" id="4" name="&lt;no description&gt;" pos="0" type="String" val="import%20vtk%0Awindow%20%3D%20vtk.vtkRenderWindow%28%29%0Ar%20%3D%20self.getInputFromPort%28%22renderer%22%29.vtkInstance%0Ar.ResetCamera%28%29%0Awindow.AddRenderer%28r%29%0Awindow.OffScreenRenderingOn%28%29%0Awindow.Start%28%29%0Awindow.Render%28%29%0Awin2image%20%3D%20vtk.vtkWindowToImageFilter%28%29%0Awin2image.SetInput%28window%29%0Awin2image.Update%28%29%0Awriter%20%3D%20vtk.vtkPNGWriter%28%29%0Awriter.SetInput%28win2image.GetOutput%28%29%29%0Aoutput%20%3D%20self.interpreter.filePool.create_file%28%29%0Awriter.SetFileName%28output.name%29%0Awriter.Write%28%29%0Awindow.Finalize%28%29%0Adel%20window%0Adel%20win2image%0Adel%20writer%0Aself.setResult%28%22image%22%2Coutput%29" />
    </add>
    <add id="53" objectId="15" parentObjId="6" parentObjType="module" what="location">
      <location id="15" x="0.0" y="0.0" />
    </add>
  </action>
  <action date="2010-11-22 13:38:31" id="26" prevId="25" session="0" user="emanuele">
    <change id="54" newObjId="16" oldObjId="15" parentObjId="6" parentObjType="module" what="location">
      <location id="16" x="90.3343558282" y="44.245398773" />
    </change>
  </action>
  <action date="2010-11-22 13:38:31" id="27" prevId="26" session="0" user="emanuele">
    <delete id="55" objectId="16" parentObjId="6" parentObjType="module" what="location" />
    <delete id="56" objectId="4" parentObjId="2" parentObjType="function" what="parameter" />
    <delete id="57" objectId="2" parentObjId="6" parentObjType="module" what="function" />
    <delete id="58" objectId="1" parentObjId="6" parentObjType="module" what="portSpec" />
    <delete id="59" objectId="0" parentObjId="6" parentObjType="module" what="portSpec" />
    <delete id="60" objectId="6" parentObjId="" parentObjType="" what="module" />
  </action>
  <action date="2010-11-22 13:38:39" id="28" prevId="27" session="0" user="emanuele">
    <add id="61" objectId="7" parentObjId="" parentObjType="" what="module">
      <module cache="1" id="7" name="PythonSource" namespace="" package="edu.utah.sci.vistrails.basic" version="1.6" />
    </add>
    <add id="62" objectId="17" parentObjId="7" parentObjType="module" what="location">
      <location id="17" x="-275.61196319" y="5.53067484663" />
    </add>
  </action>
  <action date="2010-11-22 13:39:27" id="29" prevId="28" session="0" user="emanuele">
    <change id="63" newObjId="18" oldObjId="17" parentObjId="7" parentObjType="module" what="location">
      <location id="18" x="-274.690184049" y="-126.283742331" />
    </change>
  </action>
  <action date="2010-11-22 13:39:27" id="30" prevId="29" session="0" user="emanuele">
    <delete id="64" objectId="18" parentObjId="7" parentObjType="module" what="location" />
    <delete id="65" objectId="7" parentObjId="" parentObjType="" what="module" />
  </action>
  <action date="2010-11-22 13:39:34" id="31" prevId="30" session="0" user="emanuele">
    <add id="66" objectId="8" parentObjId="" parentObjType="" what="module">
      <module cache="1" id="8" name="VTKRenderOffscreen" namespace="" package="edu.utah.sci.vistrails.vtk" version="0.9.3" />
    </add>
    <add id="67" objectId="19" parentObjId="8" parentObjType="module" what="location">
      <location id="19" x="151.171779141" y="-158.54601227" />
    </add>
  </action>
  <action date="2010-11-22 13:39:43" id="32" prevId="31" session="0" user="emanuele">
    <change id="68" newObjId="20" oldObjId="12" parentObjId="5" parentObjType="module" what="location">
      <location id="20" x="-4.27195485674" y="-335.456090287" />
    </change>
  </action>
  <action date="2010-11-22 13:39:43" id="33" prevId="32" session="0" user="emanuele">
    <delete id="69" objectId="10" parentObjId="5" parentObjType="connection" what="port" />
    <delete id="70" objectId="11" parentObjId="5" parentObjType="connection" what="port" />
    <delete id="71" objectId="5" parentObjId="" parentObjType="" what="connection" />
    <delete id="72" objectId="20" parentObjId="5" parentObjType="module" what="location" />
    <delete id="73" objectId="5" parentObjId="" parentObjType="" what="module" />
  </action>
  <action date="2010-11-22 13:39:49" id="34" prevId="33" session="0" user="emanuele">
    <change id="74" newObjId="21" oldObjId="19" parentObjId="8" parentObjType="module" what="location">
      <location id="21" x="50.2603066161" y="-376.732979892" />
    </change>
  </action>
  <action date="2010-11-22 13:39:49" id="35" prevId="34" session="0" user="emanuele">
    <add id="75" objectId="6" parentObjId="" parentObjType="" what="connection">
      <connection id="6" />
    </add>
    <add id="76" objectId="12" parentObjId="6" parentObjType="connection" what="port">
      <port id="12" moduleId="4" moduleName="vtkRenderer" name="self" signature="(edu.utah.sci.vistrails.vtk:vtkRenderer)" type="source" />
    </add>
    <add id="77" objectId="13" parentObjId="6" parentObjType="connection" what="port">
      <port id="13" moduleId="8" moduleName="VTKRenderOffscreen" name="renderer" signature="(edu.utah.sci.vistrails.vtk:vtkRenderer)" type="destination" />
    </add>
  </action>
  <action date="2010-11-22 13:40:01" id="36" prevId="35" session="0" user="emanuele">
    <change id="78" newObjId="23" oldObjId="21" parentObjId="8" parentObjType="module" what="location">
      <location id="23" x="13.4412558299" y="-329.004580724" />
    </change>
  </action>
  <action date="2010-11-22 13:40:01" id="37" prevId="36" session="0" user="emanuele">
    <add id="79" objectId="9" parentObjId="" parentObjType="" what="module">
      <module cache="1" id="9" name="FileSink" namespace="" package="edu.utah.sci.vistrails.basic" version="1.6" />
    </add>
    <add id="80" objectId="22" parentObjId="9" parentObjType="module" what="location">
      <location id="22" x="36.8190507862" y="-410.464232838" />
    </add>
  </action>
  <action date="2010-11-22 13:40:02" id="38" prevId="37" session="0" user="emanuele">
    <add id="81" objectId="7" parentObjId="" parentObjType="" what="connection">
      <connection id="7" />
    </add>
    <add id="82" objectId="14" parentObjId="7" parentObjType="connection" what="port">
      <port id="14" moduleId="8" moduleName="VTKRenderOffscreen" name="image" signature="(edu.utah.sci.vistrails.basic:File)" type="source" />
    </add>
    <add id="83" objectId="15" parentObjId="7" parentObjType="connection" what="port">
      <port id="15" moduleId="9" moduleName="FileSink" name="file" signature="(edu.utah.sci.vistrails.basic:File)" type="destination" />
    </add>
  </action>
  <action date="2010-11-22 13:40:22" id="39" prevId="38" session="0" user="emanuele">
    <add id="84" objectId="3" parentObjId="9" parentObjType="module" what="function">
      <function id="3" name="outputPath" pos="0" />
    </add>
    <add id="85" objectId="5" parentObjId="3" parentObjType="function" what="parameter">
      <parameter alias="" id="5" name="&lt;no description&gt;" pos="0" type="edu.utah.sci.vistrails.basic:OutputPath" val="" />
    </add>
  </action>
  <action date="2010-11-22 13:40:37" id="40" prevId="39" session="0" user="emanuele">
    <change id="86" newObjId="6" oldObjId="5" parentObjId="3" parentObjType="function" what="parameter">
      <parameter alias="" id="6" name="&lt;no description&gt;" pos="0" type="edu.utah.sci.vistrails.basic:OutputPath" val="/tmp/test.png" />
    </change>
  </action>
  <action date="2010-11-22 13:40:42" id="41" prevId="40" session="0" user="emanuele">
    <add id="87" objectId="4" parentObjId="9" parentObjType="module" what="function">
      <function id="4" name="overwrite" pos="1" />
    </add>
    <add id="88" objectId="7" parentObjId="4" parentObjType="function" what="parameter">
      <parameter alias="" id="7" name="&lt;no description&gt;" pos="0" type="edu.utah.sci.vistrails.basic:Boolean" val="True" />
    </add>
  </action>
  <action date="2010-11-22 13:43:51" id="42" prevId="41" session="0" user="emanuele">
    <annotation id="10" key="__description__" value="Paste" />
    <add id="89" objectId="11" parentObjId="" parentObjType="" what="module">
      <module cache="1" id="11" name="CellLocation" namespace="" package="edu.utah.sci.vistrails.spreadsheet" version="" />
    </add>
    <add id="90" objectId="25" parentObjId="11" parentObjType="module" what="location">
      <location id="25" x="21.0692437637" y="-58.3843212941" />
    </add>
    <add id="91" objectId="12" parentObjId="" parentObjType="" what="module">
      <module cache="1" id="12" name="SheetReference" namespace="" package="edu.utah.sci.vistrails.spreadsheet" version="" />
    </add>
    <add id="92" objectId="8" parentObjId="12" parentObjType="module" what="function">
      <function id="8" name="SheetName" pos="2" />
    </add>
    <add id="93" objectId="11" parentObjId="8" parentObjType="function" what="parameter">
      <parameter alias="" id="11" name="&lt;no description&gt;" pos="0" type="String" val="" />
    </add>
    <add id="94" objectId="7" parentObjId="12" parentObjType="module" what="function">
      <function id="7" name="MinRowCount" pos="1" />
    </add>
    <add id="95" objectId="10" parentObjId="7" parentObjType="function" what="parameter">
      <parameter alias="" id="10" name="&lt;no description&gt;" pos="0" type="Integer" val="1" />
    </add>
    <add id="96" objectId="6" parentObjId="12" parentObjType="module" what="function">
      <function id="6" name="MinColumnCount" pos="0" />
    </add>
    <add id="97" objectId="9" parentObjId="6" parentObjType="function" what="parameter">
      <parameter alias="" id="9" name="&lt;no description&gt;" pos="0" type="Integer" val="1" />
    </add>
    <add id="98" objectId="26" parentObjId="12" parentObjType="module" what="location">
      <location id="26" x="105.186931424" y="51.1213325967" />
    </add>
    <add id="99" objectId="13" parentObjId="" parentObjType="" what="module">
      <module cache="1" id="13" name="RichTextCell" namespace="" package="edu.utah.sci.vistrails.spreadsheet" version="" />
    </add>
    <add id="100" objectId="27" parentObjId="13" parentObjType="module" what="location">
      <location id="27" x="-47.2427087523" y="-194.761918825" />
    </add>
    <add id="101" objectId="14" parentObjId="" parentObjType="" what="module">
      <module cache="1" id="14" name="PythonSource" namespace="" package="edu.utah.sci.vistrails.basic" version="" />
    </add>
    <add id="102" objectId="5" parentObjId="14" parentObjType="module" what="portSpec">
      <portSpec defaults="" id="5" labels="" name="htmlFile" optional="0" sigstring="(edu.utah.sci.vistrails.basic:File)" sortKey="-1" type="output" />
    </add>
    <add id="103" objectId="4" parentObjId="14" parentObjType="module" what="portSpec">
      <portSpec defaults="" id="4" labels="" name="imageFile" optional="0" sigstring="(edu.utah.sci.vistrails.basic:File)" sortKey="-1" type="input" />
    </add>
    <add id="104" objectId="9" parentObjId="14" parentObjType="module" what="function">
      <function id="9" name="source" pos="0" />
    </add>
    <add id="105" objectId="12" parentObjId="9" parentObjType="function" what="parameter">
      <parameter alias="" id="12" name="&lt;no description&gt;" pos="0" type="String" val="imageFile%20%3D%20self.getInputFromPort%28%22imageFile%22%29%0A%0Atext%20%3D%20%27%3CHTML%3E%3CTITLE%3ESPX%3C/TITLE%3E%3CBODY%20BGCOLOR%3D%22%23FFFFFF%22%3E%3CTABLE%20WIDTH%3D%22100%25%22%20BORDER%3D%221%22%20BGCOLOR%3D%22%23FFFFFF%22%20CELLPADDING%3D%224%22%3E%20%27%0Atext%20%2B%3D%20%27%3CTR%3E%3CTD%3EExample%20of%20embedding%20an%20image%20on%20a%20html%20file.%3CBR%3E%3CB%3EVisualization%3C/B%3E%3C/TD%3E%3C/TR%3E%3CTR%3E%3CTD%20VALIGN%3D%22TOP%22%3E%3CP%3E%3CIMG%20SRC%3D%22%27%20%0Atext%20%2B%3D%20imageFile.name%20%0Atext%20%2B%3D%20%27%22%3E%3C/TD%3E%3C/TR%3E%3C/TR%3E%3C/TABLE%3E%27%0Aoutput%20%3D%20self.interpreter.filePool.create_file%28%29%0Amy_file%20%3D%20open%28str%28output.name%29%2C%20%27w%27%29%0Amy_file.write%28text%29%0Amy_file.close%28%29%0Aself.setResult%28%22htmlFile%22%2Coutput%29" />
    </add>
    <add id="106" objectId="28" parentObjId="14" parentObjType="module" what="location">
      <location id="28" x="-230.225604099" y="-58.3959962311" />
    </add>
    <add id="107" objectId="8" parentObjId="" parentObjType="" what="connection">
      <connection id="8" />
    </add>
    <add id="108" objectId="17" parentObjId="8" parentObjType="connection" what="port">
      <port id="17" moduleId="13" moduleName="RichTextCell" name="Location" signature="(edu.utah.sci.vistrails.spreadsheet:CellLocation)" type="destination" />
    </add>
    <add id="109" objectId="16" parentObjId="8" parentObjType="connection" what="port">
      <port id="16" moduleId="11" moduleName="CellLocation" name="self" signature="(edu.utah.sci.vistrails.spreadsheet:CellLocation)" type="source" />
    </add>
    <add id="110" objectId="9" parentObjId="" parentObjType="" what="connection">
      <connection id="9" />
    </add>
    <add id="111" objectId="19" parentObjId="9" parentObjType="connection" what="port">
      <port id="19" moduleId="13" moduleName="RichTextCell" name="File" signature="(edu.utah.sci.vistrails.basic:File)" type="destination" />
    </add>
    <add id="112" objectId="18" parentObjId="9" parentObjType="connection" what="port">
      <port id="18" moduleId="14" moduleName="PythonSource" name="htmlFile" signature="(edu.utah.sci.vistrails.basic:File)" type="source" />
    </add>
    <add id="113" objectId="10" parentObjId="" parentObjType="" what="connection">
      <connection id="10" />
    </add>
    <add id="114" objectId="21" parentObjId="10" parentObjType="connection" what="port">
      <port id="21" moduleId="11" moduleName="CellLocation" name="SheetReference" signature="(edu.utah.sci.vistrails.spreadsheet:SheetReference)" type="destination" />
    </add>
    <add id="115" objectId="20" parentObjId="10" parentObjType="connection" what="port">
      <port id="20" moduleId="12" moduleName="SheetReference" name="self" signature="(edu.utah.sci.vistrails.spreadsheet:SheetReference)" type="source" />
    </add>
  </action>
  <action date="2010-11-22 13:44:28" id="43" prevId="42" session="0" user="emanuele">
    <annotation id="11" key="__description__" value="Upgrade" />
    <delete id="116" objectId="19" parentObjId="9" parentObjType="connection" what="port" />
    <delete id="117" objectId="18" parentObjId="9" parentObjType="connection" what="port" />
    <delete id="118" objectId="9" parentObjId="" parentObjType="" what="connection" />
    <delete id="119" objectId="28" parentObjId="14" parentObjType="module" what="location" />
    <delete id="120" objectId="12" parentObjId="9" parentObjType="function" what="parameter" />
    <delete id="121" objectId="9" parentObjId="14" parentObjType="module" what="function" />
    <delete id="122" objectId="5" parentObjId="14" parentObjType="module" what="portSpec" />
    <delete id="123" objectId="4" parentObjId="14" parentObjType="module" what="portSpec" />
    <delete id="124" objectId="14" parentObjId="" parentObjType="" what="module" />
    <delete id="125" objectId="17" parentObjId="8" parentObjType="connection" what="port" />
    <delete id="126" objectId="16" parentObjId="8" parentObjType="connection" what="port" />
    <delete id="127" objectId="8" parentObjId="" parentObjType="" what="connection" />
    <delete id="128" objectId="27" parentObjId="13" parentObjType="module" what="location" />
    <delete id="129" objectId="13" parentObjId="" parentObjType="" what="module" />
    <delete id="130" objectId="21" parentObjId="10" parentObjType="connection" what="port" />
    <delete id="131" objectId="20" parentObjId="10" parentObjType="connection" what="port" />
    <delete id="132" objectId="10" parentObjId="" parentObjType="" what="connection" />
    <delete id="133" objectId="25" parentObjId="11" parentObjType="module" what="location" />
    <delete id="134" objectId="11" parentObjId="" parentObjType="" what="module" />
    <delete id="135" objectId="26" parentObjId="12" parentObjType="module" what="location" />
    <delete id="136" objectId="9" parentObjId="6" parentObjType="function" what="parameter" />
    <delete id="137" objectId="6" parentObjId="12" parentObjType="module" what="function" />
    <delete id="138" objectId="10" parentObjId="7" parentObjType="function" what="parameter" />
    <delete id="139" objectId="7" parentObjId="12" parentObjType="module" what="function" />
    <delete id="140" objectId="11" parentObjId="8" parentObjType="function" what="parameter" />
    <delete id="141" objectId="8" parentObjId="12" parentObjType="module" what="function" />
    <delete id="142" objectId="12" parentObjId="" parentObjType="" what="module" />
    <add id="143" objectId="15" parentObjId="" parentObjType="" what="module">
      <module cache="1" id="15" name="PythonSource" namespace="" package="edu.utah.sci.vistrails.basic" version="1.6" />
    </add>
    <add id="144" objectId="7" parentObjId="15" parentObjType="module" what="portSpec">
      <portSpec defaults="" id="7" labels="" name="imageFile" optional="0" sigstring="(edu.utah.sci.vistrails.basic:File)" sortKey="-1" type="input" />
    </add>
    <add id="145" objectId="6" parentObjId="15" parentObjType="module" what="portSpec">
      <portSpec defaults="" id="6" labels="" name="htmlFile" optional="0" sigstring="(edu.utah.sci.vistrails.basic:File)" sortKey="-1" type="output" />
    </add>
    <add id="146" objectId="10" parentObjId="15" parentObjType="module" what="function">
      <function id="10" name="source" pos="0" />
    </add>
    <add id="147" objectId="13" parentObjId="10" parentObjType="function" what="parameter">
      <parameter alias="" id="13" name="&lt;no description&gt;" pos="0" type="edu.utah.sci.vistrails.basic:String" val="imageFile%20%3D%20self.getInputFromPort%28%22imageFile%22%29%0A%0Atext%20%3D%20%27%3CHTML%3E%3CTITLE%3ESPX%3C/TITLE%3E%3CBODY%20BGCOLOR%3D%22%23FFFFFF%22%3E%3CTABLE%20WIDTH%3D%22100%25%22%20BORDER%3D%221%22%20BGCOLOR%3D%22%23FFFFFF%22%20CELLPADDING%3D%224%22%3E%20%27%0Atext%20%2B%3D%20%27%3CTR%3E%3CTD%3EExample%20of%20embedding%20an%20image%20on%20a%20html%20file.%3CBR%3E%3CB%3EVisualization%3C/B%3E%3C/TD%3E%3C/TR%3E%3CTR%3E%3CTD%20VALIGN%3D%22TOP%22%3E%3CP%3E%3CIMG%20SRC%3D%22%27%20%0Atext%20%2B%3D%20imageFile.name%20%0Atext%20%2B%3D%20%27%22%3E%3C/TD%3E%3C/TR%3E%3C/TR%3E%3C/TABLE%3E%27%0Aoutput%20%3D%20self.interpreter.filePool.create_file%28%29%0Amy_file%20%3D%20open%28str%28output.name%29%2C%20%27w%27%29%0Amy_file.write%28text%29%0Amy_file.close%28%29%0Aself.setResult%28%22htmlFile%22%2Coutput%29" />
    </add>
    <add id="148" objectId="29" parentObjId="15" parentObjType="module" what="location">
      <location id="29" x="-230.225604099" y="-58.3959962311" />
    </add>
    <add id="149" objectId="16" parentObjId="" parentObjType="" what="module">
      <module cache="1" id="16" name="RichTextCell" namespace="" package="edu.utah.sci.vistrails.spreadsheet" version="0.9.0" />
    </add>
    <add id="150" objectId="30" parentObjId="16" parentObjType="module" what="location">
      <location id="30" x="-47.2427087523" y="-194.761918825" />
    </add>
    <add id="151" objectId="13" parentObjId="" parentObjType="" what="connection">
      <connection id="13" />
    </add>
    <add id="152" objectId="26" parentObjId="13" parentObjType="connection" what="port">
      <port id="26" moduleId="15" moduleName="PythonSource" name="htmlFile" signature="(edu.utah.sci.vistrails.basic:File)" type="source" />
    </add>
    <add id="153" objectId="27" parentObjId="13" parentObjType="connection" what="port">
      <port id="27" moduleId="16" moduleName="RichTextCell" name="File" signature="(edu.utah.sci.vistrails.basic:File)" type="destination" />
    </add>
    <add id="154" objectId="17" parentObjId="" parentObjType="" what="module">
      <module cache="1" id="17" name="CellLocation" namespace="" package="edu.utah.sci.vistrails.spreadsheet" version="0.9.0" />
    </add>
    <add id="155" objectId="31" parentObjId="17" parentObjType="module" what="location">
      <location id="31" x="21.0692437637" y="-58.3843212941" />
    </add>
    <add id="156" objectId="14" parentObjId="" parentObjType="" what="connection">
      <connection id="14" />
    </add>
    <add id="157" objectId="28" parentObjId="14" parentObjType="connection" what="port">
      <port id="28" moduleId="17" moduleName="CellLocation" name="self" signature="(edu.utah.sci.vistrails.spreadsheet:CellLocation)" type="source" />
    </add>
    <add id="158" objectId="29" parentObjId="14" parentObjType="connection" what="port">
      <port id="29" moduleId="16" moduleName="RichTextCell" name="Location" signature="(edu.utah.sci.vistrails.spreadsheet:CellLocation)" type="destination" />
    </add>
    <add id="159" objectId="18" parentObjId="" parentObjType="" what="module">
      <module cache="1" id="18" name="SheetReference" namespace="" package="edu.utah.sci.vistrails.spreadsheet" version="0.9.0" />
    </add>
    <add id="160" objectId="13" parentObjId="18" parentObjType="module" what="function">
      <function id="13" name="SheetName" pos="2" />
    </add>
    <add id="161" objectId="16" parentObjId="13" parentObjType="function" what="parameter">
      <parameter alias="" id="16" name="&lt;no description&gt;" pos="0" type="edu.utah.sci.vistrails.basic:String" val="" />
    </add>
    <add id="162" objectId="12" parentObjId="18" parentObjType="module" what="function">
      <function id="12" name="MinRowCount" pos="1" />
    </add>
    <add id="163" objectId="15" parentObjId="12" parentObjType="function" what="parameter">
      <parameter alias="" id="15" name="&lt;no description&gt;" pos="0" type="edu.utah.sci.vistrails.basic:Integer" val="1" />
    </add>
    <add id="164" objectId="11" parentObjId="18" parentObjType="module" what="function">
      <function id="11" name="MinColumnCount" pos="0" />
    </add>
    <add id="165" objectId="14" parentObjId="11" parentObjType="function" what="parameter">
      <parameter alias="" id="14" name="&lt;no description&gt;" pos="0" type="edu.utah.sci.vistrails.basic:Integer" val="1" />
    </add>
    <add id="166" objectId="32" parentObjId="18" parentObjType="module" what="location">
      <location id="32" x="105.186931424" y="51.1213325967" />
    </add>
    <add id="167" objectId="16" parentObjId="" parentObjType="" what="connection">
      <connection id="16" />
    </add>
    <add id="168" objectId="32" parentObjId="16" parentObjType="connection" what="port">
      <port id="32" moduleId="18" moduleName="SheetReference" name="self" signature="(edu.utah.sci.vistrails.spreadsheet:SheetReference)" type="source" />
    </add>
    <add id="169" objectId="33" parentObjId="16" parentObjType="connection" what="port">
      <port id="33" moduleId="17" moduleName="CellLocation" name="SheetReference" signature="(edu.utah.sci.vistrails.spreadsheet:SheetReference)" type="destination" />
    </add>
  </action>
  <action date="2010-11-22 13:44:28" id="44" prevId="43" session="0" user="emanuele">
    <change id="170" newObjId="33" oldObjId="23" parentObjId="8" parentObjType="module" what="location">
      <location id="33" x="-107.10354276" y="-307.397494185" />
    </change>
    <change id="171" newObjId="34" oldObjId="29" parentObjId="15" parentObjType="module" what="location">
      <location id="34" x="97.2923392409" y="-267.643571142" />
    </change>
    <change id="172" newObjId="35" oldObjId="30" parentObjId="16" parentObjType="module" what="location">
      <location id="35" x="218.865620211" y="-334.639373793" />
    </change>
    <change id="173" newObjId="36" oldObjId="31" parentObjId="17" parentObjType="module" what="location">
      <location id="36" x="188.239860677" y="-211.908357235" />
    </change>
    <change id="174" newObjId="37" oldObjId="32" parentObjId="18" parentObjType="module" what="location">
      <location id="37" x="100.6380711" y="-87.6189072902" />
    </change>
  </action>
  <action date="2010-11-22 13:44:28" id="45" prevId="44" session="0" user="emanuele">
    <delete id="175" objectId="14" parentObjId="7" parentObjType="connection" what="port" />
    <delete id="176" objectId="15" parentObjId="7" parentObjType="connection" what="port" />
    <delete id="177" objectId="7" parentObjId="" parentObjType="" what="connection" />
    <delete id="178" objectId="22" parentObjId="9" parentObjType="module" what="location" />
    <delete id="179" objectId="6" parentObjId="3" parentObjType="function" what="parameter" />
    <delete id="180" objectId="3" parentObjId="9" parentObjType="module" what="function" />
    <delete id="181" objectId="7" parentObjId="4" parentObjType="function" what="parameter" />
    <delete id="182" objectId="4" parentObjId="9" parentObjType="module" what="function" />
    <delete id="183" objectId="9" parentObjId="" parentObjType="" what="module" />
  </action>
  <action date="2010-11-22 13:44:31" id="46" prevId="45" session="0" user="emanuele">
    <change id="184" newObjId="38" oldObjId="34" parentObjId="15" parentObjType="module" what="location">
      <location id="38" x="64.3131018907" y="-417.75596184" />
    </change>
  </action>
  <action date="2010-11-22 13:44:31" id="47" prevId="46" session="0" user="emanuele">
    <add id="185" objectId="17" parentObjId="" parentObjType="" what="connection">
      <connection id="17" />
    </add>
    <add id="186" objectId="34" parentObjId="17" parentObjType="connection" what="port">
      <port id="34" moduleId="8" moduleName="VTKRenderOffscreen" name="image" signature="(edu.utah.sci.vistrails.basic:File)" type="source" />
    </add>
    <add id="187" objectId="35" parentObjId="17" parentObjType="connection" what="port">
      <port id="35" moduleId="15" moduleName="PythonSource" name="imageFile" signature="(edu.utah.sci.vistrails.basic:File)" type="destination" />
    </add>
  </action>
  <action date="2010-11-22 13:44:35" id="48" prevId="47" session="0" user="emanuele">
    <change id="188" newObjId="39" oldObjId="38" parentObjId="15" parentObjType="module" what="location">
      <location id="39" x="57.4898114044" y="-390.462799895" />
    </change>
    <change id="189" newObjId="40" oldObjId="35" parentObjId="16" parentObjType="module" what="location">
      <location id="40" x="247.295997237" y="-384.676837359" />
    </change>
  </action>
  <actionAnnotation actionId="24" date="2010-11-22 13:36:26" id="1" key="__thumb__" user="emanuele" value="a6880907-f656-11df-9bcf-00233230445c.png" />
  <actionAnnotation actionId="24" date="2010-11-22 13:41:12" id="6" key="__tag__" user="emanuele" value="only vtk" />
  <actionAnnotation actionId="41" date="2010-11-22 13:41:24" id="7" key="__thumb__" user="emanuele" value="57f9dc51-f657-11df-aa9a-00233230445c.png" />
  <actionAnnotation actionId="41" date="2010-11-22 13:42:07" id="8" key="__tag__" user="emanuele" value="offscreen" />
  <actionAnnotation actionId="41" date="2010-11-22 13:42:54" id="9" key="__notes__" user="emanuele" value="&lt;!DOCTYPE HTML PUBLIC &quot;-//W3C//DTD HTML 4.0//EN&quot; &quot;http://www.w3.org/TR/REC-html40/strict.dtd&quot;&gt;
&lt;html&gt;&lt;head&gt;&lt;meta name=&quot;qrichtext&quot; content=&quot;1&quot; /&gt;&lt;style type=&quot;text/css&quot;&gt;
p, li { white-space: pre-wrap; }
&lt;/style&gt;&lt;/head&gt;&lt;body style=&quot; font-family:&apos;Lucida Grande&apos;; font-size:13pt; font-weight:400; font-style:normal;&quot;&gt;
&lt;p style=&quot; margin-top:0px; margin-bottom:0px; margin-left:0px; margin-right:0px; -qt-block-indent:0; text-indent:0px;&quot;&gt;This will write an image directly to /tmp/test.png. If you are on Windows, you should change the outputPath in the FileSink module.&lt;/p&gt;&lt;/body&gt;&lt;/html&gt;" />
  <actionAnnotation actionId="42" date="2010-11-22 13:44:28" id="12" key="__upgrade__" user="emanuele" value="43" />
  <actionAnnotation actionId="48" date="2010-11-22 13:44:36" id="13" key="__thumb__" user="emanuele" value="caa5f5cf-f657-11df-9041-00233230445c.png" />
  <actionAnnotation actionId="48" date="2010-11-22 13:44:43" id="14" key="__tag__" user="emanuele" value="html" />
  <actionAnnotation actionId="48" date="2010-11-22 13:45:28" id="15" key="__notes__" user="emanuele" value="&lt;!DOCTYPE HTML PUBLIC &quot;-//W3C//DTD HTML 4.0//EN&quot; &quot;http://www.w3.org/TR/REC-html40/strict.dtd&quot;&gt;
&lt;html&gt;&lt;head&gt;&lt;meta name=&quot;qrichtext&quot; content=&quot;1&quot; /&gt;&lt;style type=&quot;text/css&quot;&gt;
p, li { white-space: pre-wrap; }
&lt;/style&gt;&lt;/head&gt;&lt;body style=&quot; font-family:&apos;Lucida Grande&apos;; font-size:13pt; font-weight:400; font-style:normal;&quot;&gt;
&lt;p style=&quot; margin-top:0px; margin-bottom:0px; margin-left:0px; margin-right:0px; -qt-block-indent:0; text-indent:0px;&quot;&gt;Using offscreen rendering and embedding generated image in an html file.&lt;/p&gt;&lt;/body&gt;&lt;/html&gt;" />
</vistrail>
