<workflowExec completed="1" id="-1" ip="::1" name="" parentId="" parentType="vistrail" parentVersion="17" session="0" tsEnd="2010-11-01 19:17:12" tsStart="2010-11-01 19:17:06" user="tommy" version="1.0.2" vtVersion="1.5.1">
  <moduleExec cached="1" completed="1" error="" id="1" machine_id="1" moduleId="3" moduleName="String" tsEnd="2010-11-01 19:17:06" tsStart="2010-11-01 19:17:06" />
  <moduleExec cached="0" completed="1" error="" id="2" machine_id="1" moduleId="2" moduleName="PythonSource" tsEnd="2010-11-01 19:17:06" tsStart="2010-11-01 19:17:06" />
  <moduleExec cached="0" completed="1" error="" id="3" machine_id="1" moduleId="1" moduleName="If" tsEnd="2010-11-01 19:17:12" tsStart="2010-11-01 19:17:06" />
  <moduleExec cached="0" completed="1" error="" id="4" machine_id="1" moduleId="13" moduleName="fetchData" tsEnd="2010-11-01 19:17:09" tsStart="2010-11-01 19:17:06" />
  <moduleExec cached="0" completed="1" error="" id="5" machine_id="1" moduleId="11" moduleName="PythonSource" tsEnd="2010-11-01 19:17:09" tsStart="2010-11-01 19:17:09" />
  <moduleExec cached="0" completed="1" error="" id="6" machine_id="1" moduleId="10" moduleName="vtkPDBReader" tsEnd="2010-11-01 19:17:12" tsStart="2010-11-01 19:17:09" />
  <moduleExec cached="0" completed="1" error="" id="7" machine_id="1" moduleId="8" moduleName="vtkDataSetMapper" tsEnd="2010-11-01 19:17:12" tsStart="2010-11-01 19:17:12" />
  <moduleExec cached="0" completed="1" error="" id="8" machine_id="1" moduleId="9" moduleName="vtkActor" tsEnd="2010-11-01 19:17:12" tsStart="2010-11-01 19:17:12" />
  <moduleExec cached="0" completed="1" error="" id="9" machine_id="1" moduleId="7" moduleName="vtkRenderer" tsEnd="2010-11-01 19:17:12" tsStart="2010-11-01 19:17:12" />
  <moduleExec cached="0" completed="1" error="" id="10" machine_id="1" moduleId="6" moduleName="VTKCell" tsEnd="2010-11-01 19:17:12" tsStart="2010-11-01 19:17:12" />
</workflowExec>
<workflowExec completed="1" id="-1" ip="::1" name="" parentId="" parentType="vistrail" parentVersion="18" session="1" tsEnd="2010-11-02 14:29:16" tsStart="2010-11-02 14:29:12" user="tommy" version="1.0.2" vtVersion="1.5.1">
  <moduleExec cached="1" completed="1" error="" id="1" machine_id="1" moduleId="3" moduleName="String" tsEnd="2010-11-02 14:29:12" tsStart="2010-11-02 14:29:12" />
  <moduleExec cached="0" completed="1" error="" id="2" machine_id="1" moduleId="2" moduleName="PythonSource" tsEnd="2010-11-02 14:29:12" tsStart="2010-11-02 14:29:12" />
  <moduleExec cached="0" completed="1" error="" id="3" machine_id="1" moduleId="1" moduleName="If" tsEnd="2010-11-02 14:29:16" tsStart="2010-11-02 14:29:12" />
  <moduleExec cached="1" completed="1" error="" id="4" machine_id="1" moduleId="13" moduleName="fetchData" tsEnd="2010-11-02 14:29:12" tsStart="2010-11-02 14:29:12" />
  <moduleExec cached="0" completed="1" error="" id="5" machine_id="1" moduleId="11" moduleName="PythonSource" tsEnd="2010-11-02 14:29:12" tsStart="2010-11-02 14:29:12" />
  <moduleExec cached="0" completed="1" error="" id="6" machine_id="1" moduleId="10" moduleName="vtkPDBReader" tsEnd="2010-11-02 14:29:16" tsStart="2010-11-02 14:29:12" />
  <moduleExec cached="0" completed="1" error="" id="7" machine_id="1" moduleId="8" moduleName="vtkDataSetMapper" tsEnd="2010-11-02 14:29:16" tsStart="2010-11-02 14:29:16" />
  <moduleExec cached="0" completed="1" error="" id="8" machine_id="1" moduleId="9" moduleName="vtkActor" tsEnd="2010-11-02 14:29:16" tsStart="2010-11-02 14:29:16" />
  <moduleExec cached="0" completed="1" error="" id="9" machine_id="1" moduleId="7" moduleName="vtkRenderer" tsEnd="2010-11-02 14:29:16" tsStart="2010-11-02 14:29:16" />
  <moduleExec cached="0" completed="1" error="" id="10" machine_id="1" moduleId="6" moduleName="VTKCell" tsEnd="2010-11-02 14:29:16" tsStart="2010-11-02 14:29:16" />
</workflowExec>
