<workflow id="0" name="untitled" version="1.0.3" vistrail_id="" xmlns:xsi="http://www.w3.org/2001/XMLSchema-instance" xsi:schemaLocation="http://www.vistrails.org/workflow.xsd">
  <connection id="1">
    <port id="3" moduleId="2" moduleName="PythonSource" name="Structure" signature="(edu.utah.sci.vistrails.basic:String)" type="destination" />
    <port id="2" moduleId="3" moduleName="String" name="value" signature="(edu.utah.sci.vistrails.basic:String)" type="source" />
  </connection>
  <connection id="3">
    <port id="7" moduleId="4" moduleName="PythonSource" name="Input" signature="(edu.utah.sci.vistrails.basic:String)" type="destination" />
    <port id="6" moduleId="3" moduleName="String" name="value" signature="(edu.utah.sci.vistrails.basic:String)" type="source" />
  </connection>
  <connection id="6">
    <port id="13" moduleId="1" moduleName="If" name="Condition" signature="(edu.utah.sci.vistrails.basic:Boolean)" type="destination" />
    <port id="12" moduleId="2" moduleName="PythonSource" name="Is_ID" signature="(edu.utah.sci.vistrails.basic:Boolean)" type="source" />
  </connection>
  <connection id="18">
    <port id="36" moduleId="11" moduleName="PythonSource" name="File" signature="(edu.utah.sci.vistrails.basic:File)" type="source" />
    <port id="37" moduleId="14" moduleName="vtkPDBReader" name="SetFile" signature="(edu.utah.sci.vistrails.basic:File)" type="destination" />
  </connection>
  <connection id="22">
    <port id="44" moduleId="15" moduleName="vtkActor" name="self" signature="(edu.utah.sci.vistrails.vtk:vtkActor)" type="source" />
    <port id="45" moduleId="16" moduleName="vtkRenderer" name="AddActor" signature="(edu.utah.sci.vistrails.vtk:vtkProp)" type="destination" />
  </connection>
  <connection id="23">
    <port id="46" moduleId="17" moduleName="vtkDataSetMapper" name="self" signature="(edu.utah.sci.vistrails.vtk:vtkDataSetMapper)" type="source" />
    <port id="47" moduleId="15" moduleName="vtkActor" name="SetMapper" signature="(edu.utah.sci.vistrails.vtk:vtkMapper)" type="destination" />
  </connection>
  <connection id="24">
    <port id="48" moduleId="14" moduleName="vtkPDBReader" name="GetOutputPort0" signature="(edu.utah.sci.vistrails.vtk:vtkAlgorithmOutput)" type="source" />
    <port id="49" moduleId="17" moduleName="vtkDataSetMapper" name="AddInputConnection" signature="(edu.utah.sci.vistrails.vtk:vtkAlgorithmOutput)" type="destination" />
  </connection>
  <connection id="25">
    <port id="50" moduleId="18" moduleName="VTKCell" name="self" signature="(edu.utah.sci.vistrails.vtk:VTKCell)" type="source" />
    <port id="51" moduleId="1" moduleName="If" name="TruePort" signature="(edu.utah.sci.vistrails.basic:Module)" type="destination" />
  </connection>
  <connection id="26">
    <port id="52" moduleId="16" moduleName="vtkRenderer" name="self" signature="(edu.utah.sci.vistrails.vtk:vtkRenderer)" type="source" />
    <port id="53" moduleId="18" moduleName="VTKCell" name="AddRenderer" signature="(edu.utah.sci.vistrails.vtk:vtkRenderer)" type="destination" />
  </connection>
  <connection id="27">
    <port id="54" moduleId="19" moduleName="fetchData" name="fetchDataReturn" signature="(edu.utah.sci.vistrails.basic:String)" type="source" />
    <port id="55" moduleId="11" moduleName="PythonSource" name="PDB_format" signature="(edu.utah.sci.vistrails.basic:String)" type="destination" />
  </connection>
  <connection id="28">
    <port id="56" moduleId="3" moduleName="String" name="value" signature="(edu.utah.sci.vistrails.basic:String)" type="source" />
    <port id="57" moduleId="19" moduleName="fetchData" name="query" signature="(edu.utah.sci.vistrails.basic:String)" type="destination" />
  </connection>
  <connection id="29">
    <port id="58" moduleId="20" moduleName="RichTextCell" name="self" signature="(edu.utah.sci.vistrails.basic:Module)" type="source" />
    <port id="59" moduleId="1" moduleName="If" name="FalsePort" signature="(edu.utah.sci.vistrails.basic:Module)" type="destination" />
  </connection>
  <connection id="30">
    <port id="60" moduleId="4" moduleName="PythonSource" name="html" signature="(edu.utah.sci.vistrails.basic:File)" type="source" />
    <port id="61" moduleId="20" moduleName="RichTextCell" name="File" signature="(edu.utah.sci.vistrails.basic:File)" type="destination" />
  </connection>
  <module cache="1" id="1" name="If" namespace="" package="edu.utah.sci.vistrails.control_flow" version="0.2.0">
    <location id="1" x="-37.5400038074" y="-157.444085501" />
  </module>
  <module cache="1" id="2" name="PythonSource" namespace="" package="edu.utah.sci.vistrails.basic" version="1.6">
    <location id="41" x="-262.8018942" y="-1.19494504005" />
    <function id="0" name="source" pos="0">
      <parameter alias="" id="0" name="&lt;no description&gt;" pos="0" type="edu.utah.sci.vistrails.basic:String" val="structure%20%3D%20self.getInputFromPort%28%22Structure%22%29%0A%0Aif%20%22%5Cn%22%20in%20structure%3A%0A%20%20%20%20lineLen%20%3D%20structure.index%28%22%5Cn%22%29%0Aelse%3A%0A%20%20%20%20lineLen%20%3D%20-1%0Aif%20lineLen%3C1%3A%0A%20%20%20%20lineLen%20%3D%20len%28structure%29%0A%0Aif%20%22%3A%22%20in%20structure%3A%0A%20%20%20%20index%20%3D%20structure.index%28%22%3A%22%29%0Aelse%3A%0A%20%20%20%20index%20%3D%20-1%0A%0Aif%20%28structure%5B0%5D%21%3D%22ID%20%22%29%20and%20%28index%3E0%29%20and%20%28index%3ClineLen%29%3A%0A%20%20%20%20is_ID%20%3D%20True%0Aelse%3A%0A%20%20%20%20is_ID%20%3D%20False%0A%0Aself.setResult%28%22Is_ID%22%2C%20is_ID%29" />
    </function>
    <annotation id="1" key="__desc__" value="Is_ID" />
    <portSpec id="1" maxConns="" minConns="" name="Structure" optional="0" sortKey="0" type="input">
      <portSpecItem default="" entryType="" id="2" label="" module="String" namespace="" package="edu.utah.sci.vistrails.basic" pos="0" values="" />
    </portSpec>
    <portSpec id="0" maxConns="" minConns="" name="Is_ID" optional="0" sortKey="0" type="output">
      <portSpecItem default="" entryType="" id="3" label="" module="Boolean" namespace="" package="edu.utah.sci.vistrails.basic" pos="0" values="" />
    </portSpec>
  </module>
  <module cache="1" id="3" name="String" namespace="" package="edu.utah.sci.vistrails.basic" version="1.6">
    <location id="3" x="-43.5003175372" y="162.509060076" />
    <function id="1" name="value" pos="0">
      <parameter alias="" id="1" name="&lt;no description&gt;" pos="0" type="edu.utah.sci.vistrails.basic:String" val="PDB:3BG0" />
    </function>
    <annotation id="2" key="__desc__" value="Workflow_Input" />
  </module>
  <module cache="1" id="4" name="PythonSource" namespace="" package="edu.utah.sci.vistrails.basic" version="1.6">
    <location id="4" x="194.800137633" y="43.6630283104" />
    <function id="2" name="source" pos="0">
      <parameter alias="" id="2" name="&lt;no description&gt;" pos="0" type="edu.utah.sci.vistrails.basic:String" val="input%20%3D%20self.getInputFromPort%28%22Input%22%29%0A%0Aoutput%20%3D%20self.interpreter.filePool.create_file%28%29%0Af%20%3D%20open%28str%28output.name%29%2C%20%27w%27%29%0Atext%20%3D%20%27%3CHTML%3E%3CTITLE%3EProtein%20Visualization%3C/TITLE%3E%3CBODY%20BGCOLOR%3D%22%23FFFFFF%22%3E%27%0Af.write%28text%29%0Atext%20%3D%20%27%3CH2%3EProtein%20Visualization%20Workflow%3C/H2%3E%27%0Af.write%28text%29%0Atext%20%3D%20%27%3CH3%3EThe%20following%20input%20is%20not%20an%20ID%20from%20a%20protein%3A%3C/H3%3E%27%0Atext%20%2B%3D%20%27%3CH4%3E%27%20%2B%20str%28input%29%20%2B%20%27%3C/H4%3E%27%0Atext%20%2B%3D%20%27%3CH3%3EThe%20visualization%20cannot%20be%20done.%3C/H3%3E%27%0Af.write%28text%29%0A%0Atext%20%3D%20%27%3C/CENTER%3E%3C/BODY%3E%3C/HTML%3E%27%0Af.write%28text%29%0A%0Aself.setResult%28%27html%27%2C%20f%29%0A%0Af.close%28%29" />
    </function>
    <annotation id="3" key="__desc__" value="Not_ID" />
    <portSpec id="3" maxConns="" minConns="" name="html" optional="0" sortKey="0" type="output">
      <portSpecItem default="" entryType="" id="4" label="" module="File" namespace="" package="edu.utah.sci.vistrails.basic" pos="0" values="" />
    </portSpec>
    <portSpec id="2" maxConns="" minConns="" name="Input" optional="0" sortKey="0" type="input">
      <portSpecItem default="" entryType="" id="5" label="" module="String" namespace="" package="edu.utah.sci.vistrails.basic" pos="0" values="" />
    </portSpec>
  </module>
  <module cache="1" id="11" name="PythonSource" namespace="" package="edu.utah.sci.vistrails.basic" version="1.6">
    <location id="32" x="400.568777851" y="161.033951238" />
    <function id="5" name="source" pos="0">
      <parameter alias="" id="6" name="&lt;no description&gt;" pos="0" type="edu.utah.sci.vistrails.basic:String" val="PDB_format%20%3D%20self.getInputFromPort%28%27PDB_format%27%29%0A%0Aoutput%20%3D%20self.interpreter.filePool.create_file%28%29%0Afile_%20%3D%20open%28str%28output.name%29%2C%20%27w%27%29%0Afile_.write%28PDB_format%29%0A%0Aself.setResult%28%27File%27%2C%20file_%29%0A%0Afile_.close%28%29" />
    </function>
    <annotation id="5" key="__desc__" value="CreateFile" />
    <portSpec id="5" maxConns="" minConns="" name="File" optional="0" sortKey="0" type="output">
      <portSpecItem default="" entryType="" id="6" label="" module="File" namespace="" package="edu.utah.sci.vistrails.basic" pos="0" values="" />
    </portSpec>
    <portSpec id="4" maxConns="" minConns="" name="PDB_format" optional="0" sortKey="0" type="input">
      <portSpecItem default="" entryType="" id="7" label="" module="String" namespace="" package="edu.utah.sci.vistrails.basic" pos="0" values="" />
    </portSpec>
  </module>
  <module cache="1" id="14" name="vtkPDBReader" namespace="" package="edu.utah.sci.vistrails.vtk" version="0.9.3">
    <location id="34" x="406.857775266" y="63.5544913127" />
  </module>
  <module cache="1" id="15" name="vtkActor" namespace="" package="edu.utah.sci.vistrails.vtk" version="0.9.3">
    <location id="35" x="406.697388035" y="-116.583606615" />
  </module>
  <module cache="1" id="16" name="vtkRenderer" namespace="" package="edu.utah.sci.vistrails.vtk" version="0.9.3">
    <location id="36" x="406.544818044" y="-208.900519069" />
    <function id="10" name="SetBackground" pos="0">
      <parameter alias="" id="13" name="&lt;no description&gt;" pos="0" type="edu.utah.sci.vistrails.basic:Float" val="1" />
      <parameter alias="" id="14" name="&lt;no description&gt;" pos="1" type="edu.utah.sci.vistrails.basic:Float" val="1" />
      <parameter alias="" id="15" name="&lt;no description&gt;" pos="2" type="edu.utah.sci.vistrails.basic:Float" val="1" />
    </function>
  </module>
  <module cache="1" id="17" name="vtkDataSetMapper" namespace="" package="edu.utah.sci.vistrails.vtk" version="0.9.3">
    <location id="37" x="402.091912234" y="-28.2026497612" />
    <function id="11" name="ScalarVisibilityOn" pos="0" />
  </module>
  <module cache="1" id="18" name="VTKCell" namespace="" package="edu.utah.sci.vistrails.vtk" version="0.9.3">
    <location id="38" x="408.952484042" y="-292.994138939" />
  </module>
  <module cache="1" id="19" name="fetchData" namespace="Methods" package="SUDS#http$//www.ebi.ac.uk/Tools/webservices/wsdl/WSDbfetch.wsdl" version="23884767639674205198320187546834423136">
    <location id="39" x="404.517454457" y="258.135651872" />
    <function id="12" name="format" pos="0">
      <parameter alias="" id="16" name="&lt;no description&gt;" pos="0" type="edu.utah.sci.vistrails.basic:String" val="pdb" />
    </function>
    <function id="13" name="style" pos="1">
      <parameter alias="" id="17" name="&lt;no description&gt;" pos="0" type="edu.utah.sci.vistrails.basic:String" val="raw" />
    </function>
  </module>
  <module cache="1" id="20" name="RichTextCell" namespace="" package="edu.utah.sci.vistrails.spreadsheet" version="0.9.1">
    <location id="40" x="194.568066225" y="-56.659861854" />
  </module>
</workflow>
