<vistrail id="" name="" version="1.0.2" xmlns:xsi="http://www.w3.org/2001/XMLSchema-instance" xsi:schemaLocation="http://www.vistrails.org/vistrail.xsd">
  <action date="2010-11-01 19:14:43" id="1" prevId="0" session="0" user="tommy">
    <annotation id="4" key="__description__" value="Paste" />
    <add id="0" objectId="0" parentObjId="" parentObjType="" what="group">
      <group cache="1" id="0" name="Group" namespace="" package="edu.utah.sci.vistrails.basic" version="">
        <workflow id="" name="untitled" version="" vistrail_id="">
          <connection id="2">
            <port id="3" moduleId="3" moduleName="vtkRenderer" name="self" signature="(edu.utah.sci.vistrails.vtk:vtkRenderer)" type="source" />
            <port id="4" moduleId="2" moduleName="VTKCell" name="AddRenderer" signature="(edu.utah.sci.vistrails.vtk:vtkRenderer)" type="destination" />
          </connection>
          <connection id="3">
            <port id="5" moduleId="5" moduleName="vtkActor" name="self" signature="(edu.utah.sci.vistrails.vtk:vtkActor)" type="source" />
            <port id="6" moduleId="3" moduleName="vtkRenderer" name="AddActor" signature="(edu.utah.sci.vistrails.vtk:vtkProp)" type="destination" />
          </connection>
          <connection id="4">
            <port id="7" moduleId="4" moduleName="vtkDataSetMapper" name="self" signature="(edu.utah.sci.vistrails.vtk:vtkDataSetMapper)" type="source" />
            <port id="8" moduleId="5" moduleName="vtkActor" name="SetMapper" signature="(edu.utah.sci.vistrails.vtk:vtkMapper)" type="destination" />
          </connection>
          <connection id="7">
            <port id="13" moduleId="8" moduleName="OutputPort" name="InternalPipe" signature="(edu.utah.sci.vistrails.basic:Variant)" type="destination" />
            <port id="14" moduleId="2" moduleName="VTKCell" name="self" signature="(edu.utah.sci.vistrails.vtk:VTKCell)" type="source" />
          </connection>
          <connection id="52">
            <port id="104" moduleId="38" moduleName="vtkPDBReader" name="GetOutputPort0" signature="(edu.utah.sci.vistrails.vtk:vtkAlgorithmOutput)" type="source" />
            <port id="105" moduleId="4" moduleName="vtkDataSetMapper" name="AddInputConnection" signature="(edu.utah.sci.vistrails.vtk:vtkAlgorithmOutput)" type="destination" />
          </connection>
          <connection id="54">
            <port id="108" moduleId="39" moduleName="PythonSource" name="File" signature="(edu.utah.sci.vistrails.basic:File)" type="source" />
            <port id="109" moduleId="38" moduleName="vtkPDBReader" name="SetFile" signature="(edu.utah.sci.vistrails.basic:File)" type="destination" />
          </connection>
          <connection id="56">
            <port id="112" moduleId="40" moduleName="fetchData" name="fetchDataReturn" signature="(edu.utah.sci.vistrails.basic:String)" type="source" />
            <port id="113" moduleId="39" moduleName="PythonSource" name="PDB_format" signature="(edu.utah.sci.vistrails.basic:String)" type="destination" />
          </connection>
          <connection id="57">
            <port id="114" moduleId="9" moduleName="InputPort" name="InternalPipe" signature="(edu.utah.sci.vistrails.basic:Variant)" type="source" />
            <port id="115" moduleId="40" moduleName="fetchData" name="query" signature="(edu.utah.sci.vistrails.basic:String)" type="destination" />
          </connection>
          <module cache="1" id="2" name="VTKCell" namespace="" package="edu.utah.sci.vistrails.vtk" version="">
            <location id="2" x="4.36857580857" y="-271.17947207" />
          </module>
          <module cache="1" id="3" name="vtkRenderer" namespace="" package="edu.utah.sci.vistrails.vtk" version="">
            <location id="3" x="1.96090981057" y="-187.0858522" />
            <function id="2" name="SetBackground" pos="0">
              <parameter alias="" id="2" name="&lt;no description&gt;" pos="0" type="Float" val="1" />
              <parameter alias="" id="3" name="&lt;no description&gt;" pos="1" type="Float" val="1" />
              <parameter alias="" id="4" name="&lt;no description&gt;" pos="2" type="Float" val="1" />
            </function>
          </module>
          <module cache="1" id="4" name="vtkDataSetMapper" namespace="" package="edu.utah.sci.vistrails.vtk" version="">
            <location id="4" x="-2.49199599943" y="-6.38798289239" />
            <function id="3" name="ScalarVisibilityOn" pos="0" />
          </module>
          <module cache="1" id="5" name="vtkActor" namespace="" package="edu.utah.sci.vistrails.vtk" version="">
            <location id="5" x="2.11347980157" y="-94.7689397464" />
          </module>
          <module cache="1" id="8" name="OutputPort" namespace="" package="edu.utah.sci.vistrails.basic" version="">
            <location id="8" x="4.97623083722" y="-381.511030853" />
            <function id="6" name="name" pos="0">
              <parameter alias="" id="7" name="&lt;no description&gt;" pos="0" type="edu.utah.sci.vistrails.basic:String" val="VTKCell" />
            </function>
          </module>
          <module cache="1" id="9" name="InputPort" namespace="" package="edu.utah.sci.vistrails.basic" version="">
            <location id="9" x="-20.8890062415" y="389.620377298" />
            <function id="7" name="name" pos="0">
              <parameter alias="" id="8" name="&lt;no description&gt;" pos="0" type="edu.utah.sci.vistrails.basic:String" val="query" />
            </function>
          </module>
          <module cache="1" id="38" name="vtkPDBReader" namespace="" package="edu.utah.sci.vistrails.vtk" version="0.9.2">
            <location id="60" x="2.27386703257" y="85.3691581815" />
          </module>
          <module cache="1" id="39" name="PythonSource" namespace="" package="edu.utah.sci.vistrails.basic" version="1.6">
            <location id="61" x="-4.01513038243" y="182.848618107" />
            <function id="24" name="source" pos="0">
              <parameter alias="" id="30" name="&lt;no description&gt;" pos="0" type="edu.utah.sci.vistrails.basic:String" val="PDB_format%20%3D%20self.getInputFromPort%28%27PDB_format%27%29%0A%0Aoutput%20%3D%20self.interpreter.filePool.create_file%28%29%0Afile_%20%3D%20open%28str%28output.name%29%2C%20%27w%27%29%0Afile_.write%28PDB_format%29%0A%0Aself.setResult%28%27File%27%2C%20file_%29%0A%0Afile_.close%28%29" />
            </function>
            <annotation id="25" key="__desc__" value="CreateFile" />
            <portSpec defaults="" id="18" labels="" name="PDB_format" optional="0" sigstring="(edu.utah.sci.vistrails.basic:String)" sortKey="0" type="input" />
            <portSpec defaults="" id="17" labels="" name="File" optional="0" sigstring="(edu.utah.sci.vistrails.basic:File)" sortKey="0" type="output" />
          </module>
          <module cache="1" id="40" name="fetchData" namespace="http://www.ebi.ac.uk/Tools/webservices/wsdl/WSDbfetch.wsdl|Methods" package="edu.utah.sci.vistrails.webservices" version="0.9.3">
            <location id="62" x="-4.20970607142" y="291.20447062" />
            <function id="25" name="format" pos="0">
              <parameter alias="" id="31" name="&lt;no description&gt;" pos="0" type="edu.utah.sci.vistrails.basic:String" val="pdb" />
            </function>
            <function id="26" name="style" pos="1">
              <parameter alias="" id="32" name="&lt;no description&gt;" pos="0" type="edu.utah.sci.vistrails.basic:String" val="raw" />
            </function>
          </module>
        </workflow>
      </group>
    </add>
    <add id="1" objectId="0" parentObjId="0" parentObjType="group" what="annotation">
      <annotation id="0" key="__desc__" value="Generate_Visualization" />
    </add>
    <add id="2" objectId="0" parentObjId="0" parentObjType="group" what="location">
      <location id="0" x="-40.8574910322" y="1.7953012902" />
    </add>
    <add id="3" objectId="1" parentObjId="" parentObjType="" what="module">
      <module cache="1" id="1" name="If" namespace="" package="edu.utah.sci.vistrails.control_flow" version="0.2.0" />
    </add>
    <add id="4" objectId="1" parentObjId="1" parentObjType="module" what="location">
      <location id="1" x="-37.5400038074" y="-157.444085501" />
    </add>
    <add id="5" objectId="2" parentObjId="" parentObjType="" what="module">
      <module cache="1" id="2" name="PythonSource" namespace="" package="edu.utah.sci.vistrails.basic" version="1.6" />
    </add>
    <add id="6" objectId="1" parentObjId="2" parentObjType="module" what="portSpec">
      <portSpec defaults="" id="1" labels="" name="Structure" optional="0" sigstring="(edu.utah.sci.vistrails.basic:String)" sortKey="0" type="input" />
    </add>
    <add id="7" objectId="0" parentObjId="2" parentObjType="module" what="portSpec">
      <portSpec defaults="" id="0" labels="" name="Is_ID" optional="0" sigstring="(edu.utah.sci.vistrails.basic:Boolean)" sortKey="0" type="output" />
    </add>
    <add id="8" objectId="1" parentObjId="2" parentObjType="module" what="annotation">
      <annotation id="1" key="__desc__" value="Is_ID" />
    </add>
    <add id="9" objectId="0" parentObjId="2" parentObjType="module" what="function">
      <function id="0" name="source" pos="0" />
    </add>
    <add id="10" objectId="0" parentObjId="0" parentObjType="function" what="parameter">
      <parameter alias="" id="0" name="&lt;no description&gt;" pos="0" type="edu.utah.sci.vistrails.basic:String" val="structure%20%3D%20self.getInputFromPort%28%22Structure%22%29%0A%0Aif%20%22%5Cn%22%20in%20structure%3A%0A%20%20%20%20lineLen%20%3D%20structure.index%28%22%5Cn%22%29%0Aelse%3A%0A%20%20%20%20lineLen%20%3D%20-1%0Aif%20lineLen%3C1%3A%0A%20%20%20%20lineLen%20%3D%20len%28structure%29%0A%0Aif%20%22%3A%22%20in%20structure%3A%0A%20%20%20%20index%20%3D%20structure.index%28%22%3A%22%29%0Aelse%3A%0A%20%20%20%20index%20%3D%20-1%0A%0Aif%20%28structure%5B0%5D%21%3D%22ID%20%22%29%20and%20%28index%3E0%29%20and%20%28index%3ClineLen%29%3A%0A%20%20%20%20is_ID%20%3D%20True%0Aelse%3A%0A%20%20%20%20is_ID%20%3D%20False%0A%0Aself.setResult%28%22Is_ID%22%2C%20is_ID%29" />
    </add>
    <add id="11" objectId="2" parentObjId="2" parentObjType="module" what="location">
      <location id="2" x="-261.470391482" y="0.1365576778" />
    </add>
    <add id="12" objectId="3" parentObjId="" parentObjType="" what="module">
      <module cache="1" id="3" name="String" namespace="" package="edu.utah.sci.vistrails.basic" version="1.6" />
    </add>
    <add id="13" objectId="2" parentObjId="3" parentObjType="module" what="annotation">
      <annotation id="2" key="__desc__" value="Workflow_Input" />
    </add>
    <add id="14" objectId="1" parentObjId="3" parentObjType="module" what="function">
      <function id="1" name="value" pos="0" />
    </add>
    <add id="15" objectId="1" parentObjId="1" parentObjType="function" what="parameter">
      <parameter alias="" id="1" name="&lt;no description&gt;" pos="0" type="edu.utah.sci.vistrails.basic:String" val="PDB:3BG0" />
    </add>
    <add id="16" objectId="3" parentObjId="3" parentObjType="module" what="location">
      <location id="3" x="-43.5003175372" y="162.509060076" />
    </add>
    <add id="17" objectId="4" parentObjId="" parentObjType="" what="module">
      <module cache="1" id="4" name="PythonSource" namespace="" package="edu.utah.sci.vistrails.basic" version="1.6" />
    </add>
    <add id="18" objectId="3" parentObjId="4" parentObjType="module" what="portSpec">
      <portSpec defaults="" id="3" labels="" name="html" optional="0" sigstring="(edu.utah.sci.vistrails.basic:File)" sortKey="0" type="output" />
    </add>
    <add id="19" objectId="2" parentObjId="4" parentObjType="module" what="portSpec">
      <portSpec defaults="" id="2" labels="" name="Input" optional="0" sigstring="(edu.utah.sci.vistrails.basic:String)" sortKey="0" type="input" />
    </add>
    <add id="20" objectId="3" parentObjId="4" parentObjType="module" what="annotation">
      <annotation id="3" key="__desc__" value="Not_ID" />
    </add>
    <add id="21" objectId="2" parentObjId="4" parentObjType="module" what="function">
      <function id="2" name="source" pos="0" />
    </add>
    <add id="22" objectId="2" parentObjId="2" parentObjType="function" what="parameter">
      <parameter alias="" id="2" name="&lt;no description&gt;" pos="0" type="edu.utah.sci.vistrails.basic:String" val="input%20%3D%20self.getInputFromPort%28%22Input%22%29%0A%0Aoutput%20%3D%20self.interpreter.filePool.create_file%28%29%0Af%20%3D%20open%28str%28output.name%29%2C%20%27w%27%29%0Atext%20%3D%20%27%3CHTML%3E%3CTITLE%3EProtein%20Visualization%3C/TITLE%3E%3CBODY%20BGCOLOR%3D%22%23FFFFFF%22%3E%27%0Af.write%28text%29%0Atext%20%3D%20%27%3CH2%3EProtein%20Visualization%20Workflow%3C/H2%3E%27%0Af.write%28text%29%0Atext%20%3D%20%27%3CH3%3EThe%20following%20input%20is%20not%20an%20ID%20from%20a%20protein%3A%3C/H3%3E%27%0Atext%20%2B%3D%20%27%3CH4%3E%27%20%2B%20str%28input%29%20%2B%20%27%3C/H4%3E%27%0Atext%20%2B%3D%20%27%3CH3%3EThe%20visualization%20cannot%20be%20done.%3C/H3%3E%27%0Af.write%28text%29%0A%0Atext%20%3D%20%27%3C/CENTER%3E%3C/BODY%3E%3C/HTML%3E%27%0Af.write%28text%29%0A%0Aself.setResult%28%27html%27%2C%20f%29%0A%0Af.close%28%29" />
    </add>
    <add id="23" objectId="4" parentObjId="4" parentObjType="module" what="location">
      <location id="4" x="194.800137633" y="43.6630283104" />
    </add>
    <add id="24" objectId="5" parentObjId="" parentObjType="" what="module">
      <module cache="1" id="5" name="RichTextCell" namespace="" package="edu.utah.sci.vistrails.spreadsheet" version="0.9.0" />
    </add>
    <add id="25" objectId="5" parentObjId="5" parentObjType="module" what="location">
      <location id="5" x="194.568066225" y="-56.659861854" />
    </add>
    <add id="26" objectId="0" parentObjId="" parentObjType="" what="connection">
      <connection id="0" />
    </add>
    <add id="27" objectId="1" parentObjId="0" parentObjType="connection" what="port">
      <port id="1" moduleId="0" moduleName="Group" name="query" signature="(edu.utah.sci.vistrails.basic:String)" type="destination" />
    </add>
    <add id="28" objectId="0" parentObjId="0" parentObjType="connection" what="port">
      <port id="0" moduleId="3" moduleName="String" name="value" signature="(edu.utah.sci.vistrails.basic:String)" type="source" />
    </add>
    <add id="29" objectId="1" parentObjId="" parentObjType="" what="connection">
      <connection id="1" />
    </add>
    <add id="30" objectId="3" parentObjId="1" parentObjType="connection" what="port">
      <port id="3" moduleId="2" moduleName="PythonSource" name="Structure" signature="(edu.utah.sci.vistrails.basic:String)" type="destination" />
    </add>
    <add id="31" objectId="2" parentObjId="1" parentObjType="connection" what="port">
      <port id="2" moduleId="3" moduleName="String" name="value" signature="(edu.utah.sci.vistrails.basic:String)" type="source" />
    </add>
    <add id="32" objectId="2" parentObjId="" parentObjType="" what="connection">
      <connection id="2" />
    </add>
    <add id="33" objectId="5" parentObjId="2" parentObjType="connection" what="port">
      <port id="5" moduleId="5" moduleName="RichTextCell" name="File" signature="(edu.utah.sci.vistrails.basic:File)" type="destination" />
    </add>
    <add id="34" objectId="4" parentObjId="2" parentObjType="connection" what="port">
      <port id="4" moduleId="4" moduleName="PythonSource" name="html" signature="(edu.utah.sci.vistrails.basic:File)" type="source" />
    </add>
    <add id="35" objectId="3" parentObjId="" parentObjType="" what="connection">
      <connection id="3" />
    </add>
    <add id="36" objectId="7" parentObjId="3" parentObjType="connection" what="port">
      <port id="7" moduleId="4" moduleName="PythonSource" name="Input" signature="(edu.utah.sci.vistrails.basic:String)" type="destination" />
    </add>
    <add id="37" objectId="6" parentObjId="3" parentObjType="connection" what="port">
      <port id="6" moduleId="3" moduleName="String" name="value" signature="(edu.utah.sci.vistrails.basic:String)" type="source" />
    </add>
    <add id="38" objectId="4" parentObjId="" parentObjType="" what="connection">
      <connection id="4" />
    </add>
    <add id="39" objectId="9" parentObjId="4" parentObjType="connection" what="port">
      <port id="9" moduleId="1" moduleName="If" name="FalsePort" signature="(edu.utah.sci.vistrails.basic:Module)" type="destination" />
    </add>
    <add id="40" objectId="8" parentObjId="4" parentObjType="connection" what="port">
      <port id="8" moduleId="5" moduleName="RichTextCell" name="self" signature="(edu.utah.sci.vistrails.basic:Module)" type="source" />
    </add>
    <add id="41" objectId="5" parentObjId="" parentObjType="" what="connection">
      <connection id="5" />
    </add>
    <add id="42" objectId="11" parentObjId="5" parentObjType="connection" what="port">
      <port id="11" moduleId="1" moduleName="If" name="TruePort" signature="(edu.utah.sci.vistrails.basic:Module)" type="destination" />
    </add>
    <add id="43" objectId="10" parentObjId="5" parentObjType="connection" what="port">
      <port id="10" moduleId="0" moduleName="Group" name="VTKCell" signature="(edu.utah.sci.vistrails.vtk:VTKCell)" type="source" />
    </add>
    <add id="44" objectId="6" parentObjId="" parentObjType="" what="connection">
      <connection id="6" />
    </add>
    <add id="45" objectId="13" parentObjId="6" parentObjType="connection" what="port">
      <port id="13" moduleId="1" moduleName="If" name="Condition" signature="(edu.utah.sci.vistrails.basic:Boolean)" type="destination" />
    </add>
    <add id="46" objectId="12" parentObjId="6" parentObjType="connection" what="port">
      <port id="12" moduleId="2" moduleName="PythonSource" name="Is_ID" signature="(edu.utah.sci.vistrails.basic:Boolean)" type="source" />
    </add>
  </action>
  <action date="2010-11-01 19:15:14" id="2" prevId="1" session="0" user="tommy">
    <change id="47" newObjId="6" oldObjId="0" parentObjId="0" parentObjType="group" what="location">
      <location id="6" x="80.3403455172" y="296.132904339" />
    </change>
  </action>
  <action date="2010-11-01 19:15:18" id="3" prevId="2" session="0" user="tommy">
    <change id="48" newObjId="7" oldObjId="6" parentObjId="0" parentObjType="group" what="location">
      <location id="7" x="245.61012263" y="338.630847025" />
    </change>
  </action>
  <action date="2010-11-01 19:15:18" id="4" prevId="3" session="0" user="tommy">
    <delete id="49" objectId="1" parentObjId="0" parentObjType="connection" what="port" />
    <delete id="50" objectId="0" parentObjId="0" parentObjType="connection" what="port" />
    <delete id="51" objectId="0" parentObjId="" parentObjType="" what="connection" />
    <delete id="52" objectId="11" parentObjId="5" parentObjType="connection" what="port" />
    <delete id="53" objectId="10" parentObjId="5" parentObjType="connection" what="port" />
    <delete id="54" objectId="5" parentObjId="" parentObjType="" what="connection" />
    <delete id="55" objectId="7" parentObjId="0" parentObjType="group" what="location" />
    <delete id="56" objectId="0" parentObjId="0" parentObjType="group" what="annotation" />
    <delete id="57" objectId="0" parentObjId="" parentObjType="" what="group" />
    <add id="58" objectId="6" parentObjId="" parentObjType="" what="module">
      <module cache="1" id="6" name="VTKCell" namespace="" package="edu.utah.sci.vistrails.vtk" version="" />
    </add>
    <add id="59" objectId="8" parentObjId="6" parentObjType="module" what="location">
      <location id="8" x="249.978698439" y="67.451374955" />
    </add>
    <add id="60" objectId="7" parentObjId="" parentObjType="" what="module">
      <module cache="1" id="7" name="vtkRenderer" namespace="" package="edu.utah.sci.vistrails.vtk" version="" />
    </add>
    <add id="61" objectId="3" parentObjId="7" parentObjType="module" what="function">
      <function id="3" name="SetBackground" pos="0" />
    </add>
    <add id="62" objectId="5" parentObjId="3" parentObjType="function" what="parameter">
      <parameter alias="" id="5" name="&lt;no description&gt;" pos="2" type="Float" val="1" />
    </add>
    <add id="63" objectId="4" parentObjId="3" parentObjType="function" what="parameter">
      <parameter alias="" id="4" name="&lt;no description&gt;" pos="1" type="Float" val="1" />
    </add>
    <add id="64" objectId="3" parentObjId="3" parentObjType="function" what="parameter">
      <parameter alias="" id="3" name="&lt;no description&gt;" pos="0" type="Float" val="1" />
    </add>
    <add id="65" objectId="9" parentObjId="7" parentObjType="module" what="location">
      <location id="9" x="247.571032441" y="151.544994825" />
    </add>
    <add id="66" objectId="8" parentObjId="" parentObjType="" what="module">
      <module cache="1" id="8" name="vtkDataSetMapper" namespace="" package="edu.utah.sci.vistrails.vtk" version="" />
    </add>
    <add id="67" objectId="4" parentObjId="8" parentObjType="module" what="function">
      <function id="4" name="ScalarVisibilityOn" pos="0" />
    </add>
    <add id="68" objectId="10" parentObjId="8" parentObjType="module" what="location">
      <location id="10" x="243.118126631" y="332.242864133" />
    </add>
    <add id="69" objectId="9" parentObjId="" parentObjType="" what="module">
      <module cache="1" id="9" name="vtkActor" namespace="" package="edu.utah.sci.vistrails.vtk" version="" />
    </add>
    <add id="70" objectId="11" parentObjId="9" parentObjType="module" what="location">
      <location id="11" x="247.723602432" y="243.861907279" />
    </add>
    <add id="71" objectId="10" parentObjId="" parentObjType="" what="module">
      <module cache="1" id="10" name="vtkPDBReader" namespace="" package="edu.utah.sci.vistrails.vtk" version="0.9.2" />
    </add>
    <add id="72" objectId="12" parentObjId="10" parentObjType="module" what="location">
      <location id="12" x="247.883989663" y="424.000005207" />
    </add>
    <add id="73" objectId="11" parentObjId="" parentObjType="" what="module">
      <module cache="1" id="11" name="PythonSource" namespace="" package="edu.utah.sci.vistrails.basic" version="1.6" />
    </add>
    <add id="74" objectId="5" parentObjId="11" parentObjType="module" what="portSpec">
      <portSpec defaults="" id="5" labels="" name="File" optional="0" sigstring="(edu.utah.sci.vistrails.basic:File)" sortKey="0" type="output" />
    </add>
    <add id="75" objectId="4" parentObjId="11" parentObjType="module" what="portSpec">
      <portSpec defaults="" id="4" labels="" name="PDB_format" optional="0" sigstring="(edu.utah.sci.vistrails.basic:String)" sortKey="0" type="input" />
    </add>
    <add id="76" objectId="5" parentObjId="11" parentObjType="module" what="annotation">
      <annotation id="5" key="__desc__" value="CreateFile" />
    </add>
    <add id="77" objectId="5" parentObjId="11" parentObjType="module" what="function">
      <function id="5" name="source" pos="0" />
    </add>
    <add id="78" objectId="6" parentObjId="5" parentObjType="function" what="parameter">
      <parameter alias="" id="6" name="&lt;no description&gt;" pos="0" type="edu.utah.sci.vistrails.basic:String" val="PDB_format%20%3D%20self.getInputFromPort%28%27PDB_format%27%29%0A%0Aoutput%20%3D%20self.interpreter.filePool.create_file%28%29%0Afile_%20%3D%20open%28str%28output.name%29%2C%20%27w%27%29%0Afile_.write%28PDB_format%29%0A%0Aself.setResult%28%27File%27%2C%20file_%29%0A%0Afile_.close%28%29" />
    </add>
    <add id="79" objectId="13" parentObjId="11" parentObjType="module" what="location">
      <location id="13" x="241.594992248" y="521.479465132" />
    </add>
    <add id="80" objectId="12" parentObjId="" parentObjType="" what="module">
      <module cache="1" id="12" name="fetchData" namespace="http://www.ebi.ac.uk/Tools/webservices/wsdl/WSDbfetch.wsdl|Methods" package="edu.utah.sci.vistrails.webservices" version="0.9.3" />
    </add>
    <add id="81" objectId="7" parentObjId="12" parentObjType="module" what="function">
      <function id="7" name="style" pos="1" />
    </add>
    <add id="82" objectId="8" parentObjId="7" parentObjType="function" what="parameter">
      <parameter alias="" id="8" name="&lt;no description&gt;" pos="0" type="edu.utah.sci.vistrails.basic:String" val="raw" />
    </add>
    <add id="83" objectId="6" parentObjId="12" parentObjType="module" what="function">
      <function id="6" name="format" pos="0" />
    </add>
    <add id="84" objectId="7" parentObjId="6" parentObjType="function" what="parameter">
      <parameter alias="" id="7" name="&lt;no description&gt;" pos="0" type="edu.utah.sci.vistrails.basic:String" val="pdb" />
    </add>
    <add id="85" objectId="14" parentObjId="12" parentObjType="module" what="location">
      <location id="14" x="241.400416559" y="629.835317645" />
    </add>
    <add id="86" objectId="7" parentObjId="" parentObjType="" what="connection">
      <connection id="7" />
    </add>
    <add id="87" objectId="15" parentObjId="7" parentObjType="connection" what="port">
      <port id="15" moduleId="6" moduleName="VTKCell" name="AddRenderer" signature="(edu.utah.sci.vistrails.vtk:vtkRenderer)" type="destination" />
    </add>
    <add id="88" objectId="14" parentObjId="7" parentObjType="connection" what="port">
      <port id="14" moduleId="7" moduleName="vtkRenderer" name="self" signature="(edu.utah.sci.vistrails.vtk:vtkRenderer)" type="source" />
    </add>
    <add id="89" objectId="8" parentObjId="" parentObjType="" what="connection">
      <connection id="8" />
    </add>
    <add id="90" objectId="17" parentObjId="8" parentObjType="connection" what="port">
      <port id="17" moduleId="7" moduleName="vtkRenderer" name="AddActor" signature="(edu.utah.sci.vistrails.vtk:vtkProp)" type="destination" />
    </add>
    <add id="91" objectId="16" parentObjId="8" parentObjType="connection" what="port">
      <port id="16" moduleId="9" moduleName="vtkActor" name="self" signature="(edu.utah.sci.vistrails.vtk:vtkActor)" type="source" />
    </add>
    <add id="92" objectId="9" parentObjId="" parentObjType="" what="connection">
      <connection id="9" />
    </add>
    <add id="93" objectId="19" parentObjId="9" parentObjType="connection" what="port">
      <port id="19" moduleId="9" moduleName="vtkActor" name="SetMapper" signature="(edu.utah.sci.vistrails.vtk:vtkMapper)" type="destination" />
    </add>
    <add id="94" objectId="18" parentObjId="9" parentObjType="connection" what="port">
      <port id="18" moduleId="8" moduleName="vtkDataSetMapper" name="self" signature="(edu.utah.sci.vistrails.vtk:vtkDataSetMapper)" type="source" />
    </add>
    <add id="95" objectId="10" parentObjId="" parentObjType="" what="connection">
      <connection id="10" />
    </add>
    <add id="96" objectId="21" parentObjId="10" parentObjType="connection" what="port">
      <port id="21" moduleId="8" moduleName="vtkDataSetMapper" name="AddInputConnection" signature="(edu.utah.sci.vistrails.vtk:vtkAlgorithmOutput)" type="destination" />
    </add>
    <add id="97" objectId="20" parentObjId="10" parentObjType="connection" what="port">
      <port id="20" moduleId="10" moduleName="vtkPDBReader" name="GetOutputPort0" signature="(edu.utah.sci.vistrails.vtk:vtkAlgorithmOutput)" type="source" />
    </add>
    <add id="98" objectId="11" parentObjId="" parentObjType="" what="connection">
      <connection id="11" />
    </add>
    <add id="99" objectId="23" parentObjId="11" parentObjType="connection" what="port">
      <port id="23" moduleId="10" moduleName="vtkPDBReader" name="SetFile" signature="(edu.utah.sci.vistrails.basic:File)" type="destination" />
    </add>
    <add id="100" objectId="22" parentObjId="11" parentObjType="connection" what="port">
      <port id="22" moduleId="11" moduleName="PythonSource" name="File" signature="(edu.utah.sci.vistrails.basic:File)" type="source" />
    </add>
    <add id="101" objectId="12" parentObjId="" parentObjType="" what="connection">
      <connection id="12" />
    </add>
    <add id="102" objectId="25" parentObjId="12" parentObjType="connection" what="port">
      <port id="25" moduleId="11" moduleName="PythonSource" name="PDB_format" signature="(edu.utah.sci.vistrails.basic:String)" type="destination" />
    </add>
    <add id="103" objectId="24" parentObjId="12" parentObjType="connection" what="port">
      <port id="24" moduleId="12" moduleName="fetchData" name="fetchDataReturn" signature="(edu.utah.sci.vistrails.basic:String)" type="source" />
    </add>
    <add id="104" objectId="13" parentObjId="" parentObjType="" what="connection">
      <connection id="13" />
    </add>
    <add id="105" objectId="26" parentObjId="13" parentObjType="connection" what="port">
      <port id="26" moduleId="3" moduleName="String" name="value" signature="(edu.utah.sci.vistrails.basic:String)" type="source" />
    </add>
    <add id="106" objectId="27" parentObjId="13" parentObjType="connection" what="port">
      <port id="27" moduleId="12" moduleName="fetchData" name="query" signature="(edu.utah.sci.vistrails.basic:String)" type="destination" />
    </add>
    <add id="107" objectId="14" parentObjId="" parentObjType="" what="connection">
      <connection id="14" />
    </add>
    <add id="108" objectId="28" parentObjId="14" parentObjType="connection" what="port">
      <port id="28" moduleId="6" moduleName="VTKCell" name="self" signature="(edu.utah.sci.vistrails.vtk:VTKCell)" type="source" />
    </add>
    <add id="109" objectId="29" parentObjId="14" parentObjType="connection" what="port">
      <port id="29" moduleId="1" moduleName="If" name="TruePort" signature="(edu.utah.sci.vistrails.basic:Module)" type="destination" />
    </add>
  </action>
  <action date="2010-11-01 19:15:27" id="5" prevId="4" session="0" user="tommy">
    <change id="110" newObjId="15" oldObjId="14" parentObjId="12" parentObjType="module" what="location">
      <location id="15" x="241.400416559" y="628.261319768" />
    </change>
  </action>
  <action date="2010-11-01 19:15:40" id="6" prevId="5" session="0" user="tommy">
    <add id="111" objectId="13" parentObjId="" parentObjType="" what="module">
      <module cache="1" id="13" name="fetchData" namespace="http://www.ebi.ac.uk/Tools/webservices/wsdl/WSDbfetch.wsdl|Methods" package="edu.utah.sci.vistrails.sudswebservices" version="0.1.0" />
    </add>
    <add id="112" objectId="16" parentObjId="13" parentObjType="module" what="location">
      <location id="16" x="-248.691664608" y="612.285174256" />
    </add>
  </action>
  <action date="2010-11-01 19:16:04" id="7" prevId="6" session="0" user="tommy">
    <add id="113" objectId="15" parentObjId="" parentObjType="" what="connection">
      <connection id="15" />
    </add>
    <add id="114" objectId="30" parentObjId="15" parentObjType="connection" what="port">
      <port id="30" moduleId="3" moduleName="String" name="value" signature="(edu.utah.sci.vistrails.basic:String)" type="source" />
    </add>
    <add id="115" objectId="31" parentObjId="15" parentObjType="connection" what="port">
      <port id="31" moduleId="13" moduleName="fetchData" name="query" signature="(edu.utah.sci.vistrails.basic:String)" type="destination" />
    </add>
  </action>
  <action date="2010-11-01 19:16:12" id="8" prevId="7" session="0" user="tommy">
    <change id="116" newObjId="17" oldObjId="15" parentObjId="12" parentObjType="module" what="location">
      <location id="17" x="242.974414436" y="628.261319768" />
    </change>
  </action>
  <action date="2010-11-01 19:16:12" id="9" prevId="8" session="0" user="tommy">
    <add id="117" objectId="8" parentObjId="13" parentObjType="module" what="function">
      <function id="8" name="format" pos="0" />
    </add>
    <add id="118" objectId="9" parentObjId="8" parentObjType="function" what="parameter">
      <parameter alias="" id="9" name="&lt;no description&gt;" pos="0" type="edu.utah.sci.vistrails.basic:String" val="" />
    </add>
  </action>
  <action date="2010-11-01 19:16:13" id="10" prevId="9" session="0" user="tommy">
    <add id="119" objectId="9" parentObjId="13" parentObjType="module" what="function">
      <function id="9" name="style" pos="1" />
    </add>
    <add id="120" objectId="10" parentObjId="9" parentObjType="function" what="parameter">
      <parameter alias="" id="10" name="&lt;no description&gt;" pos="0" type="edu.utah.sci.vistrails.basic:String" val="" />
    </add>
  </action>
  <action date="2010-11-01 19:16:17" id="11" prevId="10" session="0" user="tommy">
    <change id="121" newObjId="11" oldObjId="9" parentObjId="8" parentObjType="function" what="parameter">
      <parameter alias="" id="11" name="&lt;no description&gt;" pos="0" type="edu.utah.sci.vistrails.basic:String" val="pdb" />
    </change>
  </action>
  <action date="2010-11-01 19:16:22" id="12" prevId="11" session="0" user="tommy">
    <change id="122" newObjId="12" oldObjId="10" parentObjId="9" parentObjType="function" what="parameter">
      <parameter alias="" id="12" name="&lt;no description&gt;" pos="0" type="edu.utah.sci.vistrails.basic:String" val="raw" />
    </change>
  </action>
  <action date="2010-11-01 19:16:27" id="13" prevId="12" session="0" user="tommy">
    <change id="123" newObjId="18" oldObjId="16" parentObjId="13" parentObjType="module" what="location">
      <location id="18" x="-119.623838672" y="604.41518487" />
    </change>
  </action>
  <action date="2010-11-01 19:16:27" id="14" prevId="13" session="0" user="tommy">
    <add id="124" objectId="16" parentObjId="" parentObjType="" what="connection">
      <connection id="16" />
    </add>
    <add id="125" objectId="32" parentObjId="16" parentObjType="connection" what="port">
      <port id="32" moduleId="13" moduleName="fetchData" name="fetchDataReturn" signature="(edu.utah.sci.vistrails.basic:String)" type="source" />
    </add>
    <add id="126" objectId="33" parentObjId="16" parentObjType="connection" what="port">
      <port id="33" moduleId="11" moduleName="PythonSource" name="PDB_format" signature="(edu.utah.sci.vistrails.basic:String)" type="destination" />
    </add>
  </action>
  <action date="2010-11-01 19:16:30" id="15" prevId="14" session="0" user="tommy">
    <delete id="127" objectId="25" parentObjId="12" parentObjType="connection" what="port" />
    <delete id="128" objectId="24" parentObjId="12" parentObjType="connection" what="port" />
    <delete id="129" objectId="12" parentObjId="" parentObjType="" what="connection" />
    <delete id="130" objectId="26" parentObjId="13" parentObjType="connection" what="port" />
    <delete id="131" objectId="27" parentObjId="13" parentObjType="connection" what="port" />
    <delete id="132" objectId="13" parentObjId="" parentObjType="" what="connection" />
    <delete id="133" objectId="17" parentObjId="12" parentObjType="module" what="location" />
    <delete id="134" objectId="7" parentObjId="6" parentObjType="function" what="parameter" />
    <delete id="135" objectId="6" parentObjId="12" parentObjType="module" what="function" />
    <delete id="136" objectId="8" parentObjId="7" parentObjType="function" what="parameter" />
    <delete id="137" objectId="7" parentObjId="12" parentObjType="module" what="function" />
    <delete id="138" objectId="12" parentObjId="" parentObjType="" what="module" />
  </action>
  <action date="2010-11-01 19:16:42" id="16" prevId="15" session="0" user="tommy">
    <change id="139" newObjId="19" oldObjId="18" parentObjId="13" parentObjType="module" what="location">
      <location id="19" x="245.543668853" y="618.581165765" />
    </change>
  </action>
  <action date="2010-11-01 19:16:59" id="17" prevId="16" session="0" user="tommy">
    <change id="140" newObjId="20" oldObjId="8" parentObjId="6" parentObjType="module" what="location">
      <location id="20" x="-401.656422749" y="-9.674521031" />
    </change>
    <change id="141" newObjId="21" oldObjId="9" parentObjId="7" parentObjType="module" what="location">
      <location id="21" x="-404.064088747" y="74.419098839" />
    </change>
    <change id="142" newObjId="22" oldObjId="10" parentObjId="8" parentObjType="module" what="location">
      <location id="22" x="-408.516994557" y="255.116968147" />
    </change>
    <change id="143" newObjId="23" oldObjId="11" parentObjId="9" parentObjType="module" what="location">
      <location id="23" x="-403.911518756" y="166.736011293" />
    </change>
    <change id="144" newObjId="24" oldObjId="12" parentObjId="10" parentObjType="module" what="location">
      <location id="24" x="-403.751131525" y="346.874109221" />
    </change>
    <change id="145" newObjId="25" oldObjId="13" parentObjId="11" parentObjType="module" what="location">
      <location id="25" x="-410.04012894" y="444.353569146" />
    </change>
    <change id="146" newObjId="26" oldObjId="19" parentObjId="13" parentObjType="module" what="location">
      <location id="26" x="-406.091452334" y="541.455269779" />
    </change>
  </action>
  <action date="2010-11-01 19:17:19" id="18" prevId="17" session="0" user="tommy">
    <change id="147" newObjId="27" oldObjId="20" parentObjId="6" parentObjType="module" what="location">
      <location id="27" x="408.952484042" y="-292.994138939" />
    </change>
    <change id="148" newObjId="28" oldObjId="21" parentObjId="7" parentObjType="module" what="location">
      <location id="28" x="406.544818044" y="-208.900519069" />
    </change>
    <change id="149" newObjId="29" oldObjId="22" parentObjId="8" parentObjType="module" what="location">
      <location id="29" x="402.091912234" y="-28.2026497612" />
    </change>
    <change id="150" newObjId="30" oldObjId="23" parentObjId="9" parentObjType="module" what="location">
      <location id="30" x="406.697388035" y="-116.583606615" />
    </change>
    <change id="151" newObjId="31" oldObjId="24" parentObjId="10" parentObjType="module" what="location">
      <location id="31" x="406.857775266" y="63.5544913127" />
    </change>
    <change id="152" newObjId="32" oldObjId="25" parentObjId="11" parentObjType="module" what="location">
      <location id="32" x="400.568777851" y="161.033951238" />
    </change>
    <change id="153" newObjId="33" oldObjId="26" parentObjId="13" parentObjType="module" what="location">
      <location id="33" x="404.517454457" y="258.135651872" />
    </change>
  </action>
  <actionAnnotation actionId="17" date="2010-11-01 19:17:12" id="6" key="__thumb__" user="tommy" value="3fa84f0e-e5e4-11df-89a7-70f1a1b52399.png" />
  <actionAnnotation actionId="18" date="2010-11-02 14:29:16" id="7" key="__thumb__" user="tommy" value="30767f50-e685-11df-89a7-70f1a1b52399.png" />
  <actionAnnotation actionId="18" date="2010-11-02 14:29:37" id="8" key="__tag__" user="tommy" value="Protein Visualization" />
  <actionAnnotation actionId="18" date="2010-11-02 14:29:48" id="9" key="__notes__" user="tommy" value="&lt;!DOCTYPE HTML PUBLIC &quot;-//W3C//DTD HTML 4.0//EN&quot; &quot;http://www.w3.org/TR/REC-html40/strict.dtd&quot;&gt;
&lt;html&gt;&lt;head&gt;&lt;meta name=&quot;qrichtext&quot; content=&quot;1&quot; /&gt;&lt;style type=&quot;text/css&quot;&gt;
p, li { white-space: pre-wrap; }
&lt;/style&gt;&lt;/head&gt;&lt;body style=&quot; font-family:&apos;Ubuntu&apos;; font-size:11pt; font-weight:400; font-style:normal;&quot;&gt;
&lt;p style=&quot; margin-top:0px; margin-bottom:0px; margin-left:0px; margin-right:0px; -qt-block-indent:0; text-indent:0px;&quot;&gt;This is a simple bioinformatics workflow that shows the usability of the If structure.&lt;/p&gt;
&lt;p style=&quot;-qt-paragraph-type:empty; margin-top:0px; margin-bottom:0px; margin-left:0px; margin-right:0px; -qt-block-indent:0; text-indent:0px;&quot;&gt;&lt;/p&gt;
&lt;p style=&quot; margin-top:0px; margin-bottom:0px; margin-left:0px; margin-right:0px; -qt-block-indent:0; text-indent:0px;&quot;&gt;Its input is a string. If it&apos;s an identifier, the workflow returns a structure in PDB format, through a web service, and then, uses VTK to show the protein; otherwise, the input is considered to be invalid.&lt;/p&gt;
&lt;p style=&quot;-qt-paragraph-type:empty; margin-top:0px; margin-bottom:0px; margin-left:0px; margin-right:0px; -qt-block-indent:0; text-indent:0px;&quot;&gt;&lt;/p&gt;
&lt;p style=&quot; margin-top:0px; margin-bottom:0px; margin-left:0px; margin-right:0px; -qt-block-indent:0; text-indent:0px;&quot;&gt;This workflow is based on http://www.myexperiment.org/workflows/225&lt;/p&gt;&lt;/body&gt;&lt;/html&gt;" />
</vistrail>
