<workflowExec completed="1" id="-1" ip="0.0.0.0" name="" parentId="" parentType="vistrail" parentVersion="0" session="0" tsEnd="2011-04-04 17:27:20" tsStart="2011-04-04 17:27:20" user="emanuele" version="1.0.2" vtVersion="1.6.2" /><workflowExec completed="1" id="-1" ip="0.0.0.0" name="" parentId="" parentType="vistrail" parentVersion="7" session="0" tsEnd="2011-04-04 17:28:48" tsStart="2011-04-04 17:28:48" user="emanuele" version="1.0.2" vtVersion="1.6.2">
  <moduleExec cached="1" completed="1" error="" id="1" machine_id="1" moduleId="0" moduleName="vtkRandomGraphSource" tsEnd="2011-04-04 17:28:48" tsStart="2011-04-04 17:28:48" />
  <moduleExec cached="0" completed="1" error="" id="2" machine_id="1" moduleId="1" moduleName="vtkGraphLayoutView" tsEnd="2011-04-04 17:28:48" tsStart="2011-04-04 17:28:48" />
  <moduleExec cached="0" completed="1" error="" id="3" machine_id="1" moduleId="2" moduleName="VTKViewCell" tsEnd="2011-04-04 17:28:48" tsStart="2011-04-04 17:28:48" />
</workflowExec>
<workflowExec completed="-1" id="-1" ip="0.0.0.0" name="" parentId="" parentType="vistrail" parentVersion="37" session="0" tsEnd="2011-04-04 17:39:14" tsStart="2011-04-04 17:39:13" user="emanuele" version="1.0.2" vtVersion="1.6.2">
  <moduleExec cached="0" completed="-1" error="&apos;url&apos; is a mandatory port" id="4" machine_id="1" moduleId="3" moduleName="HTTPFile" tsEnd="2011-04-04 17:39:14" tsStart="2011-04-04 17:39:14">
    <annotation id="1" key="errorTrace" value="None
" />
  </moduleExec>
</workflowExec>
<workflowExec completed="-1" id="-1" ip="0.0.0.0" name="" parentId="" parentType="vistrail" parentVersion="40" session="0" tsEnd="2011-04-04 17:40:27" tsStart="2011-04-04 17:40:27" user="emanuele" version="1.0.2" vtVersion="1.6.2">
  <moduleExec cached="0" completed="-1" error="HTTP Error 404: Not Found" id="5" machine_id="1" moduleId="3" moduleName="HTTPFile" tsEnd="2011-04-04 17:40:27" tsStart="2011-04-04 17:40:27">
    <annotation id="2" key="errorTrace" value="None
" />
  </moduleExec>
</workflowExec>
<workflowExec completed="1" id="-1" ip="0.0.0.0" name="" parentId="" parentType="vistrail" parentVersion="40" session="0" tsEnd="2011-04-04 17:44:56" tsStart="2011-04-04 17:44:53" user="emanuele" version="1.0.2" vtVersion="1.6.2">
  <moduleExec cached="0" completed="1" error="" id="6" machine_id="1" moduleId="3" moduleName="HTTPFile" tsEnd="2011-04-04 17:44:55" tsStart="2011-04-04 17:44:53" />
  <moduleExec cached="0" completed="1" error="" id="7" machine_id="1" moduleId="4" moduleName="vtkXMLTreeReader" tsEnd="2011-04-04 17:44:55" tsStart="2011-04-04 17:44:55" />
  <moduleExec cached="0" completed="1" error="" id="8" machine_id="1" moduleId="5" moduleName="vtkViewTheme" tsEnd="2011-04-04 17:44:55" tsStart="2011-04-04 17:44:55" />
  <moduleExec cached="0" completed="1" error="" id="9" machine_id="1" moduleId="6" moduleName="vtkGraphLayoutView" tsEnd="2011-04-04 17:44:55" tsStart="2011-04-04 17:44:55" />
  <moduleExec cached="0" completed="1" error="" id="10" machine_id="1" moduleId="7" moduleName="VTKViewCell" tsEnd="2011-04-04 17:44:55" tsStart="2011-04-04 17:44:55" />
</workflowExec>
<workflowExec completed="1" id="-1" ip="0.0.0.0" name="" parentId="" parentType="vistrail" parentVersion="57" session="0" tsEnd="2011-04-04 17:49:28" tsStart="2011-04-04 17:49:27" user="emanuele" version="1.0.2" vtVersion="1.6.2">
  <moduleExec cached="1" completed="1" error="" id="11" machine_id="1" moduleId="3" moduleName="HTTPFile" tsEnd="2011-04-04 17:49:27" tsStart="2011-04-04 17:49:27" />
  <moduleExec cached="1" completed="1" error="" id="12" machine_id="1" moduleId="4" moduleName="vtkXMLTreeReader" tsEnd="2011-04-04 17:49:27" tsStart="2011-04-04 17:49:27" />
  <moduleExec cached="0" completed="1" error="" id="13" machine_id="1" moduleId="8" moduleName="vtkIcicleView" tsEnd="2011-04-04 17:49:27" tsStart="2011-04-04 17:49:27" />
  <moduleExec cached="0" completed="1" error="" id="14" machine_id="1" moduleId="7" moduleName="VTKViewCell" tsEnd="2011-04-04 17:49:28" tsStart="2011-04-04 17:49:27" />
</workflowExec>
<workflowExec completed="1" id="-1" ip="0.0.0.0" name="" parentId="" parentType="vistrail" parentVersion="60" session="0" tsEnd="2011-04-04 17:50:55" tsStart="2011-04-04 17:50:53" user="emanuele" version="1.0.2" vtVersion="1.6.2">
  <moduleExec cached="0" completed="1" error="" id="15" machine_id="1" moduleId="9" moduleName="PythonSource" tsEnd="2011-04-04 17:50:54" tsStart="2011-04-04 17:50:54" />
  <moduleExec cached="1" completed="1" error="" id="16" machine_id="1" moduleId="3" moduleName="HTTPFile" tsEnd="2011-04-04 17:50:54" tsStart="2011-04-04 17:50:54" />
  <moduleExec cached="1" completed="1" error="" id="17" machine_id="1" moduleId="4" moduleName="vtkXMLTreeReader" tsEnd="2011-04-04 17:50:54" tsStart="2011-04-04 17:50:54" />
  <moduleExec cached="0" completed="1" error="" id="18" machine_id="1" moduleId="8" moduleName="vtkIcicleView" tsEnd="2011-04-04 17:50:54" tsStart="2011-04-04 17:50:54" />
  <moduleExec cached="0" completed="1" error="" id="19" machine_id="1" moduleId="7" moduleName="VTKViewCell" tsEnd="2011-04-04 17:50:55" tsStart="2011-04-04 17:50:54" />
</workflowExec>
<workflowExec completed="1" id="-1" ip="0.0.0.0" name="" parentId="" parentType="vistrail" parentVersion="76" session="0" tsEnd="2011-04-04 20:05:34" tsStart="2011-04-04 20:05:31" user="emanuele" version="1.0.2" vtVersion="1.6.2">
  <moduleExec cached="1" completed="1" error="" id="20" machine_id="1" moduleId="3" moduleName="HTTPFile" tsEnd="2011-04-04 20:05:31" tsStart="2011-04-04 20:05:31" />
  <moduleExec cached="1" completed="1" error="" id="21" machine_id="1" moduleId="4" moduleName="vtkXMLTreeReader" tsEnd="2011-04-04 20:05:31" tsStart="2011-04-04 20:05:31" />
  <moduleExec cached="0" completed="1" error="" id="22" machine_id="1" moduleId="9" moduleName="PythonSource" tsEnd="2011-04-04 20:05:31" tsStart="2011-04-04 20:05:31" />
  <moduleExec cached="0" completed="1" error="" id="23" machine_id="1" moduleId="10" moduleName="vtkTreeMapView" tsEnd="2011-04-04 20:05:31" tsStart="2011-04-04 20:05:31" />
  <moduleExec cached="0" completed="1" error="" id="24" machine_id="1" moduleId="7" moduleName="VTKViewCell" tsEnd="2011-04-04 20:05:34" tsStart="2011-04-04 20:05:31" />
</workflowExec>
<workflowExec completed="1" id="-1" ip="0.0.0.0" name="" parentId="" parentType="vistrail" parentVersion="81" session="0" tsEnd="2011-04-04 20:08:42" tsStart="2011-04-04 20:08:41" user="emanuele" version="1.0.2" vtVersion="1.6.2">
  <moduleExec cached="1" completed="1" error="" id="25" machine_id="1" moduleId="3" moduleName="HTTPFile" tsEnd="2011-04-04 20:08:41" tsStart="2011-04-04 20:08:41" />
  <moduleExec cached="1" completed="1" error="" id="26" machine_id="1" moduleId="4" moduleName="vtkXMLTreeReader" tsEnd="2011-04-04 20:08:41" tsStart="2011-04-04 20:08:41" />
  <moduleExec cached="0" completed="1" error="" id="27" machine_id="1" moduleId="9" moduleName="PythonSource" tsEnd="2011-04-04 20:08:41" tsStart="2011-04-04 20:08:41" />
  <moduleExec cached="0" completed="1" error="" id="28" machine_id="1" moduleId="10" moduleName="vtkTreeMapView" tsEnd="2011-04-04 20:08:41" tsStart="2011-04-04 20:08:41" />
  <moduleExec cached="0" completed="1" error="" id="29" machine_id="1" moduleId="7" moduleName="VTKViewCell" tsEnd="2011-04-04 20:08:42" tsStart="2011-04-04 20:08:42" />
</workflowExec>
<workflowExec completed="1" id="-1" ip="0.0.0.0" name="" parentId="" parentType="vistrail" parentVersion="83" session="0" tsEnd="2011-04-04 20:09:04" tsStart="2011-04-04 20:09:02" user="emanuele" version="1.0.2" vtVersion="1.6.2">
  <moduleExec cached="1" completed="1" error="" id="30" machine_id="1" moduleId="3" moduleName="HTTPFile" tsEnd="2011-04-04 20:09:03" tsStart="2011-04-04 20:09:03" />
  <moduleExec cached="1" completed="1" error="" id="31" machine_id="1" moduleId="4" moduleName="vtkXMLTreeReader" tsEnd="2011-04-04 20:09:03" tsStart="2011-04-04 20:09:03" />
  <moduleExec cached="0" completed="1" error="" id="32" machine_id="1" moduleId="9" moduleName="PythonSource" tsEnd="2011-04-04 20:09:03" tsStart="2011-04-04 20:09:03" />
  <moduleExec cached="0" completed="1" error="" id="33" machine_id="1" moduleId="10" moduleName="vtkTreeMapView" tsEnd="2011-04-04 20:09:03" tsStart="2011-04-04 20:09:03" />
  <moduleExec cached="0" completed="1" error="" id="34" machine_id="1" moduleId="7" moduleName="VTKViewCell" tsEnd="2011-04-04 20:09:03" tsStart="2011-04-04 20:09:03" />
</workflowExec>
<workflowExec completed="1" id="-1" ip="0.0.0.0" name="" parentId="" parentType="vistrail" parentVersion="85" session="0" tsEnd="2011-04-04 20:09:24" tsStart="2011-04-04 20:09:23" user="emanuele" version="1.0.2" vtVersion="1.6.2">
  <moduleExec cached="1" completed="1" error="" id="35" machine_id="1" moduleId="3" moduleName="HTTPFile" tsEnd="2011-04-04 20:09:23" tsStart="2011-04-04 20:09:23" />
  <moduleExec cached="1" completed="1" error="" id="36" machine_id="1" moduleId="4" moduleName="vtkXMLTreeReader" tsEnd="2011-04-04 20:09:23" tsStart="2011-04-04 20:09:23" />
  <moduleExec cached="0" completed="1" error="" id="37" machine_id="1" moduleId="9" moduleName="PythonSource" tsEnd="2011-04-04 20:09:23" tsStart="2011-04-04 20:09:23" />
  <moduleExec cached="0" completed="1" error="" id="38" machine_id="1" moduleId="10" moduleName="vtkTreeMapView" tsEnd="2011-04-04 20:09:23" tsStart="2011-04-04 20:09:23" />
  <moduleExec cached="0" completed="1" error="" id="39" machine_id="1" moduleId="7" moduleName="VTKViewCell" tsEnd="2011-04-04 20:09:24" tsStart="2011-04-04 20:09:23" />
</workflowExec>
<workflowExec completed="1" id="-1" ip="0.0.0.0" name="" parentId="" parentType="vistrail" parentVersion="102" session="0" tsEnd="2011-04-04 20:12:45" tsStart="2011-04-04 20:12:43" user="emanuele" version="1.0.2" vtVersion="1.6.2">
  <moduleExec cached="1" completed="1" error="" id="40" machine_id="1" moduleId="3" moduleName="HTTPFile" tsEnd="2011-04-04 20:12:43" tsStart="2011-04-04 20:12:43" />
  <moduleExec cached="1" completed="1" error="" id="41" machine_id="1" moduleId="4" moduleName="vtkXMLTreeReader" tsEnd="2011-04-04 20:12:43" tsStart="2011-04-04 20:12:43" />
  <moduleExec cached="0" completed="1" error="" id="42" machine_id="1" moduleId="9" moduleName="PythonSource" tsEnd="2011-04-04 20:12:43" tsStart="2011-04-04 20:12:43" />
  <moduleExec cached="0" completed="1" error="" id="43" machine_id="1" moduleId="11" moduleName="vtkTreeRingView" tsEnd="2011-04-04 20:12:43" tsStart="2011-04-04 20:12:43" />
  <moduleExec cached="0" completed="1" error="" id="44" machine_id="1" moduleId="7" moduleName="VTKViewCell" tsEnd="2011-04-04 20:12:44" tsStart="2011-04-04 20:12:43" />
</workflowExec>
