<workflow id="0" name="untitled" version="1.0.3" vistrail_id="" xmlns:xsi="http://www.w3.org/2001/XMLSchema-instance" xsi:schemaLocation="http://www.vistrails.org/workflow.xsd">
  <connection id="9">
    <port id="18" moduleId="4" moduleName="vtkXMLTreeReader" name="GetOutputPort0" signature="(edu.utah.sci.vistrails.vtk:vtkAlgorithmOutput)" type="source" />
    <port id="19" moduleId="10" moduleName="vtkTreeMapView" name="AddRepresentationFromInputConnection" signature="(edu.utah.sci.vistrails.vtk:vtkAlgorithmOutput)" type="destination" />
  </connection>
  <connection id="2">
    <port id="4" moduleId="3" moduleName="HTTPFile" name="file" signature="(edu.utah.sci.vistrails.basic:File)" type="source" />
    <port id="5" moduleId="4" moduleName="vtkXMLTreeReader" name="SetFile" signature="(edu.utah.sci.vistrails.basic:File)" type="destination" />
  </connection>
  <connection id="11">
    <port id="22" moduleId="10" moduleName="vtkTreeMapView" name="self" signature="(edu.utah.sci.vistrails.vtk:vtkTreeMapView)" type="source" />
    <port id="23" moduleId="7" moduleName="VTKViewCell" name="SetRenderView" signature="(edu.utah.sci.vistrails.vtk:vtkRenderView)" type="destination" />
  </connection>
  <connection id="10">
    <port id="20" moduleId="9" moduleName="PythonSource" name="theme" signature="(edu.utah.sci.vistrails.vtk:vtkViewTheme)" type="source" />
    <port id="21" moduleId="10" moduleName="vtkTreeMapView" name="ApplyViewTheme" signature="(edu.utah.sci.vistrails.vtk:vtkViewTheme)" type="destination" />
  </connection>
  <module cache="1" id="9" name="PythonSource" namespace="" package="edu.utah.sci.vistrails.basic" version="1.6">
    <location id="19" x="137.423312883" y="167.263803681" />
    <function id="17" name="source" pos="0">
      <parameter alias="" id="29" name="&lt;no description&gt;" pos="0" type="edu.utah.sci.vistrails.basic:String" val="from%20core.modules.module_registry%20import%20get_module_registry%0Aimport%20vtk%0Areg%20%3D%20get_module_registry%28%29%0AvtkViewThemeModule%20%3D%20reg.get_module_by_name%28%27edu.utah.sci.vistrails.vtk%27%2C%20%27vtkViewTheme%27%29%0Atheme%20%3D%20vtkViewThemeModule%28%29%0Atheme.vtkInstance%20%3D%20vtk.vtkViewTheme.CreateMellowTheme%28%29%0A" />
    </function>
    <annotation id="7" key="__desc__" value="CreateMellowTheme" />
    <portSpec id="0" maxConns="" minConns="" name="theme" optional="0" sortKey="0" type="output">
      <portSpecItem default="" entryType="" id="0" label="" module="vtkViewTheme" namespace="" package="edu.utah.sci.vistrails.vtk" pos="0" values="" />
    </portSpec>
  </module>
  <module cache="1" id="10" name="vtkTreeMapView" namespace="" package="edu.utah.sci.vistrails.vtk" version="0.9.3">
    <location id="20" x="12.5953259533" y="-35.2669126691" />
    <function id="18" name="SetAreaSizeArrayName" pos="0">
      <parameter alias="" id="31" name="&lt;no description&gt;" pos="0" type="edu.utah.sci.vistrails.basic:String" val="size" />
    </function>
    <function id="19" name="SetAreaColorArrayName" pos="1">
      <parameter alias="" id="42" name="&lt;no description&gt;" pos="0" type="edu.utah.sci.vistrails.basic:String" val="vertex id" />
    </function>
    <function id="20" name="SetAreaLabelArrayName" pos="2">
      <parameter alias="" id="43" name="&lt;no description&gt;" pos="0" type="edu.utah.sci.vistrails.basic:String" val="id" />
    </function>
    <function id="21" name="AreaLabelVisibilityOn" pos="3" />
    <function id="25" name="SetShrinkPercentage" pos="5">
      <parameter alias="" id="45" name="&lt;no description&gt;" pos="0" type="edu.utah.sci.vistrails.basic:Float" val="0.02" />
    </function>
    <function id="24" name="SetLayoutStrategyToSquarify" pos="6" />
  </module>
  <module cache="1" id="3" name="HTTPFile" namespace="" package="edu.utah.sci.vistrails.http" version="0.9.0">
    <location id="10" x="-131.141104294" y="198.674846626" />
    <function id="9" name="url" pos="0">
      <parameter alias="" id="16" name="&lt;no description&gt;" pos="0" type="edu.utah.sci.vistrails.basic:String" val="http://www.vistrails.org/download/download.php?type=DATA&amp;id=vtkclasses.xml" />
    </function>
  </module>
  <module cache="1" id="4" name="vtkXMLTreeReader" namespace="" package="edu.utah.sci.vistrails.vtk" version="0.9.3">
    <location id="11" x="-117.006134969" y="82.4539877301" />
  </module>
  <module cache="1" id="7" name="VTKViewCell" namespace="" package="edu.utah.sci.vistrails.vtk" version="0.9.3">
    <location id="16" x="40.8343558282" y="-162.552147239" />
  </module>
</workflow>
