<workflow id="0" name="untitled" version="1.0.3" vistrail_id="" xmlns:xsi="http://www.w3.org/2001/XMLSchema-instance" xsi:schemaLocation="http://www.vistrails.org/workflow.xsd">
  <connection id="2">
    <port id="4" moduleId="3" moduleName="HTTPFile" name="file" signature="(edu.utah.sci.vistrails.basic:File)" type="source" />
    <port id="5" moduleId="4" moduleName="vtkXMLTreeReader" name="SetFile" signature="(edu.utah.sci.vistrails.basic:File)" type="destination" />
  </connection>
  <connection id="6">
    <port id="12" moduleId="4" moduleName="vtkXMLTreeReader" name="GetOutputPort0" signature="(edu.utah.sci.vistrails.vtk:vtkAlgorithmOutput)" type="source" />
    <port id="13" moduleId="8" moduleName="vtkIcicleView" name="AddRepresentationFromInputConnection" signature="(edu.utah.sci.vistrails.vtk:vtkAlgorithmOutput)" type="destination" />
  </connection>
  <connection id="7">
    <port id="14" moduleId="8" moduleName="vtkIcicleView" name="self" signature="(edu.utah.sci.vistrails.vtk:vtkIcicleView)" type="source" />
    <port id="15" moduleId="7" moduleName="VTKViewCell" name="SetRenderView" signature="(edu.utah.sci.vistrails.vtk:vtkRenderView)" type="destination" />
  </connection>
  <module cache="1" id="8" name="vtkIcicleView" namespace="" package="edu.utah.sci.vistrails.vtk" version="0.9.3">
    <location id="17" x="-64.3926380368" y="-62.036809816" />
    <function id="10" name="SetAreaSizeArrayName" pos="0">
      <parameter alias="" id="18" name="&lt;no description&gt;" pos="0" type="edu.utah.sci.vistrails.basic:String" val="size" />
    </function>
    <function id="11" name="SetAreaColorArrayName" pos="1">
      <parameter alias="" id="20" name="&lt;no description&gt;" pos="0" type="edu.utah.sci.vistrails.basic:String" val="vertex id" />
    </function>
    <function id="12" name="SetAreaLabelArrayName" pos="2">
      <parameter alias="" id="22" name="&lt;no description&gt;" pos="0" type="edu.utah.sci.vistrails.basic:String" val="id" />
    </function>
    <function id="13" name="AreaLabelVisibilityOn" pos="3" />
    <function id="14" name="SetAreaHoverArrayName" pos="4">
      <parameter alias="" id="24" name="&lt;no description&gt;" pos="0" type="edu.utah.sci.vistrails.basic:String" val="id" />
    </function>
    <function id="15" name="SetRootWidth" pos="5">
      <parameter alias="" id="26" name="&lt;no description&gt;" pos="0" type="edu.utah.sci.vistrails.basic:Float" val="40" />
    </function>
    <function id="16" name="SetLayerThickness" pos="6">
      <parameter alias="" id="28" name="&lt;no description&gt;" pos="0" type="edu.utah.sci.vistrails.basic:Float" val="2" />
    </function>
  </module>
  <module cache="1" id="3" name="HTTPFile" namespace="" package="edu.utah.sci.vistrails.http" version="0.9.0">
    <location id="10" x="-131.141104294" y="198.674846626" />
    <function id="9" name="url" pos="0">
      <parameter alias="" id="16" name="&lt;no description&gt;" pos="0" type="edu.utah.sci.vistrails.basic:String" val="http://www.vistrails.org/download/download.php?type=DATA&amp;id=vtkclasses.xml" />
    </function>
  </module>
  <module cache="1" id="4" name="vtkXMLTreeReader" namespace="" package="edu.utah.sci.vistrails.vtk" version="0.9.3">
    <location id="11" x="-117.006134969" y="82.4539877301" />
  </module>
  <module cache="1" id="7" name="VTKViewCell" namespace="" package="edu.utah.sci.vistrails.vtk" version="0.9.3">
    <location id="16" x="40.8343558282" y="-162.552147239" />
  </module>
</workflow>
