<workflow id="0" name="untitled" version="1.0.3" vistrail_id="" xmlns:xsi="http://www.w3.org/2001/XMLSchema-instance" xsi:schemaLocation="http://www.vistrails.org/workflow.xsd">
  <connection id="0">
    <port id="0" moduleId="0" moduleName="vtkRandomGraphSource" name="GetOutputPort0" signature="(edu.utah.sci.vistrails.vtk:vtkAlgorithmOutput)" type="source" />
    <port id="1" moduleId="1" moduleName="vtkGraphLayoutView" name="AddRepresentationFromInputConnection" signature="(edu.utah.sci.vistrails.vtk:vtkAlgorithmOutput)" type="destination" />
  </connection>
  <connection id="1">
    <port id="2" moduleId="1" moduleName="vtkGraphLayoutView" name="self" signature="(edu.utah.sci.vistrails.vtk:vtkGraphLayoutView)" type="source" />
    <port id="3" moduleId="2" moduleName="VTKViewCell" name="SetRenderView" signature="(edu.utah.sci.vistrails.vtk:vtkRenderView)" type="destination" />
  </connection>
  <module cache="1" id="0" name="vtkRandomGraphSource" namespace="" package="edu.utah.sci.vistrails.vtk" version="0.9.3">
    <location id="3" x="-55.0" y="223.0" />
  </module>
  <module cache="1" id="1" name="vtkGraphLayoutView" namespace="" package="edu.utah.sci.vistrails.vtk" version="0.9.3">
    <location id="4" x="-59.0" y="90.0" />
  </module>
  <module cache="1" id="2" name="VTKViewCell" namespace="" package="edu.utah.sci.vistrails.vtk" version="0.9.3">
    <location id="5" x="-46.0" y="-39.0" />
  </module>
</workflow>
