<workflow id="0" name="untitled" version="1.0.3" vistrail_id="" xmlns:xsi="http://www.w3.org/2001/XMLSchema-instance" xsi:schemaLocation="http://www.vistrails.org/workflow.xsd">
  <connection id="2">
    <port id="4" moduleId="3" moduleName="HTTPFile" name="file" signature="(edu.utah.sci.vistrails.basic:File)" type="source" />
    <port id="5" moduleId="4" moduleName="vtkXMLTreeReader" name="SetFile" signature="(edu.utah.sci.vistrails.basic:File)" type="destination" />
  </connection>
  <connection id="3">
    <port id="6" moduleId="4" moduleName="vtkXMLTreeReader" name="GetOutputPort0" signature="(edu.utah.sci.vistrails.vtk:vtkAlgorithmOutput)" type="source" />
    <port id="7" moduleId="6" moduleName="vtkGraphLayoutView" name="AddRepresentationFromInputConnection" signature="(edu.utah.sci.vistrails.vtk:vtkAlgorithmOutput)" type="destination" />
  </connection>
  <connection id="4">
    <port id="8" moduleId="5" moduleName="vtkViewTheme" name="self" signature="(edu.utah.sci.vistrails.vtk:vtkViewTheme)" type="source" />
    <port id="9" moduleId="6" moduleName="vtkGraphLayoutView" name="ApplyViewTheme" signature="(edu.utah.sci.vistrails.vtk:vtkViewTheme)" type="destination" />
  </connection>
  <connection id="5">
    <port id="10" moduleId="6" moduleName="vtkGraphLayoutView" name="self" signature="(edu.utah.sci.vistrails.vtk:vtkGraphLayoutView)" type="source" />
    <port id="11" moduleId="7" moduleName="VTKViewCell" name="SetRenderView" signature="(edu.utah.sci.vistrails.vtk:vtkRenderView)" type="destination" />
  </connection>
  <module cache="1" id="3" name="HTTPFile" namespace="" package="edu.utah.sci.vistrails.http" version="0.9.0">
    <location id="10" x="-131.141104294" y="198.674846626" />
    <function id="9" name="url" pos="0">
      <parameter alias="" id="16" name="&lt;no description&gt;" pos="0" type="edu.utah.sci.vistrails.basic:String" val="http://www.vistrails.org/download/download.php?type=DATA&amp;id=vtkclasses.xml" />
    </function>
  </module>
  <module cache="1" id="4" name="vtkXMLTreeReader" namespace="" package="edu.utah.sci.vistrails.vtk" version="0.9.3">
    <location id="11" x="-117.006134969" y="82.4539877301" />
  </module>
  <module cache="1" id="5" name="vtkViewTheme" namespace="" package="edu.utah.sci.vistrails.vtk" version="0.9.3">
    <location id="9" x="116.220858896" y="137.423312883" />
    <function id="0" name="SetCellColor" pos="0">
      <parameter alias="" id="3" name="&lt;no description&gt;" pos="0" type="edu.utah.sci.vistrails.basic:Float" val="0.2" />
      <parameter alias="" id="4" name="&lt;no description&gt;" pos="1" type="edu.utah.sci.vistrails.basic:Float" val="0.2" />
      <parameter alias="" id="5" name="&lt;no description&gt;" pos="2" type="edu.utah.sci.vistrails.basic:Float" val="0.6" />
    </function>
    <function id="1" name="SetLineWidth" pos="1">
      <parameter alias="" id="7" name="&lt;no description&gt;" pos="0" type="edu.utah.sci.vistrails.basic:Float" val="2" />
    </function>
    <function id="2" name="SetPointSize" pos="2">
      <parameter alias="" id="9" name="&lt;no description&gt;" pos="0" type="edu.utah.sci.vistrails.basic:Float" val="10" />
    </function>
  </module>
  <module cache="1" id="6" name="vtkGraphLayoutView" namespace="" package="edu.utah.sci.vistrails.vtk" version="0.9.3">
    <location id="14" x="30.6257668712" y="-41.6196319018" />
    <function id="3" name="SetVertexLabelArrayName" pos="0">
      <parameter alias="" id="11" name="&lt;no description&gt;" pos="0" type="edu.utah.sci.vistrails.basic:String" val="id" />
    </function>
    <function id="4" name="VertexLabelVisibilityOn" pos="1" />
    <function id="5" name="SetVertexColorArrayName" pos="2">
      <parameter alias="" id="13" name="&lt;no description&gt;" pos="0" type="edu.utah.sci.vistrails.basic:String" val="vertex id" />
    </function>
    <function id="6" name="ColorVerticesOn" pos="3" />
    <function id="7" name="SetLayoutStrategyToCone" pos="4" />
    <function id="8" name="SetInteractionModeTo3D" pos="5" />
  </module>
  <module cache="1" id="7" name="VTKViewCell" namespace="" package="edu.utah.sci.vistrails.vtk" version="0.9.3">
    <location id="16" x="40.8343558282" y="-162.552147239" />
  </module>
</workflow>
