<vistrail id="" name="" version="1.0.2" xmlns:xsi="http://www.w3.org/2001/XMLSchema-instance" xsi:schemaLocation="http://www.vistrails.org/vistrail.xsd">
  <action date="2011-04-04 17:27:40" id="1" prevId="0" session="0" user="emanuele">
    <add id="0" objectId="0" parentObjId="" parentObjType="" what="module">
      <module cache="1" id="0" name="vtkRandomGraphSource" namespace="" package="edu.utah.sci.vistrails.vtk" version="0.9.3" />
    </add>
    <add id="1" objectId="0" parentObjId="0" parentObjType="module" what="location">
      <location id="0" x="-142.0" y="243.0" />
    </add>
  </action>
  <action date="2011-04-04 17:28:04" id="2" prevId="1" session="0" user="emanuele">
    <add id="2" objectId="1" parentObjId="" parentObjType="" what="module">
      <module cache="1" id="1" name="vtkGraphLayoutView" namespace="" package="edu.utah.sci.vistrails.vtk" version="0.9.3" />
    </add>
    <add id="3" objectId="1" parentObjId="1" parentObjType="module" what="location">
      <location id="1" x="-28.0" y="65.0" />
    </add>
  </action>
  <action date="2011-04-04 17:28:15" id="3" prevId="2" session="0" user="emanuele">
    <add id="4" objectId="2" parentObjId="" parentObjType="" what="module">
      <module cache="1" id="2" name="VTKViewCell" namespace="" package="edu.utah.sci.vistrails.vtk" version="0.9.3" />
    </add>
    <add id="5" objectId="2" parentObjId="2" parentObjType="module" what="location">
      <location id="2" x="-21.0" y="-63.0" />
    </add>
  </action>
  <action date="2011-04-04 17:28:42" id="4" prevId="3" session="0" user="emanuele">
    <change id="6" newObjId="3" oldObjId="0" parentObjId="0" parentObjType="module" what="location">
      <location id="3" x="-55.0" y="223.0" />
    </change>
    <change id="7" newObjId="4" oldObjId="1" parentObjId="1" parentObjType="module" what="location">
      <location id="4" x="-59.0" y="90.0" />
    </change>
  </action>
  <action date="2011-04-04 17:28:42" id="5" prevId="4" session="0" user="emanuele">
    <add id="8" objectId="0" parentObjId="" parentObjType="" what="connection">
      <connection id="0" />
    </add>
    <add id="9" objectId="0" parentObjId="0" parentObjType="connection" what="port">
      <port id="0" moduleId="0" moduleName="vtkRandomGraphSource" name="GetOutputPort0" signature="(edu.utah.sci.vistrails.vtk:vtkAlgorithmOutput)" type="source" />
    </add>
    <add id="10" objectId="1" parentObjId="0" parentObjType="connection" what="port">
      <port id="1" moduleId="1" moduleName="vtkGraphLayoutView" name="AddRepresentationFromInputConnection" signature="(edu.utah.sci.vistrails.vtk:vtkAlgorithmOutput)" type="destination" />
    </add>
  </action>
  <action date="2011-04-04 17:28:45" id="6" prevId="5" session="0" user="emanuele">
    <add id="11" objectId="1" parentObjId="" parentObjType="" what="connection">
      <connection id="1" />
    </add>
    <add id="12" objectId="2" parentObjId="1" parentObjType="connection" what="port">
      <port id="2" moduleId="1" moduleName="vtkGraphLayoutView" name="self" signature="(edu.utah.sci.vistrails.vtk:vtkGraphLayoutView)" type="source" />
    </add>
    <add id="13" objectId="3" parentObjId="1" parentObjType="connection" what="port">
      <port id="3" moduleId="2" moduleName="VTKViewCell" name="SetRenderView" signature="(edu.utah.sci.vistrails.vtk:vtkRenderView)" type="destination" />
    </add>
  </action>
  <action date="2011-04-04 17:28:48" id="7" prevId="6" session="0" user="emanuele">
    <change id="14" newObjId="5" oldObjId="2" parentObjId="2" parentObjType="module" what="location">
      <location id="5" x="-46.0" y="-39.0" />
    </change>
  </action>
  <action date="2011-04-04 17:30:40" id="8" prevId="0" session="0" user="emanuele">
    <add id="15" objectId="3" parentObjId="" parentObjType="" what="module">
      <module cache="1" id="3" name="HTTPFile" namespace="" package="edu.utah.sci.vistrails.http" version="0.9.0" />
    </add>
    <add id="16" objectId="6" parentObjId="3" parentObjType="module" what="location">
      <location id="6" x="-183.754601227" y="196.319018405" />
    </add>
  </action>
  <action date="2011-04-04 17:30:54" id="9" prevId="8" session="0" user="emanuele">
    <change id="17" newObjId="8" oldObjId="6" parentObjId="3" parentObjType="module" what="location">
      <location id="8" x="-131.141104294" y="195.533742331" />
    </change>
  </action>
  <action date="2011-04-04 17:30:54" id="10" prevId="9" session="0" user="emanuele">
    <add id="18" objectId="4" parentObjId="" parentObjType="" what="module">
      <module cache="1" id="4" name="vtkXMLTreeReader" namespace="" package="edu.utah.sci.vistrails.vtk" version="0.9.3" />
    </add>
    <add id="19" objectId="7" parentObjId="4" parentObjType="module" what="location">
      <location id="7" x="-113.865030675" y="90.3067484663" />
    </add>
  </action>
  <action date="2011-04-04 17:30:57" id="11" prevId="10" session="0" user="emanuele">
    <add id="20" objectId="2" parentObjId="" parentObjType="" what="connection">
      <connection id="2" />
    </add>
    <add id="21" objectId="4" parentObjId="2" parentObjType="connection" what="port">
      <port id="4" moduleId="3" moduleName="HTTPFile" name="file" signature="(edu.utah.sci.vistrails.basic:File)" type="source" />
    </add>
    <add id="22" objectId="5" parentObjId="2" parentObjType="connection" what="port">
      <port id="5" moduleId="4" moduleName="vtkXMLTreeReader" name="SetFile" signature="(edu.utah.sci.vistrails.basic:File)" type="destination" />
    </add>
  </action>
  <action date="2011-04-04 17:31:19" id="12" prevId="11" session="0" user="emanuele">
    <change id="23" newObjId="10" oldObjId="8" parentObjId="3" parentObjType="module" what="location">
      <location id="10" x="-131.141104294" y="198.674846626" />
    </change>
    <change id="24" newObjId="11" oldObjId="7" parentObjId="4" parentObjType="module" what="location">
      <location id="11" x="-117.006134969" y="82.4539877301" />
    </change>
  </action>
  <action date="2011-04-04 17:31:19" id="13" prevId="12" session="0" user="emanuele">
    <add id="25" objectId="5" parentObjId="" parentObjType="" what="module">
      <module cache="1" id="5" name="vtkViewTheme" namespace="" package="edu.utah.sci.vistrails.vtk" version="0.9.3" />
    </add>
    <add id="26" objectId="9" parentObjId="5" parentObjType="module" what="location">
      <location id="9" x="116.220858896" y="137.423312883" />
    </add>
  </action>
  <action date="2011-04-04 17:31:31" id="14" prevId="13" session="0" user="emanuele">
    <add id="27" objectId="0" parentObjId="5" parentObjType="module" what="function">
      <function id="0" name="SetCellColor" pos="0" />
    </add>
    <add id="28" objectId="2" parentObjId="0" parentObjType="function" what="parameter">
      <parameter alias="" id="2" name="&lt;no description&gt;" pos="2" type="edu.utah.sci.vistrails.basic:Float" val="" />
    </add>
    <add id="29" objectId="1" parentObjId="0" parentObjType="function" what="parameter">
      <parameter alias="" id="1" name="&lt;no description&gt;" pos="1" type="edu.utah.sci.vistrails.basic:Float" val="" />
    </add>
    <add id="30" objectId="0" parentObjId="0" parentObjType="function" what="parameter">
      <parameter alias="" id="0" name="&lt;no description&gt;" pos="0" type="edu.utah.sci.vistrails.basic:Float" val="" />
    </add>
  </action>
  <action date="2011-04-04 17:31:40" id="15" prevId="14" session="0" user="emanuele">
    <change id="31" newObjId="3" oldObjId="0" parentObjId="0" parentObjType="function" what="parameter">
      <parameter alias="" id="3" name="&lt;no description&gt;" pos="0" type="edu.utah.sci.vistrails.basic:Float" val="0.2" />
    </change>
  </action>
  <action date="2011-04-04 17:31:42" id="16" prevId="15" session="0" user="emanuele">
    <change id="32" newObjId="4" oldObjId="1" parentObjId="0" parentObjType="function" what="parameter">
      <parameter alias="" id="4" name="&lt;no description&gt;" pos="1" type="edu.utah.sci.vistrails.basic:Float" val="0.2" />
    </change>
  </action>
  <action date="2011-04-04 17:31:48" id="17" prevId="16" session="0" user="emanuele">
    <change id="33" newObjId="5" oldObjId="2" parentObjId="0" parentObjType="function" what="parameter">
      <parameter alias="" id="5" name="&lt;no description&gt;" pos="2" type="edu.utah.sci.vistrails.basic:Float" val="0.6" />
    </change>
  </action>
  <action date="2011-04-04 17:31:57" id="18" prevId="17" session="0" user="emanuele">
    <add id="34" objectId="1" parentObjId="5" parentObjType="module" what="function">
      <function id="1" name="SetLineWidth" pos="1" />
    </add>
    <add id="35" objectId="6" parentObjId="1" parentObjType="function" what="parameter">
      <parameter alias="" id="6" name="&lt;no description&gt;" pos="0" type="edu.utah.sci.vistrails.basic:Float" val="" />
    </add>
  </action>
  <action date="2011-04-04 17:32:00" id="19" prevId="18" session="0" user="emanuele">
    <change id="36" newObjId="7" oldObjId="6" parentObjId="1" parentObjType="function" what="parameter">
      <parameter alias="" id="7" name="&lt;no description&gt;" pos="0" type="edu.utah.sci.vistrails.basic:Float" val="2" />
    </change>
  </action>
  <action date="2011-04-04 17:32:04" id="20" prevId="19" session="0" user="emanuele">
    <add id="37" objectId="2" parentObjId="5" parentObjType="module" what="function">
      <function id="2" name="SetPointSize" pos="2" />
    </add>
    <add id="38" objectId="8" parentObjId="2" parentObjType="function" what="parameter">
      <parameter alias="" id="8" name="&lt;no description&gt;" pos="0" type="edu.utah.sci.vistrails.basic:Float" val="" />
    </add>
  </action>
  <action date="2011-04-04 17:32:11" id="21" prevId="20" session="0" user="emanuele">
    <change id="39" newObjId="9" oldObjId="8" parentObjId="2" parentObjType="function" what="parameter">
      <parameter alias="" id="9" name="&lt;no description&gt;" pos="0" type="edu.utah.sci.vistrails.basic:Float" val="10" />
    </change>
  </action>
  <action date="2011-04-04 17:32:27" id="22" prevId="21" session="0" user="emanuele">
    <add id="40" objectId="6" parentObjId="" parentObjType="" what="module">
      <module cache="1" id="6" name="vtkGraphLayoutView" namespace="" package="edu.utah.sci.vistrails.vtk" version="0.9.3" />
    </add>
    <add id="41" objectId="12" parentObjId="6" parentObjType="module" what="location">
      <location id="12" x="3.9263803681" y="-36.1226993865" />
    </add>
  </action>
  <action date="2011-04-04 17:32:51" id="23" prevId="22" session="0" user="emanuele">
    <change id="42" newObjId="13" oldObjId="12" parentObjId="6" parentObjType="module" what="location">
      <location id="13" x="29.8404907975" y="-60.4662576687" />
    </change>
  </action>
  <action date="2011-04-04 17:32:51" id="24" prevId="23" session="0" user="emanuele">
    <add id="43" objectId="3" parentObjId="" parentObjType="" what="connection">
      <connection id="3" />
    </add>
    <add id="44" objectId="6" parentObjId="3" parentObjType="connection" what="port">
      <port id="6" moduleId="4" moduleName="vtkXMLTreeReader" name="GetOutputPort0" signature="(edu.utah.sci.vistrails.vtk:vtkAlgorithmOutput)" type="source" />
    </add>
    <add id="45" objectId="7" parentObjId="3" parentObjType="connection" what="port">
      <port id="7" moduleId="6" moduleName="vtkGraphLayoutView" name="AddRepresentationFromInputConnection" signature="(edu.utah.sci.vistrails.vtk:vtkAlgorithmOutput)" type="destination" />
    </add>
  </action>
  <action date="2011-04-04 17:33:15" id="25" prevId="24" session="0" user="emanuele">
    <add id="46" objectId="4" parentObjId="" parentObjType="" what="connection">
      <connection id="4" />
    </add>
    <add id="47" objectId="8" parentObjId="4" parentObjType="connection" what="port">
      <port id="8" moduleId="5" moduleName="vtkViewTheme" name="self" signature="(edu.utah.sci.vistrails.vtk:vtkViewTheme)" type="source" />
    </add>
    <add id="48" objectId="9" parentObjId="4" parentObjType="connection" what="port">
      <port id="9" moduleId="6" moduleName="vtkGraphLayoutView" name="ApplyViewTheme" signature="(edu.utah.sci.vistrails.vtk:vtkViewTheme)" type="destination" />
    </add>
  </action>
  <action date="2011-04-04 17:33:33" id="26" prevId="25" session="0" user="emanuele">
    <change id="49" newObjId="14" oldObjId="13" parentObjId="6" parentObjType="module" what="location">
      <location id="14" x="30.6257668712" y="-41.6196319018" />
    </change>
  </action>
  <action date="2011-04-04 17:33:33" id="27" prevId="26" session="0" user="emanuele">
    <add id="50" objectId="3" parentObjId="6" parentObjType="module" what="function">
      <function id="3" name="SetVertexLabelArrayName" pos="0" />
    </add>
    <add id="51" objectId="10" parentObjId="3" parentObjType="function" what="parameter">
      <parameter alias="" id="10" name="&lt;no description&gt;" pos="0" type="edu.utah.sci.vistrails.basic:String" val="" />
    </add>
  </action>
  <action date="2011-04-04 17:33:48" id="28" prevId="27" session="0" user="emanuele">
    <change id="52" newObjId="11" oldObjId="10" parentObjId="3" parentObjType="function" what="parameter">
      <parameter alias="" id="11" name="&lt;no description&gt;" pos="0" type="edu.utah.sci.vistrails.basic:String" val="id" />
    </change>
  </action>
  <action date="2011-04-04 17:33:58" id="29" prevId="28" session="0" user="emanuele">
    <add id="53" objectId="4" parentObjId="6" parentObjType="module" what="function">
      <function id="4" name="VertexLabelVisibilityOn" pos="1" />
    </add>
  </action>
  <action date="2011-04-04 17:34:06" id="30" prevId="29" session="0" user="emanuele">
    <add id="54" objectId="5" parentObjId="6" parentObjType="module" what="function">
      <function id="5" name="SetVertexColorArrayName" pos="2" />
    </add>
    <add id="55" objectId="12" parentObjId="5" parentObjType="function" what="parameter">
      <parameter alias="" id="12" name="&lt;no description&gt;" pos="0" type="edu.utah.sci.vistrails.basic:String" val="" />
    </add>
  </action>
  <action date="2011-04-04 17:34:14" id="31" prevId="30" session="0" user="emanuele">
    <change id="56" newObjId="13" oldObjId="12" parentObjId="5" parentObjType="function" what="parameter">
      <parameter alias="" id="13" name="&lt;no description&gt;" pos="0" type="edu.utah.sci.vistrails.basic:String" val="vertex id" />
    </change>
  </action>
  <action date="2011-04-04 17:34:29" id="32" prevId="31" session="0" user="emanuele">
    <add id="57" objectId="6" parentObjId="6" parentObjType="module" what="function">
      <function id="6" name="ColorVerticesOn" pos="3" />
    </add>
  </action>
  <action date="2011-04-04 17:34:50" id="33" prevId="32" session="0" user="emanuele">
    <add id="58" objectId="7" parentObjId="6" parentObjType="module" what="function">
      <function id="7" name="SetLayoutStrategyToCone" pos="4" />
    </add>
  </action>
  <action date="2011-04-04 17:35:06" id="34" prevId="33" session="0" user="emanuele">
    <add id="59" objectId="8" parentObjId="6" parentObjType="module" what="function">
      <function id="8" name="SetInteractionModeTo3D" pos="5" />
    </add>
  </action>
  <action date="2011-04-04 17:39:09" id="35" prevId="34" session="0" user="emanuele">
    <add id="60" objectId="7" parentObjId="" parentObjType="" what="module">
      <module cache="1" id="7" name="VTKViewCell" namespace="" package="edu.utah.sci.vistrails.vtk" version="0.9.3" />
    </add>
    <add id="61" objectId="15" parentObjId="7" parentObjType="module" what="location">
      <location id="15" x="73.0306748466" y="-130.355828221" />
    </add>
  </action>
  <action date="2011-04-04 17:39:11" id="36" prevId="35" session="0" user="emanuele">
    <add id="62" objectId="5" parentObjId="" parentObjType="" what="connection">
      <connection id="5" />
    </add>
    <add id="63" objectId="10" parentObjId="5" parentObjType="connection" what="port">
      <port id="10" moduleId="6" moduleName="vtkGraphLayoutView" name="self" signature="(edu.utah.sci.vistrails.vtk:vtkGraphLayoutView)" type="source" />
    </add>
    <add id="64" objectId="11" parentObjId="5" parentObjType="connection" what="port">
      <port id="11" moduleId="7" moduleName="VTKViewCell" name="SetRenderView" signature="(edu.utah.sci.vistrails.vtk:vtkRenderView)" type="destination" />
    </add>
  </action>
  <action date="2011-04-04 17:39:13" id="37" prevId="36" session="0" user="emanuele">
    <change id="65" newObjId="16" oldObjId="15" parentObjId="7" parentObjType="module" what="location">
      <location id="16" x="40.8343558282" y="-162.552147239" />
    </change>
  </action>
  <action date="2011-04-04 17:39:17" id="38" prevId="37" session="0" user="emanuele">
    <add id="66" objectId="9" parentObjId="3" parentObjType="module" what="function">
      <function id="9" name="url" pos="0" />
    </add>
    <add id="67" objectId="14" parentObjId="9" parentObjType="function" what="parameter">
      <parameter alias="" id="14" name="&lt;no description&gt;" pos="0" type="edu.utah.sci.vistrails.basic:String" val="" />
    </add>
  </action>
  <action date="2011-04-04 17:39:55" id="39" prevId="38" session="0" user="emanuele">
    <change id="68" newObjId="15" oldObjId="14" parentObjId="9" parentObjType="function" what="parameter">
      <parameter alias="" id="15" name="&lt;no description&gt;" pos="0" type="edu.utah.sci.vistrails.basic:String" val="http://www.vistrails.org/download/download.php?type=DATA&amp;id=" />
    </change>
  </action>
  <action date="2011-04-04 17:40:27" id="40" prevId="39" session="0" user="emanuele">
    <change id="69" newObjId="16" oldObjId="15" parentObjId="9" parentObjType="function" what="parameter">
      <parameter alias="" id="16" name="&lt;no description&gt;" pos="0" type="edu.utah.sci.vistrails.basic:String" val="http://www.vistrails.org/download/download.php?type=DATA&amp;id=vtkclasses.xml" />
    </change>
  </action>
  <action date="2011-04-04 17:46:33" id="41" prevId="40" session="0" user="emanuele">
    <delete id="70" objectId="6" parentObjId="3" parentObjType="connection" what="port" />
    <delete id="71" objectId="7" parentObjId="3" parentObjType="connection" what="port" />
    <delete id="72" objectId="3" parentObjId="" parentObjType="" what="connection" />
    <delete id="73" objectId="8" parentObjId="4" parentObjType="connection" what="port" />
    <delete id="74" objectId="9" parentObjId="4" parentObjType="connection" what="port" />
    <delete id="75" objectId="4" parentObjId="" parentObjType="" what="connection" />
    <delete id="76" objectId="10" parentObjId="5" parentObjType="connection" what="port" />
    <delete id="77" objectId="11" parentObjId="5" parentObjType="connection" what="port" />
    <delete id="78" objectId="5" parentObjId="" parentObjType="" what="connection" />
    <delete id="79" objectId="9" parentObjId="5" parentObjType="module" what="location" />
    <delete id="80" objectId="3" parentObjId="0" parentObjType="function" what="parameter" />
    <delete id="81" objectId="4" parentObjId="0" parentObjType="function" what="parameter" />
    <delete id="82" objectId="5" parentObjId="0" parentObjType="function" what="parameter" />
    <delete id="83" objectId="0" parentObjId="5" parentObjType="module" what="function" />
    <delete id="84" objectId="7" parentObjId="1" parentObjType="function" what="parameter" />
    <delete id="85" objectId="1" parentObjId="5" parentObjType="module" what="function" />
    <delete id="86" objectId="9" parentObjId="2" parentObjType="function" what="parameter" />
    <delete id="87" objectId="2" parentObjId="5" parentObjType="module" what="function" />
    <delete id="88" objectId="5" parentObjId="" parentObjType="" what="module" />
    <delete id="89" objectId="14" parentObjId="6" parentObjType="module" what="location" />
    <delete id="90" objectId="11" parentObjId="3" parentObjType="function" what="parameter" />
    <delete id="91" objectId="3" parentObjId="6" parentObjType="module" what="function" />
    <delete id="92" objectId="4" parentObjId="6" parentObjType="module" what="function" />
    <delete id="93" objectId="13" parentObjId="5" parentObjType="function" what="parameter" />
    <delete id="94" objectId="5" parentObjId="6" parentObjType="module" what="function" />
    <delete id="95" objectId="6" parentObjId="6" parentObjType="module" what="function" />
    <delete id="96" objectId="7" parentObjId="6" parentObjType="module" what="function" />
    <delete id="97" objectId="8" parentObjId="6" parentObjType="module" what="function" />
    <delete id="98" objectId="6" parentObjId="" parentObjType="" what="module" />
  </action>
  <action date="2011-04-04 17:46:49" id="42" prevId="41" session="0" user="emanuele">
    <add id="99" objectId="8" parentObjId="" parentObjType="" what="module">
      <module cache="1" id="8" name="vtkIcicleView" namespace="" package="edu.utah.sci.vistrails.vtk" version="0.9.3" />
    </add>
    <add id="100" objectId="17" parentObjId="8" parentObjType="module" what="location">
      <location id="17" x="-64.3926380368" y="-62.036809816" />
    </add>
  </action>
  <action date="2011-04-04 17:46:56" id="43" prevId="42" session="0" user="emanuele">
    <add id="101" objectId="6" parentObjId="" parentObjType="" what="connection">
      <connection id="6" />
    </add>
    <add id="102" objectId="12" parentObjId="6" parentObjType="connection" what="port">
      <port id="12" moduleId="4" moduleName="vtkXMLTreeReader" name="GetOutputPort0" signature="(edu.utah.sci.vistrails.vtk:vtkAlgorithmOutput)" type="source" />
    </add>
    <add id="103" objectId="13" parentObjId="6" parentObjType="connection" what="port">
      <port id="13" moduleId="8" moduleName="vtkIcicleView" name="AddRepresentationFromInputConnection" signature="(edu.utah.sci.vistrails.vtk:vtkAlgorithmOutput)" type="destination" />
    </add>
  </action>
  <action date="2011-04-04 17:46:58" id="44" prevId="43" session="0" user="emanuele">
    <add id="104" objectId="7" parentObjId="" parentObjType="" what="connection">
      <connection id="7" />
    </add>
    <add id="105" objectId="14" parentObjId="7" parentObjType="connection" what="port">
      <port id="14" moduleId="8" moduleName="vtkIcicleView" name="self" signature="(edu.utah.sci.vistrails.vtk:vtkIcicleView)" type="source" />
    </add>
    <add id="106" objectId="15" parentObjId="7" parentObjType="connection" what="port">
      <port id="15" moduleId="7" moduleName="VTKViewCell" name="SetRenderView" signature="(edu.utah.sci.vistrails.vtk:vtkRenderView)" type="destination" />
    </add>
  </action>
  <action date="2011-04-04 17:47:21" id="45" prevId="44" session="0" user="emanuele">
    <add id="107" objectId="10" parentObjId="8" parentObjType="module" what="function">
      <function id="10" name="SetAreaSizeArrayName" pos="0" />
    </add>
    <add id="108" objectId="17" parentObjId="10" parentObjType="function" what="parameter">
      <parameter alias="" id="17" name="&lt;no description&gt;" pos="0" type="edu.utah.sci.vistrails.basic:String" val="" />
    </add>
  </action>
  <action date="2011-04-04 17:47:30" id="46" prevId="45" session="0" user="emanuele">
    <change id="109" newObjId="18" oldObjId="17" parentObjId="10" parentObjType="function" what="parameter">
      <parameter alias="" id="18" name="&lt;no description&gt;" pos="0" type="edu.utah.sci.vistrails.basic:String" val="size" />
    </change>
  </action>
  <action date="2011-04-04 17:47:36" id="47" prevId="46" session="0" user="emanuele">
    <add id="110" objectId="11" parentObjId="8" parentObjType="module" what="function">
      <function id="11" name="SetAreaColorArrayName" pos="1" />
    </add>
    <add id="111" objectId="19" parentObjId="11" parentObjType="function" what="parameter">
      <parameter alias="" id="19" name="&lt;no description&gt;" pos="0" type="edu.utah.sci.vistrails.basic:String" val="" />
    </add>
  </action>
  <action date="2011-04-04 17:47:40" id="48" prevId="47" session="0" user="emanuele">
    <change id="112" newObjId="20" oldObjId="19" parentObjId="11" parentObjType="function" what="parameter">
      <parameter alias="" id="20" name="&lt;no description&gt;" pos="0" type="edu.utah.sci.vistrails.basic:String" val="vertex id" />
    </change>
  </action>
  <action date="2011-04-04 17:47:56" id="49" prevId="48" session="0" user="emanuele">
    <add id="113" objectId="12" parentObjId="8" parentObjType="module" what="function">
      <function id="12" name="SetAreaLabelArrayName" pos="2" />
    </add>
    <add id="114" objectId="21" parentObjId="12" parentObjType="function" what="parameter">
      <parameter alias="" id="21" name="&lt;no description&gt;" pos="0" type="edu.utah.sci.vistrails.basic:String" val="" />
    </add>
  </action>
  <action date="2011-04-04 17:48:06" id="50" prevId="49" session="0" user="emanuele">
    <change id="115" newObjId="22" oldObjId="21" parentObjId="12" parentObjType="function" what="parameter">
      <parameter alias="" id="22" name="&lt;no description&gt;" pos="0" type="edu.utah.sci.vistrails.basic:String" val="id" />
    </change>
  </action>
  <action date="2011-04-04 17:48:08" id="51" prevId="50" session="0" user="emanuele">
    <add id="116" objectId="13" parentObjId="8" parentObjType="module" what="function">
      <function id="13" name="AreaLabelVisibilityOn" pos="3" />
    </add>
  </action>
  <action date="2011-04-04 17:48:24" id="52" prevId="51" session="0" user="emanuele">
    <add id="117" objectId="14" parentObjId="8" parentObjType="module" what="function">
      <function id="14" name="SetAreaHoverArrayName" pos="4" />
    </add>
    <add id="118" objectId="23" parentObjId="14" parentObjType="function" what="parameter">
      <parameter alias="" id="23" name="&lt;no description&gt;" pos="0" type="edu.utah.sci.vistrails.basic:String" val="" />
    </add>
  </action>
  <action date="2011-04-04 17:48:26" id="53" prevId="52" session="0" user="emanuele">
    <change id="119" newObjId="24" oldObjId="23" parentObjId="14" parentObjType="function" what="parameter">
      <parameter alias="" id="24" name="&lt;no description&gt;" pos="0" type="edu.utah.sci.vistrails.basic:String" val="id" />
    </change>
  </action>
  <action date="2011-04-04 17:48:51" id="54" prevId="53" session="0" user="emanuele">
    <add id="120" objectId="15" parentObjId="8" parentObjType="module" what="function">
      <function id="15" name="SetRootWidth" pos="5" />
    </add>
    <add id="121" objectId="25" parentObjId="15" parentObjType="function" what="parameter">
      <parameter alias="" id="25" name="&lt;no description&gt;" pos="0" type="edu.utah.sci.vistrails.basic:Float" val="" />
    </add>
  </action>
  <action date="2011-04-04 17:48:56" id="55" prevId="54" session="0" user="emanuele">
    <change id="122" newObjId="26" oldObjId="25" parentObjId="15" parentObjType="function" what="parameter">
      <parameter alias="" id="26" name="&lt;no description&gt;" pos="0" type="edu.utah.sci.vistrails.basic:Float" val="40" />
    </change>
  </action>
  <action date="2011-04-04 17:49:18" id="56" prevId="55" session="0" user="emanuele">
    <add id="123" objectId="16" parentObjId="8" parentObjType="module" what="function">
      <function id="16" name="SetLayerThickness" pos="6" />
    </add>
    <add id="124" objectId="27" parentObjId="16" parentObjType="function" what="parameter">
      <parameter alias="" id="27" name="&lt;no description&gt;" pos="0" type="edu.utah.sci.vistrails.basic:Float" val="" />
    </add>
  </action>
  <action date="2011-04-04 17:49:27" id="57" prevId="56" session="0" user="emanuele">
    <change id="125" newObjId="28" oldObjId="27" parentObjId="16" parentObjType="function" what="parameter">
      <parameter alias="" id="28" name="&lt;no description&gt;" pos="0" type="edu.utah.sci.vistrails.basic:Float" val="2" />
    </change>
  </action>
  <action date="2011-04-04 17:50:42" id="58" prevId="57" session="0" user="emanuele">
    <annotation id="8" key="__description__" value="Paste" />
    <add id="126" objectId="9" parentObjId="" parentObjType="" what="module">
      <module cache="1" id="9" name="PythonSource" namespace="" package="edu.utah.sci.vistrails.basic" version="1.6" />
    </add>
    <add id="127" objectId="0" parentObjId="9" parentObjType="module" what="portSpec">
      <portSpec defaults="" id="0" labels="" name="theme" optional="0" sigstring="(edu.utah.sci.vistrails.vtk:vtkViewTheme)" sortKey="0" type="output" />
    </add>
    <add id="128" objectId="7" parentObjId="9" parentObjType="module" what="annotation">
      <annotation id="7" key="__desc__" value="CreateMellowTheme" />
    </add>
    <add id="129" objectId="17" parentObjId="9" parentObjType="module" what="function">
      <function id="17" name="source" pos="0" />
    </add>
    <add id="130" objectId="29" parentObjId="17" parentObjType="function" what="parameter">
      <parameter alias="" id="29" name="&lt;no description&gt;" pos="0" type="edu.utah.sci.vistrails.basic:String" val="from%20core.modules.module_registry%20import%20get_module_registry%0Aimport%20vtk%0Areg%20%3D%20get_module_registry%28%29%0AvtkViewThemeModule%20%3D%20reg.get_module_by_name%28%27edu.utah.sci.vistrails.vtk%27%2C%20%27vtkViewTheme%27%29%0Atheme%20%3D%20vtkViewThemeModule%28%29%0Atheme.vtkInstance%20%3D%20vtk.vtkViewTheme.CreateMellowTheme%28%29%0A" />
    </add>
    <add id="131" objectId="18" parentObjId="9" parentObjType="module" what="location">
      <location id="18" x="-7.06748466258" y="19.6319018405" />
    </add>
  </action>
  <action date="2011-04-04 17:50:50" id="59" prevId="58" session="0" user="emanuele">
    <change id="132" newObjId="19" oldObjId="18" parentObjId="9" parentObjType="module" what="location">
      <location id="19" x="137.423312883" y="167.263803681" />
    </change>
  </action>
  <action date="2011-04-04 17:50:50" id="60" prevId="59" session="0" user="emanuele">
    <add id="133" objectId="8" parentObjId="" parentObjType="" what="connection">
      <connection id="8" />
    </add>
    <add id="134" objectId="16" parentObjId="8" parentObjType="connection" what="port">
      <port id="16" moduleId="9" moduleName="PythonSource" name="theme" signature="(edu.utah.sci.vistrails.vtk:vtkViewTheme)" type="source" />
    </add>
    <add id="135" objectId="17" parentObjId="8" parentObjType="connection" what="port">
      <port id="17" moduleId="8" moduleName="vtkIcicleView" name="ApplyViewTheme" signature="(edu.utah.sci.vistrails.vtk:vtkViewTheme)" type="destination" />
    </add>
  </action>
  <action date="2011-04-04 20:03:19" id="61" prevId="60" session="0" user="emanuele">
    <delete id="136" objectId="16" parentObjId="8" parentObjType="connection" what="port" />
    <delete id="137" objectId="17" parentObjId="8" parentObjType="connection" what="port" />
    <delete id="138" objectId="8" parentObjId="" parentObjType="" what="connection" />
    <delete id="139" objectId="12" parentObjId="6" parentObjType="connection" what="port" />
    <delete id="140" objectId="13" parentObjId="6" parentObjType="connection" what="port" />
    <delete id="141" objectId="6" parentObjId="" parentObjType="" what="connection" />
    <delete id="142" objectId="14" parentObjId="7" parentObjType="connection" what="port" />
    <delete id="143" objectId="15" parentObjId="7" parentObjType="connection" what="port" />
    <delete id="144" objectId="7" parentObjId="" parentObjType="" what="connection" />
    <delete id="145" objectId="17" parentObjId="8" parentObjType="module" what="location" />
    <delete id="146" objectId="18" parentObjId="10" parentObjType="function" what="parameter" />
    <delete id="147" objectId="10" parentObjId="8" parentObjType="module" what="function" />
    <delete id="148" objectId="20" parentObjId="11" parentObjType="function" what="parameter" />
    <delete id="149" objectId="11" parentObjId="8" parentObjType="module" what="function" />
    <delete id="150" objectId="22" parentObjId="12" parentObjType="function" what="parameter" />
    <delete id="151" objectId="12" parentObjId="8" parentObjType="module" what="function" />
    <delete id="152" objectId="13" parentObjId="8" parentObjType="module" what="function" />
    <delete id="153" objectId="24" parentObjId="14" parentObjType="function" what="parameter" />
    <delete id="154" objectId="14" parentObjId="8" parentObjType="module" what="function" />
    <delete id="155" objectId="26" parentObjId="15" parentObjType="function" what="parameter" />
    <delete id="156" objectId="15" parentObjId="8" parentObjType="module" what="function" />
    <delete id="157" objectId="28" parentObjId="16" parentObjType="function" what="parameter" />
    <delete id="158" objectId="16" parentObjId="8" parentObjType="module" what="function" />
    <delete id="159" objectId="8" parentObjId="" parentObjType="" what="module" />
  </action>
  <action date="2011-04-04 20:03:30" id="62" prevId="61" session="0" user="emanuele">
    <add id="160" objectId="10" parentObjId="" parentObjType="" what="module">
      <module cache="1" id="10" name="vtkTreeMapView" namespace="" package="edu.utah.sci.vistrails.vtk" version="0.9.3" />
    </add>
    <add id="161" objectId="20" parentObjId="10" parentObjType="module" what="location">
      <location id="20" x="12.5953259533" y="-35.2669126691" />
    </add>
  </action>
  <action date="2011-04-04 20:03:35" id="63" prevId="62" session="0" user="emanuele">
    <add id="162" objectId="9" parentObjId="" parentObjType="" what="connection">
      <connection id="9" />
    </add>
    <add id="163" objectId="18" parentObjId="9" parentObjType="connection" what="port">
      <port id="18" moduleId="4" moduleName="vtkXMLTreeReader" name="GetOutputPort0" signature="(edu.utah.sci.vistrails.vtk:vtkAlgorithmOutput)" type="source" />
    </add>
    <add id="164" objectId="19" parentObjId="9" parentObjType="connection" what="port">
      <port id="19" moduleId="10" moduleName="vtkTreeMapView" name="AddRepresentationFromInputConnection" signature="(edu.utah.sci.vistrails.vtk:vtkAlgorithmOutput)" type="destination" />
    </add>
  </action>
  <action date="2011-04-04 20:03:39" id="64" prevId="63" session="0" user="emanuele">
    <add id="165" objectId="10" parentObjId="" parentObjType="" what="connection">
      <connection id="10" />
    </add>
    <add id="166" objectId="20" parentObjId="10" parentObjType="connection" what="port">
      <port id="20" moduleId="9" moduleName="PythonSource" name="theme" signature="(edu.utah.sci.vistrails.vtk:vtkViewTheme)" type="source" />
    </add>
    <add id="167" objectId="21" parentObjId="10" parentObjType="connection" what="port">
      <port id="21" moduleId="10" moduleName="vtkTreeMapView" name="ApplyViewTheme" signature="(edu.utah.sci.vistrails.vtk:vtkViewTheme)" type="destination" />
    </add>
  </action>
  <action date="2011-04-04 20:03:42" id="65" prevId="64" session="0" user="emanuele">
    <add id="168" objectId="11" parentObjId="" parentObjType="" what="connection">
      <connection id="11" />
    </add>
    <add id="169" objectId="22" parentObjId="11" parentObjType="connection" what="port">
      <port id="22" moduleId="10" moduleName="vtkTreeMapView" name="self" signature="(edu.utah.sci.vistrails.vtk:vtkTreeMapView)" type="source" />
    </add>
    <add id="170" objectId="23" parentObjId="11" parentObjType="connection" what="port">
      <port id="23" moduleId="7" moduleName="VTKViewCell" name="SetRenderView" signature="(edu.utah.sci.vistrails.vtk:vtkRenderView)" type="destination" />
    </add>
  </action>
  <action date="2011-04-04 20:04:08" id="66" prevId="65" session="0" user="emanuele">
    <add id="171" objectId="18" parentObjId="10" parentObjType="module" what="function">
      <function id="18" name="SetAreaSizeArrayName" pos="0" />
    </add>
    <add id="172" objectId="30" parentObjId="18" parentObjType="function" what="parameter">
      <parameter alias="" id="30" name="&lt;no description&gt;" pos="0" type="edu.utah.sci.vistrails.basic:String" val="" />
    </add>
  </action>
  <action date="2011-04-04 20:04:18" id="67" prevId="66" session="0" user="emanuele">
    <change id="173" newObjId="31" oldObjId="30" parentObjId="18" parentObjType="function" what="parameter">
      <parameter alias="" id="31" name="&lt;no description&gt;" pos="0" type="edu.utah.sci.vistrails.basic:String" val="size" />
    </change>
  </action>
  <action date="2011-04-04 20:04:22" id="68" prevId="67" session="0" user="emanuele">
    <add id="174" objectId="19" parentObjId="10" parentObjType="module" what="function">
      <function id="19" name="SetAreaColorArrayName" pos="1" />
    </add>
    <add id="175" objectId="32" parentObjId="19" parentObjType="function" what="parameter">
      <parameter alias="" id="32" name="&lt;no description&gt;" pos="0" type="edu.utah.sci.vistrails.basic:String" val="" />
    </add>
  </action>
  <action date="2011-04-04 20:04:25" id="69" prevId="68" session="0" user="emanuele">
    <change id="176" newObjId="33" oldObjId="32" parentObjId="19" parentObjType="function" what="parameter">
      <parameter alias="" id="33" name="&lt;no description&gt;" pos="0" type="edu.utah.sci.vistrails.basic:String" val="vertex id" />
    </change>
  </action>
  <action date="2011-04-04 20:04:34" id="70" prevId="69" session="0" user="emanuele">
    <add id="177" objectId="20" parentObjId="10" parentObjType="module" what="function">
      <function id="20" name="SetAreaLabelArrayName" pos="2" />
    </add>
    <add id="178" objectId="34" parentObjId="20" parentObjType="function" what="parameter">
      <parameter alias="" id="34" name="&lt;no description&gt;" pos="0" type="edu.utah.sci.vistrails.basic:String" val="" />
    </add>
  </action>
  <action date="2011-04-04 20:04:37" id="71" prevId="70" session="0" user="emanuele">
    <change id="179" newObjId="35" oldObjId="34" parentObjId="20" parentObjType="function" what="parameter">
      <parameter alias="" id="35" name="&lt;no description&gt;" pos="0" type="edu.utah.sci.vistrails.basic:String" val="id" />
    </change>
  </action>
  <action date="2011-04-04 20:04:45" id="72" prevId="71" session="0" user="emanuele">
    <add id="180" objectId="21" parentObjId="10" parentObjType="module" what="function">
      <function id="21" name="AreaLabelVisibilityOn" pos="3" />
    </add>
  </action>
  <action date="2011-04-04 20:04:53" id="73" prevId="72" session="0" user="emanuele">
    <add id="181" objectId="22" parentObjId="10" parentObjType="module" what="function">
      <function id="22" name="SetAreaHoverArrayName" pos="4" />
    </add>
    <add id="182" objectId="36" parentObjId="22" parentObjType="function" what="parameter">
      <parameter alias="" id="36" name="&lt;no description&gt;" pos="0" type="edu.utah.sci.vistrails.basic:String" val="" />
    </add>
  </action>
  <action date="2011-04-04 20:05:01" id="74" prevId="73" session="0" user="emanuele">
    <change id="183" newObjId="37" oldObjId="36" parentObjId="22" parentObjType="function" what="parameter">
      <parameter alias="" id="37" name="&lt;no description&gt;" pos="0" type="edu.utah.sci.vistrails.basic:String" val="id" />
    </change>
  </action>
  <action date="2011-04-04 20:05:15" id="75" prevId="74" session="0" user="emanuele">
    <add id="184" objectId="23" parentObjId="10" parentObjType="module" what="function">
      <function id="23" name="SetShrinkPercentage" pos="5" />
    </add>
    <add id="185" objectId="38" parentObjId="23" parentObjType="function" what="parameter">
      <parameter alias="" id="38" name="&lt;no description&gt;" pos="0" type="edu.utah.sci.vistrails.basic:Float" val="" />
    </add>
  </action>
  <action date="2011-04-04 20:05:28" id="76" prevId="75" session="0" user="emanuele">
    <change id="186" newObjId="39" oldObjId="38" parentObjId="23" parentObjType="function" what="parameter">
      <parameter alias="" id="39" name="&lt;no description&gt;" pos="0" type="edu.utah.sci.vistrails.basic:Float" val="0.02" />
    </change>
  </action>
  <action date="2011-04-04 20:08:19" id="77" prevId="76" session="0" user="emanuele">
    <change id="187" newObjId="40" oldObjId="33" parentObjId="19" parentObjType="function" what="parameter">
      <parameter alias="" id="40" name="&lt;no description&gt;" pos="0" type="edu.utah.sci.vistrails.basic:String" val="level" />
    </change>
  </action>
  <action date="2011-04-04 20:08:26" id="78" prevId="77" session="0" user="emanuele">
    <change id="188" newObjId="41" oldObjId="35" parentObjId="20" parentObjType="function" what="parameter">
      <parameter alias="" id="41" name="&lt;no description&gt;" pos="0" type="edu.utah.sci.vistrails.basic:String" val="name" />
    </change>
  </action>
  <action date="2011-04-04 20:08:34" id="79" prevId="78" session="0" user="emanuele">
    <add id="189" objectId="24" parentObjId="10" parentObjType="module" what="function">
      <function id="24" name="SetLayoutStrategyToSquarify" pos="6" />
    </add>
  </action>
  <action date="2011-04-04 20:08:36" id="80" prevId="79" session="0" user="emanuele">
    <delete id="190" objectId="39" parentObjId="23" parentObjType="function" what="parameter" />
    <delete id="191" objectId="23" parentObjId="10" parentObjType="module" what="function" />
  </action>
  <action date="2011-04-04 20:08:39" id="81" prevId="80" session="0" user="emanuele">
    <delete id="192" objectId="37" parentObjId="22" parentObjType="function" what="parameter" />
    <delete id="193" objectId="22" parentObjId="10" parentObjType="module" what="function" />
  </action>
  <action date="2011-04-04 20:08:57" id="82" prevId="81" session="0" user="emanuele">
    <change id="194" newObjId="42" oldObjId="40" parentObjId="19" parentObjType="function" what="parameter">
      <parameter alias="" id="42" name="&lt;no description&gt;" pos="0" type="edu.utah.sci.vistrails.basic:String" val="vertex id" />
    </change>
  </action>
  <action date="2011-04-04 20:09:02" id="83" prevId="82" session="0" user="emanuele">
    <change id="195" newObjId="43" oldObjId="41" parentObjId="20" parentObjType="function" what="parameter">
      <parameter alias="" id="43" name="&lt;no description&gt;" pos="0" type="edu.utah.sci.vistrails.basic:String" val="id" />
    </change>
  </action>
  <action date="2011-04-04 20:09:18" id="84" prevId="83" session="0" user="emanuele">
    <add id="196" objectId="25" parentObjId="10" parentObjType="module" what="function">
      <function id="25" name="SetShrinkPercentage" pos="5" />
    </add>
    <add id="197" objectId="44" parentObjId="25" parentObjType="function" what="parameter">
      <parameter alias="" id="44" name="&lt;no description&gt;" pos="0" type="edu.utah.sci.vistrails.basic:Float" val="" />
    </add>
  </action>
  <action date="2011-04-04 20:09:23" id="85" prevId="84" session="0" user="emanuele">
    <change id="198" newObjId="45" oldObjId="44" parentObjId="25" parentObjType="function" what="parameter">
      <parameter alias="" id="45" name="&lt;no description&gt;" pos="0" type="edu.utah.sci.vistrails.basic:Float" val="0.02" />
    </change>
  </action>
  <action date="2011-04-04 20:10:58" id="86" prevId="85" session="0" user="emanuele">
    <delete id="199" objectId="18" parentObjId="9" parentObjType="connection" what="port" />
    <delete id="200" objectId="19" parentObjId="9" parentObjType="connection" what="port" />
    <delete id="201" objectId="9" parentObjId="" parentObjType="" what="connection" />
    <delete id="202" objectId="20" parentObjId="10" parentObjType="connection" what="port" />
    <delete id="203" objectId="21" parentObjId="10" parentObjType="connection" what="port" />
    <delete id="204" objectId="10" parentObjId="" parentObjType="" what="connection" />
    <delete id="205" objectId="22" parentObjId="11" parentObjType="connection" what="port" />
    <delete id="206" objectId="23" parentObjId="11" parentObjType="connection" what="port" />
    <delete id="207" objectId="11" parentObjId="" parentObjType="" what="connection" />
    <delete id="208" objectId="20" parentObjId="10" parentObjType="module" what="location" />
    <delete id="209" objectId="31" parentObjId="18" parentObjType="function" what="parameter" />
    <delete id="210" objectId="18" parentObjId="10" parentObjType="module" what="function" />
    <delete id="211" objectId="42" parentObjId="19" parentObjType="function" what="parameter" />
    <delete id="212" objectId="19" parentObjId="10" parentObjType="module" what="function" />
    <delete id="213" objectId="43" parentObjId="20" parentObjType="function" what="parameter" />
    <delete id="214" objectId="20" parentObjId="10" parentObjType="module" what="function" />
    <delete id="215" objectId="21" parentObjId="10" parentObjType="module" what="function" />
    <delete id="216" objectId="45" parentObjId="25" parentObjType="function" what="parameter" />
    <delete id="217" objectId="25" parentObjId="10" parentObjType="module" what="function" />
    <delete id="218" objectId="24" parentObjId="10" parentObjType="module" what="function" />
    <delete id="219" objectId="10" parentObjId="" parentObjType="" what="module" />
  </action>
  <action date="2011-04-04 20:11:06" id="87" prevId="86" session="0" user="emanuele">
    <add id="220" objectId="11" parentObjId="" parentObjType="" what="module">
      <module cache="1" id="11" name="vtkTreeRingView" namespace="" package="edu.utah.sci.vistrails.vtk" version="0.9.3" />
    </add>
    <add id="221" objectId="21" parentObjId="11" parentObjType="module" what="location">
      <location id="21" x="19.5227552276" y="-71.7933579336" />
    </add>
  </action>
  <action date="2011-04-04 20:11:10" id="88" prevId="87" session="0" user="emanuele">
    <add id="222" objectId="12" parentObjId="" parentObjType="" what="connection">
      <connection id="12" />
    </add>
    <add id="223" objectId="24" parentObjId="12" parentObjType="connection" what="port">
      <port id="24" moduleId="9" moduleName="PythonSource" name="theme" signature="(edu.utah.sci.vistrails.vtk:vtkViewTheme)" type="source" />
    </add>
    <add id="224" objectId="25" parentObjId="12" parentObjType="connection" what="port">
      <port id="25" moduleId="11" moduleName="vtkTreeRingView" name="ApplyViewTheme" signature="(edu.utah.sci.vistrails.vtk:vtkViewTheme)" type="destination" />
    </add>
  </action>
  <action date="2011-04-04 20:11:13" id="89" prevId="88" session="0" user="emanuele">
    <add id="225" objectId="13" parentObjId="" parentObjType="" what="connection">
      <connection id="13" />
    </add>
    <add id="226" objectId="26" parentObjId="13" parentObjType="connection" what="port">
      <port id="26" moduleId="4" moduleName="vtkXMLTreeReader" name="GetOutputPort0" signature="(edu.utah.sci.vistrails.vtk:vtkAlgorithmOutput)" type="source" />
    </add>
    <add id="227" objectId="27" parentObjId="13" parentObjType="connection" what="port">
      <port id="27" moduleId="11" moduleName="vtkTreeRingView" name="AddRepresentationFromInputConnection" signature="(edu.utah.sci.vistrails.vtk:vtkAlgorithmOutput)" type="destination" />
    </add>
  </action>
  <action date="2011-04-04 20:11:16" id="90" prevId="89" session="0" user="emanuele">
    <add id="228" objectId="14" parentObjId="" parentObjType="" what="connection">
      <connection id="14" />
    </add>
    <add id="229" objectId="28" parentObjId="14" parentObjType="connection" what="port">
      <port id="28" moduleId="11" moduleName="vtkTreeRingView" name="self" signature="(edu.utah.sci.vistrails.vtk:vtkTreeRingView)" type="source" />
    </add>
    <add id="230" objectId="29" parentObjId="14" parentObjType="connection" what="port">
      <port id="29" moduleId="7" moduleName="VTKViewCell" name="SetRenderView" signature="(edu.utah.sci.vistrails.vtk:vtkRenderView)" type="destination" />
    </add>
  </action>
  <action date="2011-04-04 20:11:36" id="91" prevId="90" session="0" user="emanuele">
    <add id="231" objectId="26" parentObjId="11" parentObjType="module" what="function">
      <function id="26" name="SetAreaSizeArrayName" pos="0" />
    </add>
    <add id="232" objectId="46" parentObjId="26" parentObjType="function" what="parameter">
      <parameter alias="" id="46" name="&lt;no description&gt;" pos="0" type="edu.utah.sci.vistrails.basic:String" val="" />
    </add>
  </action>
  <action date="2011-04-04 20:11:41" id="92" prevId="91" session="0" user="emanuele">
    <change id="233" newObjId="47" oldObjId="46" parentObjId="26" parentObjType="function" what="parameter">
      <parameter alias="" id="47" name="&lt;no description&gt;" pos="0" type="edu.utah.sci.vistrails.basic:String" val="size" />
    </change>
  </action>
  <action date="2011-04-04 20:11:45" id="93" prevId="92" session="0" user="emanuele">
    <add id="234" objectId="27" parentObjId="11" parentObjType="module" what="function">
      <function id="27" name="SetAreaColorArrayName" pos="1" />
    </add>
    <add id="235" objectId="48" parentObjId="27" parentObjType="function" what="parameter">
      <parameter alias="" id="48" name="&lt;no description&gt;" pos="0" type="edu.utah.sci.vistrails.basic:String" val="" />
    </add>
  </action>
  <action date="2011-04-04 20:11:50" id="94" prevId="93" session="0" user="emanuele">
    <change id="236" newObjId="49" oldObjId="48" parentObjId="27" parentObjType="function" what="parameter">
      <parameter alias="" id="49" name="&lt;no description&gt;" pos="0" type="edu.utah.sci.vistrails.basic:String" val="vertex id" />
    </change>
  </action>
  <action date="2011-04-04 20:11:55" id="95" prevId="94" session="0" user="emanuele">
    <add id="237" objectId="28" parentObjId="11" parentObjType="module" what="function">
      <function id="28" name="SetAreaLabelArrayName" pos="2" />
    </add>
    <add id="238" objectId="50" parentObjId="28" parentObjType="function" what="parameter">
      <parameter alias="" id="50" name="&lt;no description&gt;" pos="0" type="edu.utah.sci.vistrails.basic:String" val="" />
    </add>
  </action>
  <action date="2011-04-04 20:11:58" id="96" prevId="95" session="0" user="emanuele">
    <change id="239" newObjId="51" oldObjId="50" parentObjId="28" parentObjType="function" what="parameter">
      <parameter alias="" id="51" name="&lt;no description&gt;" pos="0" type="edu.utah.sci.vistrails.basic:String" val="id" />
    </change>
  </action>
  <action date="2011-04-04 20:12:06" id="97" prevId="96" session="0" user="emanuele">
    <add id="240" objectId="29" parentObjId="11" parentObjType="module" what="function">
      <function id="29" name="AreaLabelVisibilityOn" pos="3" />
    </add>
  </action>
  <action date="2011-04-04 20:12:15" id="98" prevId="97" session="0" user="emanuele">
    <add id="241" objectId="30" parentObjId="11" parentObjType="module" what="function">
      <function id="30" name="SetAreaHoverArrayName" pos="4" />
    </add>
    <add id="242" objectId="52" parentObjId="30" parentObjType="function" what="parameter">
      <parameter alias="" id="52" name="&lt;no description&gt;" pos="0" type="edu.utah.sci.vistrails.basic:String" val="" />
    </add>
  </action>
  <action date="2011-04-04 20:12:19" id="99" prevId="98" session="0" user="emanuele">
    <change id="243" newObjId="53" oldObjId="52" parentObjId="30" parentObjType="function" what="parameter">
      <parameter alias="" id="53" name="&lt;no description&gt;" pos="0" type="edu.utah.sci.vistrails.basic:String" val="id" />
    </change>
  </action>
  <action date="2011-04-04 20:12:30" id="100" prevId="99" session="0" user="emanuele">
    <add id="244" objectId="31" parentObjId="11" parentObjType="module" what="function">
      <function id="31" name="SetShrinkPercentage" pos="5" />
    </add>
    <add id="245" objectId="54" parentObjId="31" parentObjType="function" what="parameter">
      <parameter alias="" id="54" name="&lt;no description&gt;" pos="0" type="edu.utah.sci.vistrails.basic:Float" val="" />
    </add>
  </action>
  <action date="2011-04-04 20:12:34" id="101" prevId="100" session="0" user="emanuele">
    <change id="246" newObjId="55" oldObjId="54" parentObjId="31" parentObjType="function" what="parameter">
      <parameter alias="" id="55" name="&lt;no description&gt;" pos="0" type="edu.utah.sci.vistrails.basic:Float" val="0.02" />
    </change>
  </action>
  <action date="2011-04-04 20:12:41" id="102" prevId="101" session="0" user="emanuele">
    <add id="247" objectId="32" parentObjId="11" parentObjType="module" what="function">
      <function id="32" name="RootAtCenterOn" pos="6" />
    </add>
  </action>
  <actionAnnotation actionId="7" date="2011-04-04 17:28:48" id="0" key="__thumb__" user="emanuele" value="2592f705-5efa-11e0-bead-00233230445c.png" />
  <actionAnnotation actionId="7" date="2011-04-04 17:29:09" id="1" key="__tag__" user="emanuele" value="hello_world" />
  <actionAnnotation actionId="40" date="2011-04-04 17:44:56" id="2" key="__thumb__" user="emanuele" value="662e9535-5efc-11e0-9dda-00233230445c.png" />
  <actionAnnotation actionId="40" date="2011-04-04 17:45:21" id="3" key="__tag__" user="emanuele" value="cone_layout" />
  <actionAnnotation actionId="57" date="2011-04-04 17:49:28" id="4" key="__thumb__" user="emanuele" value="08c90aae-5efd-11e0-afff-00233230445c.png" />
  <actionAnnotation actionId="60" date="2011-04-04 17:50:55" id="9" key="__thumb__" user="emanuele" value="3c4a9b99-5efd-11e0-8fa3-00233230445c.png" />
  <actionAnnotation actionId="57" date="2011-04-04 17:52:19" id="10" key="__tag__" user="emanuele" value="icicle_view" />
  <actionAnnotation actionId="60" date="2011-04-04 17:52:32" id="11" key="__tag__" user="emanuele" value="icicle_view_mellow_theme" />
  <actionAnnotation actionId="76" date="2011-04-04 20:05:34" id="12" key="__thumb__" user="emanuele" value="0c11f28a-5f10-11e0-8656-00233230445c.png" />
  <actionAnnotation actionId="81" date="2011-04-04 20:08:42" id="13" key="__thumb__" user="emanuele" value="7bd008ee-5f10-11e0-bc53-00233230445c.png" />
  <actionAnnotation actionId="83" date="2011-04-04 20:09:04" id="14" key="__thumb__" user="emanuele" value="88d388ae-5f10-11e0-85a8-00233230445c.png" />
  <actionAnnotation actionId="85" date="2011-04-04 20:09:24" id="15" key="__thumb__" user="emanuele" value="95060068-5f10-11e0-b671-00233230445c.png" />
  <actionAnnotation actionId="85" date="2011-04-04 20:09:48" id="16" key="__tag__" user="emanuele" value="treemap" />
  <actionAnnotation actionId="102" date="2011-04-04 20:12:45" id="17" key="__thumb__" user="emanuele" value="0c88c7b0-5f11-11e0-98c5-00233230445c.png" />
  <actionAnnotation actionId="102" date="2011-04-04 20:13:02" id="18" key="__tag__" user="emanuele" value="treering" />
</vistrail>
