<workflowExec completed="1" id="-1" ip="0.0.0.0" name="" parentId="" parentType="vistrail" parentVersion="7" session="0" tsEnd="2010-11-22 13:12:34" tsStart="2010-11-22 13:12:15" user="emanuele" version="1.0.2" vtVersion="1.5.1">
  <moduleExec cached="0" completed="1" error="" id="1" machine_id="1" moduleId="4" moduleName="vtkProperty" tsEnd="2010-11-22 13:12:15" tsStart="2010-11-22 13:12:15" />
  <moduleExec cached="0" completed="1" error="" id="2" machine_id="1" moduleId="7" moduleName="HTTPFile" tsEnd="2010-11-22 13:12:33" tsStart="2010-11-22 13:12:15" />
  <moduleExec cached="0" completed="1" error="" id="3" machine_id="1" moduleId="1" moduleName="vtkStructuredPointsReader" tsEnd="2010-11-22 13:12:33" tsStart="2010-11-22 13:12:33" />
  <moduleExec cached="0" completed="1" error="" id="4" machine_id="1" moduleId="0" moduleName="vtkContourFilter" tsEnd="2010-11-22 13:12:33" tsStart="2010-11-22 13:12:33" />
  <moduleExec cached="0" completed="1" error="" id="5" machine_id="1" moduleId="5" moduleName="vtkDataSetMapper" tsEnd="2010-11-22 13:12:33" tsStart="2010-11-22 13:12:33" />
  <moduleExec cached="0" completed="1" error="" id="6" machine_id="1" moduleId="6" moduleName="vtkActor" tsEnd="2010-11-22 13:12:33" tsStart="2010-11-22 13:12:33" />
  <moduleExec cached="0" completed="1" error="" id="7" machine_id="1" moduleId="3" moduleName="vtkRenderer" tsEnd="2010-11-22 13:12:33" tsStart="2010-11-22 13:12:33" />
  <moduleExec cached="0" completed="1" error="" id="8" machine_id="1" moduleId="2" moduleName="VTKCell" tsEnd="2010-11-22 13:12:34" tsStart="2010-11-22 13:12:33" />
</workflowExec>
<workflowExec completed="1" id="-1" ip="0.0.0.0" name="" parentId="" parentType="vistrail" parentVersion="10" session="0" tsEnd="2010-11-22 13:14:58" tsStart="2010-11-22 13:14:58" user="emanuele" version="1.0.2" vtVersion="1.5.1">
  <moduleExec cached="0" completed="1" error="" id="9" machine_id="1" moduleId="4" moduleName="vtkProperty" tsEnd="2010-11-22 13:14:58" tsStart="2010-11-22 13:14:58" />
  <moduleExec cached="1" completed="1" error="" id="10" machine_id="1" moduleId="7" moduleName="HTTPFile" tsEnd="2010-11-22 13:14:58" tsStart="2010-11-22 13:14:58" />
  <moduleExec cached="1" completed="1" error="" id="11" machine_id="1" moduleId="1" moduleName="vtkStructuredPointsReader" tsEnd="2010-11-22 13:14:58" tsStart="2010-11-22 13:14:58" />
  <moduleExec cached="1" completed="1" error="" id="12" machine_id="1" moduleId="0" moduleName="vtkContourFilter" tsEnd="2010-11-22 13:14:58" tsStart="2010-11-22 13:14:58" />
  <moduleExec cached="0" completed="1" error="" id="13" machine_id="1" moduleId="5" moduleName="vtkDataSetMapper" tsEnd="2010-11-22 13:14:58" tsStart="2010-11-22 13:14:58" />
  <moduleExec cached="0" completed="1" error="" id="14" machine_id="1" moduleId="6" moduleName="vtkActor" tsEnd="2010-11-22 13:14:58" tsStart="2010-11-22 13:14:58" />
  <moduleExec cached="0" completed="1" error="" id="15" machine_id="1" moduleId="8" moduleName="vtkCamera" tsEnd="2010-11-22 13:14:58" tsStart="2010-11-22 13:14:58" />
  <moduleExec cached="0" completed="1" error="" id="16" machine_id="1" moduleId="3" moduleName="vtkRenderer" tsEnd="2010-11-22 13:14:58" tsStart="2010-11-22 13:14:58" />
  <moduleExec cached="0" completed="1" error="" id="17" machine_id="1" moduleId="2" moduleName="VTKCell" tsEnd="2010-11-22 13:14:58" tsStart="2010-11-22 13:14:58" />
</workflowExec>
<workflowExec completed="1" id="-1" ip="0.0.0.0" name="" parentId="" parentType="vistrail" parentVersion="15" session="0" tsEnd="2010-11-22 13:17:08" tsStart="2010-11-22 13:17:07" user="emanuele" version="1.0.2" vtVersion="1.5.1">
  <moduleExec cached="0" completed="1" error="" id="18" machine_id="1" moduleId="4" moduleName="vtkProperty" tsEnd="2010-11-22 13:17:07" tsStart="2010-11-22 13:17:07" />
  <moduleExec cached="1" completed="1" error="" id="19" machine_id="1" moduleId="7" moduleName="HTTPFile" tsEnd="2010-11-22 13:17:08" tsStart="2010-11-22 13:17:08" />
  <moduleExec cached="1" completed="1" error="" id="20" machine_id="1" moduleId="1" moduleName="vtkStructuredPointsReader" tsEnd="2010-11-22 13:17:08" tsStart="2010-11-22 13:17:08" />
  <moduleExec cached="1" completed="1" error="" id="21" machine_id="1" moduleId="0" moduleName="vtkContourFilter" tsEnd="2010-11-22 13:17:08" tsStart="2010-11-22 13:17:08" />
  <moduleExec cached="0" completed="1" error="" id="22" machine_id="1" moduleId="5" moduleName="vtkDataSetMapper" tsEnd="2010-11-22 13:17:08" tsStart="2010-11-22 13:17:08" />
  <moduleExec cached="0" completed="1" error="" id="23" machine_id="1" moduleId="6" moduleName="vtkActor" tsEnd="2010-11-22 13:17:08" tsStart="2010-11-22 13:17:08" />
  <moduleExec cached="0" completed="1" error="" id="24" machine_id="1" moduleId="8" moduleName="vtkCamera" tsEnd="2010-11-22 13:17:08" tsStart="2010-11-22 13:17:08" />
  <moduleExec cached="0" completed="1" error="" id="25" machine_id="1" moduleId="3" moduleName="vtkRenderer" tsEnd="2010-11-22 13:17:08" tsStart="2010-11-22 13:17:08" />
  <moduleExec cached="0" completed="1" error="" id="26" machine_id="1" moduleId="2" moduleName="VTKCell" tsEnd="2010-11-22 13:17:08" tsStart="2010-11-22 13:17:08" />
</workflowExec>
<workflowExec completed="1" id="-1" ip="0.0.0.0" name="" parentId="" parentType="vistrail" parentVersion="39" session="1" tsEnd="2010-11-22 13:31:26" tsStart="2010-11-22 13:31:24" user="emanuele" version="1.0.2" vtVersion="1.5.1">
  <moduleExec cached="1" completed="1" error="" id="1" machine_id="1" moduleId="10" moduleName="HTTPFile" tsEnd="2010-11-22 13:31:24" tsStart="2010-11-22 13:31:24" />
  <moduleExec cached="1" completed="1" error="" id="2" machine_id="1" moduleId="9" moduleName="vtkStructuredPointsReader" tsEnd="2010-11-22 13:31:24" tsStart="2010-11-22 13:31:24" />
  <moduleExec cached="1" completed="1" error="" id="3" machine_id="1" moduleId="16" moduleName="vtkScaledTransferFunction" tsEnd="2010-11-22 13:31:24" tsStart="2010-11-22 13:31:24" />
  <moduleExec cached="0" completed="1" error="" id="4" machine_id="1" moduleId="15" moduleName="vtkVolumeProperty" tsEnd="2010-11-22 13:31:24" tsStart="2010-11-22 13:31:24" />
  <moduleExec cached="0" completed="1" error="" id="5" machine_id="1" moduleId="14" moduleName="vtkVolumeTextureMapper3D" tsEnd="2010-11-22 13:31:24" tsStart="2010-11-22 13:31:24" />
  <moduleExec cached="0" completed="1" error="" id="6" machine_id="1" moduleId="13" moduleName="vtkVolume" tsEnd="2010-11-22 13:31:24" tsStart="2010-11-22 13:31:24" />
  <moduleExec cached="0" completed="1" error="" id="7" machine_id="1" moduleId="11" moduleName="vtkRenderer" tsEnd="2010-11-22 13:31:24" tsStart="2010-11-22 13:31:24" />
  <moduleExec cached="0" completed="1" error="" id="8" machine_id="1" moduleId="12" moduleName="VTKCell" tsEnd="2010-11-22 13:31:26" tsStart="2010-11-22 13:31:24" />
</workflowExec>
<workflowExec completed="1" id="-1" ip="0.0.0.0" name="" parentId="" parentType="vistrail" parentVersion="42" session="1" tsEnd="2010-11-22 13:31:43" tsStart="2010-11-22 13:31:41" user="emanuele" version="1.0.2" vtVersion="1.5.1">
  <moduleExec cached="0" completed="1" error="" id="9" machine_id="1" moduleId="17" moduleName="vtkCamera" tsEnd="2010-11-22 13:31:41" tsStart="2010-11-22 13:31:41" />
  <moduleExec cached="1" completed="1" error="" id="10" machine_id="1" moduleId="10" moduleName="HTTPFile" tsEnd="2010-11-22 13:31:41" tsStart="2010-11-22 13:31:41" />
  <moduleExec cached="1" completed="1" error="" id="11" machine_id="1" moduleId="9" moduleName="vtkStructuredPointsReader" tsEnd="2010-11-22 13:31:41" tsStart="2010-11-22 13:31:41" />
  <moduleExec cached="1" completed="1" error="" id="12" machine_id="1" moduleId="16" moduleName="vtkScaledTransferFunction" tsEnd="2010-11-22 13:31:41" tsStart="2010-11-22 13:31:41" />
  <moduleExec cached="0" completed="1" error="" id="13" machine_id="1" moduleId="15" moduleName="vtkVolumeProperty" tsEnd="2010-11-22 13:31:41" tsStart="2010-11-22 13:31:41" />
  <moduleExec cached="0" completed="1" error="" id="14" machine_id="1" moduleId="14" moduleName="vtkVolumeTextureMapper3D" tsEnd="2010-11-22 13:31:41" tsStart="2010-11-22 13:31:41" />
  <moduleExec cached="0" completed="1" error="" id="15" machine_id="1" moduleId="13" moduleName="vtkVolume" tsEnd="2010-11-22 13:31:41" tsStart="2010-11-22 13:31:41" />
  <moduleExec cached="0" completed="1" error="" id="16" machine_id="1" moduleId="11" moduleName="vtkRenderer" tsEnd="2010-11-22 13:31:41" tsStart="2010-11-22 13:31:41" />
  <moduleExec cached="0" completed="1" error="" id="17" machine_id="1" moduleId="12" moduleName="VTKCell" tsEnd="2010-11-22 13:31:43" tsStart="2010-11-22 13:31:41" />
</workflowExec>
