<workflow id="0" name="untitled" version="1.0.3" vistrail_id="" xmlns:xsi="http://www.w3.org/2001/XMLSchema-instance" xsi:schemaLocation="http://www.vistrails.org/workflow.xsd">
  <connection id="0">
    <port id="1" moduleId="6" moduleName="vtkActor" name="SetProperty" signature="(edu.utah.sci.vistrails.vtk:vtkProperty)" type="destination" />
    <port id="0" moduleId="4" moduleName="vtkProperty" name="self" signature="(edu.utah.sci.vistrails.vtk:vtkProperty)" type="source" />
  </connection>
  <connection id="1">
    <port id="3" moduleId="6" moduleName="vtkActor" name="SetMapper" signature="(edu.utah.sci.vistrails.vtk:vtkMapper)" type="destination" />
    <port id="2" moduleId="5" moduleName="vtkDataSetMapper" name="self" signature="(edu.utah.sci.vistrails.vtk:vtkDataSetMapper)" type="source" />
  </connection>
  <connection id="2">
    <port id="5" moduleId="5" moduleName="vtkDataSetMapper" name="SetInputConnection0" signature="(edu.utah.sci.vistrails.vtk:vtkAlgorithmOutput)" type="destination" />
    <port id="4" moduleId="0" moduleName="vtkContourFilter" name="GetOutputPort0" signature="(edu.utah.sci.vistrails.vtk:vtkAlgorithmOutput)" type="source" />
  </connection>
  <connection id="3">
    <port id="7" moduleId="0" moduleName="vtkContourFilter" name="SetInputConnection0" signature="(edu.utah.sci.vistrails.vtk:vtkAlgorithmOutput)" type="destination" />
    <port id="6" moduleId="1" moduleName="vtkStructuredPointsReader" name="GetOutputPort0" signature="(edu.utah.sci.vistrails.vtk:vtkAlgorithmOutput)" type="source" />
  </connection>
  <connection id="4">
    <port id="9" moduleId="2" moduleName="VTKCell" name="AddRenderer" signature="(edu.utah.sci.vistrails.vtk:vtkRenderer)" type="destination" />
    <port id="8" moduleId="3" moduleName="vtkRenderer" name="self" signature="(edu.utah.sci.vistrails.vtk:vtkRenderer)" type="source" />
  </connection>
  <connection id="5">
    <port id="11" moduleId="3" moduleName="vtkRenderer" name="AddActor" signature="(edu.utah.sci.vistrails.vtk:vtkProp)" type="destination" />
    <port id="10" moduleId="6" moduleName="vtkActor" name="self" signature="(edu.utah.sci.vistrails.vtk:vtkActor)" type="source" />
  </connection>
  <connection id="6">
    <port id="12" moduleId="7" moduleName="HTTPFile" name="file" signature="(edu.utah.sci.vistrails.basic:File)" type="source" />
    <port id="13" moduleId="1" moduleName="vtkStructuredPointsReader" name="SetFile" signature="(edu.utah.sci.vistrails.basic:File)" type="destination" />
  </connection>
  <module cache="1" id="0" name="vtkContourFilter" namespace="" package="edu.utah.sci.vistrails.vtk" version="0.9.3">
    <location id="7" x="98.0135038773" y="188.840026167" />
    <function id="0" name="SetValue" pos="0">
      <parameter alias="" id="0" name="&lt;no description&gt;" pos="0" type="edu.utah.sci.vistrails.basic:Integer" val="0" />
      <parameter alias="" id="1" name="&lt;no description&gt;" pos="1" type="edu.utah.sci.vistrails.basic:Float" val="67" />
    </function>
  </module>
  <module cache="1" id="1" name="vtkStructuredPointsReader" namespace="" package="edu.utah.sci.vistrails.vtk" version="0.9.3">
    <location id="8" x="-155.833582682" y="311.747032155" />
  </module>
  <module cache="1" id="2" name="VTKCell" namespace="" package="edu.utah.sci.vistrails.vtk" version="0.9.3">
    <location id="9" x="-116.480730355" y="-429.855214689" />
  </module>
  <module cache="1" id="3" name="vtkRenderer" namespace="" package="edu.utah.sci.vistrails.vtk" version="0.9.3">
    <location id="10" x="-144.606205328" y="-283.278121247" />
  </module>
  <module cache="1" id="4" name="vtkProperty" namespace="" package="edu.utah.sci.vistrails.vtk" version="0.9.3">
    <location id="11" x="350.619080493" y="-36.8970899428" />
    <function id="2" name="SetDiffuseColor" pos="0">
      <parameter alias="" id="3" name="&lt;no description&gt;" pos="0" type="edu.utah.sci.vistrails.basic:Float" val="1" />
      <parameter alias="" id="4" name="&lt;no description&gt;" pos="1" type="edu.utah.sci.vistrails.basic:Float" val="1" />
      <parameter alias="" id="5" name="&lt;no description&gt;" pos="2" type="edu.utah.sci.vistrails.basic:Float" val="1" />
    </function>
  </module>
  <module cache="1" id="5" name="vtkDataSetMapper" namespace="" package="edu.utah.sci.vistrails.vtk" version="0.9.3">
    <location id="12" x="12.2968853283" y="41.5936612132" />
    <function id="3" name="ScalarVisibilityOff" pos="0" />
  </module>
  <module cache="1" id="6" name="vtkActor" namespace="" package="edu.utah.sci.vistrails.vtk" version="0.9.3">
    <location id="13" x="-1.23600247868" y="-134.333884482" />
  </module>
  <module cache="1" id="7" name="HTTPFile" namespace="" package="edu.utah.sci.vistrails.http" version="0.9.0">
    <location id="15" x="-160.398558199" y="450.643568273" />
    <function id="4" name="url" pos="0">
      <parameter alias="" id="7" name="&lt;no description&gt;" pos="0" type="edu.utah.sci.vistrails.basic:String" val="http://www.vistrails.org/download/download.php?type=DATA&amp;id=head.120.vtk" />
    </function>
  </module>
</workflow>
