<workflowExec completed="1" id="-1" ip="0.0.0.0" name="" parentId="" parentType="vistrail" parentVersion="19" session="0" tsEnd="2010-11-22 12:50:37" tsStart="2010-11-22 12:50:28" user="emanuele" version="1.0.2" vtVersion="1.5.1">
  <moduleExec cached="0" completed="1" error="" id="1" machine_id="1" moduleId="2" moduleName="vtkProperty" tsEnd="2010-11-22 12:50:28" tsStart="2010-11-22 12:50:28" />
  <moduleExec cached="0" completed="1" error="" id="2" machine_id="1" moduleId="8" moduleName="vtkLookupTable" tsEnd="2010-11-22 12:50:28" tsStart="2010-11-22 12:50:28" />
  <moduleExec cached="0" completed="1" error="" id="3" machine_id="1" moduleId="12" moduleName="HTTPFile" tsEnd="2010-11-22 12:50:31" tsStart="2010-11-22 12:50:28" />
  <moduleExec cached="0" completed="1" error="" id="4" machine_id="1" moduleId="0" moduleName="vtkDataSetReader" tsEnd="2010-11-22 12:50:31" tsStart="2010-11-22 12:50:31" />
  <moduleExec cached="0" completed="1" error="" id="5" machine_id="1" moduleId="10" moduleName="vtkImageMapToColors" tsEnd="2010-11-22 12:50:32" tsStart="2010-11-22 12:50:31" />
  <moduleExec cached="0" completed="1" error="" id="6" machine_id="1" moduleId="11" moduleName="HTTPFile" tsEnd="2010-11-22 12:50:35" tsStart="2010-11-22 12:50:32" />
  <moduleExec cached="0" completed="1" error="" id="7" machine_id="1" moduleId="6" moduleName="vtkDataSetReader" tsEnd="2010-11-22 12:50:35" tsStart="2010-11-22 12:50:35" />
  <moduleExec cached="0" completed="1" error="" id="8" machine_id="1" moduleId="5" moduleName="vtkContourFilter" tsEnd="2010-11-22 12:50:35" tsStart="2010-11-22 12:50:35" />
  <moduleExec cached="0" completed="1" error="" id="9" machine_id="1" moduleId="9" moduleName="vtkPolyDataNormals" tsEnd="2010-11-22 12:50:35" tsStart="2010-11-22 12:50:35" />
  <moduleExec cached="0" completed="1" error="" id="10" machine_id="1" moduleId="7" moduleName="vtkStripper" tsEnd="2010-11-22 12:50:36" tsStart="2010-11-22 12:50:35" />
  <moduleExec cached="0" completed="1" error="" id="11" machine_id="1" moduleId="1" moduleName="vtkProbeFilter" tsEnd="2010-11-22 12:50:36" tsStart="2010-11-22 12:50:36" />
  <moduleExec cached="0" completed="1" error="" id="12" machine_id="1" moduleId="3" moduleName="vtkPolyDataMapper" tsEnd="2010-11-22 12:50:36" tsStart="2010-11-22 12:50:36" />
  <moduleExec cached="0" completed="1" error="" id="13" machine_id="1" moduleId="4" moduleName="vtkActor" tsEnd="2010-11-22 12:50:36" tsStart="2010-11-22 12:50:36" />
  <moduleExec cached="0" completed="1" error="" id="14" machine_id="1" moduleId="13" moduleName="vtkRenderer" tsEnd="2010-11-22 12:50:36" tsStart="2010-11-22 12:50:36" />
  <moduleExec cached="0" completed="1" error="" id="15" machine_id="1" moduleId="14" moduleName="VTKCell" tsEnd="2010-11-22 12:50:37" tsStart="2010-11-22 12:50:36" />
</workflowExec>
<workflowExec completed="1" id="-1" ip="0.0.0.0" name="" parentId="" parentType="vistrail" parentVersion="21" session="0" tsEnd="2010-11-22 12:51:03" tsStart="2010-11-22 12:51:00" user="emanuele" version="1.0.2" vtVersion="1.5.1">
  <moduleExec cached="0" completed="1" error="" id="16" machine_id="1" moduleId="2" moduleName="vtkProperty" tsEnd="2010-11-22 12:51:01" tsStart="2010-11-22 12:51:01" />
  <moduleExec cached="0" completed="1" error="" id="17" machine_id="1" moduleId="8" moduleName="vtkLookupTable" tsEnd="2010-11-22 12:51:01" tsStart="2010-11-22 12:51:01" />
  <moduleExec cached="1" completed="1" error="" id="18" machine_id="1" moduleId="12" moduleName="HTTPFile" tsEnd="2010-11-22 12:51:01" tsStart="2010-11-22 12:51:01" />
  <moduleExec cached="1" completed="1" error="" id="19" machine_id="1" moduleId="0" moduleName="vtkDataSetReader" tsEnd="2010-11-22 12:51:01" tsStart="2010-11-22 12:51:01" />
  <moduleExec cached="0" completed="1" error="" id="20" machine_id="1" moduleId="10" moduleName="vtkImageMapToColors" tsEnd="2010-11-22 12:51:02" tsStart="2010-11-22 12:51:01" />
  <moduleExec cached="1" completed="1" error="" id="21" machine_id="1" moduleId="11" moduleName="HTTPFile" tsEnd="2010-11-22 12:51:02" tsStart="2010-11-22 12:51:02" />
  <moduleExec cached="1" completed="1" error="" id="22" machine_id="1" moduleId="6" moduleName="vtkDataSetReader" tsEnd="2010-11-22 12:51:02" tsStart="2010-11-22 12:51:02" />
  <moduleExec cached="1" completed="1" error="" id="23" machine_id="1" moduleId="5" moduleName="vtkContourFilter" tsEnd="2010-11-22 12:51:02" tsStart="2010-11-22 12:51:02" />
  <moduleExec cached="1" completed="1" error="" id="24" machine_id="1" moduleId="9" moduleName="vtkPolyDataNormals" tsEnd="2010-11-22 12:51:02" tsStart="2010-11-22 12:51:02" />
  <moduleExec cached="1" completed="1" error="" id="25" machine_id="1" moduleId="7" moduleName="vtkStripper" tsEnd="2010-11-22 12:51:02" tsStart="2010-11-22 12:51:02" />
  <moduleExec cached="0" completed="1" error="" id="26" machine_id="1" moduleId="1" moduleName="vtkProbeFilter" tsEnd="2010-11-22 12:51:02" tsStart="2010-11-22 12:51:02" />
  <moduleExec cached="0" completed="1" error="" id="27" machine_id="1" moduleId="3" moduleName="vtkPolyDataMapper" tsEnd="2010-11-22 12:51:02" tsStart="2010-11-22 12:51:02" />
  <moduleExec cached="0" completed="1" error="" id="28" machine_id="1" moduleId="4" moduleName="vtkActor" tsEnd="2010-11-22 12:51:02" tsStart="2010-11-22 12:51:02" />
  <moduleExec cached="0" completed="1" error="" id="29" machine_id="1" moduleId="13" moduleName="vtkRenderer" tsEnd="2010-11-22 12:51:02" tsStart="2010-11-22 12:51:02" />
  <moduleExec cached="0" completed="1" error="" id="30" machine_id="1" moduleId="14" moduleName="VTKCell" tsEnd="2010-11-22 12:51:02" tsStart="2010-11-22 12:51:02" />
</workflowExec>
<workflowExec completed="1" id="-1" ip="0.0.0.0" name="" parentId="" parentType="vistrail" parentVersion="25" session="0" tsEnd="2010-11-22 12:56:43" tsStart="2010-11-22 12:56:41" user="emanuele" version="1.0.2" vtVersion="1.5.1">
  <moduleExec cached="0" completed="1" error="" id="31" machine_id="1" moduleId="2" moduleName="vtkProperty" tsEnd="2010-11-22 12:56:41" tsStart="2010-11-22 12:56:41" />
  <moduleExec cached="0" completed="1" error="" id="32" machine_id="1" moduleId="8" moduleName="vtkLookupTable" tsEnd="2010-11-22 12:56:41" tsStart="2010-11-22 12:56:41" />
  <moduleExec cached="1" completed="1" error="" id="33" machine_id="1" moduleId="12" moduleName="HTTPFile" tsEnd="2010-11-22 12:56:41" tsStart="2010-11-22 12:56:41" />
  <moduleExec cached="1" completed="1" error="" id="34" machine_id="1" moduleId="0" moduleName="vtkDataSetReader" tsEnd="2010-11-22 12:56:41" tsStart="2010-11-22 12:56:41" />
  <moduleExec cached="0" completed="1" error="" id="35" machine_id="1" moduleId="10" moduleName="vtkImageMapToColors" tsEnd="2010-11-22 12:56:42" tsStart="2010-11-22 12:56:41" />
  <moduleExec cached="1" completed="1" error="" id="36" machine_id="1" moduleId="11" moduleName="HTTPFile" tsEnd="2010-11-22 12:56:42" tsStart="2010-11-22 12:56:42" />
  <moduleExec cached="1" completed="1" error="" id="37" machine_id="1" moduleId="6" moduleName="vtkDataSetReader" tsEnd="2010-11-22 12:56:42" tsStart="2010-11-22 12:56:42" />
  <moduleExec cached="1" completed="1" error="" id="38" machine_id="1" moduleId="5" moduleName="vtkContourFilter" tsEnd="2010-11-22 12:56:42" tsStart="2010-11-22 12:56:42" />
  <moduleExec cached="1" completed="1" error="" id="39" machine_id="1" moduleId="9" moduleName="vtkPolyDataNormals" tsEnd="2010-11-22 12:56:42" tsStart="2010-11-22 12:56:42" />
  <moduleExec cached="1" completed="1" error="" id="40" machine_id="1" moduleId="7" moduleName="vtkStripper" tsEnd="2010-11-22 12:56:42" tsStart="2010-11-22 12:56:42" />
  <moduleExec cached="0" completed="1" error="" id="41" machine_id="1" moduleId="1" moduleName="vtkProbeFilter" tsEnd="2010-11-22 12:56:42" tsStart="2010-11-22 12:56:42" />
  <moduleExec cached="0" completed="1" error="" id="42" machine_id="1" moduleId="3" moduleName="vtkPolyDataMapper" tsEnd="2010-11-22 12:56:43" tsStart="2010-11-22 12:56:43" />
  <moduleExec cached="0" completed="1" error="" id="43" machine_id="1" moduleId="4" moduleName="vtkActor" tsEnd="2010-11-22 12:56:43" tsStart="2010-11-22 12:56:43" />
  <moduleExec cached="0" completed="1" error="" id="44" machine_id="1" moduleId="13" moduleName="vtkRenderer" tsEnd="2010-11-22 12:56:43" tsStart="2010-11-22 12:56:43" />
  <moduleExec cached="0" completed="1" error="" id="45" machine_id="1" moduleId="14" moduleName="VTKCell" tsEnd="2010-11-22 12:56:43" tsStart="2010-11-22 12:56:43" />
</workflowExec>
<workflowExec completed="1" id="-1" ip="0.0.0.0" name="" parentId="" parentType="vistrail" parentVersion="29" session="0" tsEnd="2010-11-22 12:59:05" tsStart="2010-11-22 12:59:03" user="emanuele" version="1.0.2" vtVersion="1.5.1">
  <moduleExec cached="0" completed="1" error="" id="46" machine_id="1" moduleId="2" moduleName="vtkProperty" tsEnd="2010-11-22 12:59:03" tsStart="2010-11-22 12:59:03" />
  <moduleExec cached="0" completed="1" error="" id="47" machine_id="1" moduleId="8" moduleName="vtkLookupTable" tsEnd="2010-11-22 12:59:03" tsStart="2010-11-22 12:59:03" />
  <moduleExec cached="1" completed="1" error="" id="48" machine_id="1" moduleId="12" moduleName="HTTPFile" tsEnd="2010-11-22 12:59:03" tsStart="2010-11-22 12:59:03" />
  <moduleExec cached="1" completed="1" error="" id="49" machine_id="1" moduleId="0" moduleName="vtkDataSetReader" tsEnd="2010-11-22 12:59:03" tsStart="2010-11-22 12:59:03" />
  <moduleExec cached="0" completed="1" error="" id="50" machine_id="1" moduleId="10" moduleName="vtkImageMapToColors" tsEnd="2010-11-22 12:59:04" tsStart="2010-11-22 12:59:03" />
  <moduleExec cached="1" completed="1" error="" id="51" machine_id="1" moduleId="11" moduleName="HTTPFile" tsEnd="2010-11-22 12:59:04" tsStart="2010-11-22 12:59:04" />
  <moduleExec cached="1" completed="1" error="" id="52" machine_id="1" moduleId="6" moduleName="vtkDataSetReader" tsEnd="2010-11-22 12:59:04" tsStart="2010-11-22 12:59:04" />
  <moduleExec cached="1" completed="1" error="" id="53" machine_id="1" moduleId="5" moduleName="vtkContourFilter" tsEnd="2010-11-22 12:59:04" tsStart="2010-11-22 12:59:04" />
  <moduleExec cached="1" completed="1" error="" id="54" machine_id="1" moduleId="9" moduleName="vtkPolyDataNormals" tsEnd="2010-11-22 12:59:04" tsStart="2010-11-22 12:59:04" />
  <moduleExec cached="1" completed="1" error="" id="55" machine_id="1" moduleId="7" moduleName="vtkStripper" tsEnd="2010-11-22 12:59:04" tsStart="2010-11-22 12:59:04" />
  <moduleExec cached="0" completed="1" error="" id="56" machine_id="1" moduleId="1" moduleName="vtkProbeFilter" tsEnd="2010-11-22 12:59:05" tsStart="2010-11-22 12:59:04" />
  <moduleExec cached="0" completed="1" error="" id="57" machine_id="1" moduleId="3" moduleName="vtkPolyDataMapper" tsEnd="2010-11-22 12:59:05" tsStart="2010-11-22 12:59:05" />
  <moduleExec cached="0" completed="1" error="" id="58" machine_id="1" moduleId="4" moduleName="vtkActor" tsEnd="2010-11-22 12:59:05" tsStart="2010-11-22 12:59:05" />
  <moduleExec cached="0" completed="1" error="" id="59" machine_id="1" moduleId="13" moduleName="vtkRenderer" tsEnd="2010-11-22 12:59:05" tsStart="2010-11-22 12:59:05" />
  <moduleExec cached="0" completed="1" error="" id="60" machine_id="1" moduleId="14" moduleName="VTKCell" tsEnd="2010-11-22 12:59:05" tsStart="2010-11-22 12:59:05" />
</workflowExec>
<workflowExec completed="1" id="-1" ip="0.0.0.0" name="" parentId="" parentType="vistrail" parentVersion="35" session="0" tsEnd="2010-11-22 13:00:35" tsStart="2010-11-22 13:00:33" user="emanuele" version="1.0.2" vtVersion="1.5.1">
  <moduleExec cached="0" completed="1" error="" id="61" machine_id="1" moduleId="2" moduleName="vtkProperty" tsEnd="2010-11-22 13:00:33" tsStart="2010-11-22 13:00:33" />
  <moduleExec cached="0" completed="1" error="" id="62" machine_id="1" moduleId="8" moduleName="vtkLookupTable" tsEnd="2010-11-22 13:00:33" tsStart="2010-11-22 13:00:33" />
  <moduleExec cached="1" completed="1" error="" id="63" machine_id="1" moduleId="12" moduleName="HTTPFile" tsEnd="2010-11-22 13:00:34" tsStart="2010-11-22 13:00:34" />
  <moduleExec cached="1" completed="1" error="" id="64" machine_id="1" moduleId="0" moduleName="vtkDataSetReader" tsEnd="2010-11-22 13:00:34" tsStart="2010-11-22 13:00:34" />
  <moduleExec cached="0" completed="1" error="" id="65" machine_id="1" moduleId="10" moduleName="vtkImageMapToColors" tsEnd="2010-11-22 13:00:34" tsStart="2010-11-22 13:00:34" />
  <moduleExec cached="1" completed="1" error="" id="66" machine_id="1" moduleId="11" moduleName="HTTPFile" tsEnd="2010-11-22 13:00:34" tsStart="2010-11-22 13:00:34" />
  <moduleExec cached="1" completed="1" error="" id="67" machine_id="1" moduleId="6" moduleName="vtkDataSetReader" tsEnd="2010-11-22 13:00:34" tsStart="2010-11-22 13:00:34" />
  <moduleExec cached="1" completed="1" error="" id="68" machine_id="1" moduleId="5" moduleName="vtkContourFilter" tsEnd="2010-11-22 13:00:34" tsStart="2010-11-22 13:00:34" />
  <moduleExec cached="1" completed="1" error="" id="69" machine_id="1" moduleId="9" moduleName="vtkPolyDataNormals" tsEnd="2010-11-22 13:00:34" tsStart="2010-11-22 13:00:34" />
  <moduleExec cached="1" completed="1" error="" id="70" machine_id="1" moduleId="7" moduleName="vtkStripper" tsEnd="2010-11-22 13:00:34" tsStart="2010-11-22 13:00:34" />
  <moduleExec cached="0" completed="1" error="" id="71" machine_id="1" moduleId="1" moduleName="vtkProbeFilter" tsEnd="2010-11-22 13:00:35" tsStart="2010-11-22 13:00:34" />
  <moduleExec cached="0" completed="1" error="" id="72" machine_id="1" moduleId="3" moduleName="vtkPolyDataMapper" tsEnd="2010-11-22 13:00:35" tsStart="2010-11-22 13:00:35" />
  <moduleExec cached="0" completed="1" error="" id="73" machine_id="1" moduleId="4" moduleName="vtkActor" tsEnd="2010-11-22 13:00:35" tsStart="2010-11-22 13:00:35" />
  <moduleExec cached="0" completed="1" error="" id="74" machine_id="1" moduleId="13" moduleName="vtkRenderer" tsEnd="2010-11-22 13:00:35" tsStart="2010-11-22 13:00:35" />
  <moduleExec cached="0" completed="1" error="" id="75" machine_id="1" moduleId="14" moduleName="VTKCell" tsEnd="2010-11-22 13:00:35" tsStart="2010-11-22 13:00:35" />
</workflowExec>
<workflowExec completed="1" id="-1" ip="0.0.0.0" name="" parentId="" parentType="vistrail" parentVersion="36" session="0" tsEnd="2010-11-22 13:02:09" tsStart="2010-11-22 13:02:05" user="emanuele" version="1.0.2" vtVersion="1.5.1">
  <moduleExec cached="0" completed="1" error="" id="76" machine_id="1" moduleId="2" moduleName="vtkProperty" tsEnd="2010-11-22 13:02:05" tsStart="2010-11-22 13:02:05" />
  <moduleExec cached="0" completed="1" error="" id="77" machine_id="1" moduleId="8" moduleName="vtkLookupTable" tsEnd="2010-11-22 13:02:05" tsStart="2010-11-22 13:02:05" />
  <moduleExec cached="1" completed="1" error="" id="78" machine_id="1" moduleId="12" moduleName="HTTPFile" tsEnd="2010-11-22 13:02:05" tsStart="2010-11-22 13:02:05" />
  <moduleExec cached="1" completed="1" error="" id="79" machine_id="1" moduleId="0" moduleName="vtkDataSetReader" tsEnd="2010-11-22 13:02:05" tsStart="2010-11-22 13:02:05" />
  <moduleExec cached="0" completed="1" error="" id="80" machine_id="1" moduleId="10" moduleName="vtkImageMapToColors" tsEnd="2010-11-22 13:02:06" tsStart="2010-11-22 13:02:05" />
  <moduleExec cached="1" completed="1" error="" id="81" machine_id="1" moduleId="11" moduleName="HTTPFile" tsEnd="2010-11-22 13:02:06" tsStart="2010-11-22 13:02:06" />
  <moduleExec cached="1" completed="1" error="" id="82" machine_id="1" moduleId="6" moduleName="vtkDataSetReader" tsEnd="2010-11-22 13:02:06" tsStart="2010-11-22 13:02:06" />
  <moduleExec cached="0" completed="1" error="" id="83" machine_id="1" moduleId="5" moduleName="vtkContourFilter" tsEnd="2010-11-22 13:02:06" tsStart="2010-11-22 13:02:06" />
  <moduleExec cached="0" completed="1" error="" id="84" machine_id="1" moduleId="9" moduleName="vtkPolyDataNormals" tsEnd="2010-11-22 13:02:08" tsStart="2010-11-22 13:02:06" />
  <moduleExec cached="0" completed="1" error="" id="85" machine_id="1" moduleId="7" moduleName="vtkStripper" tsEnd="2010-11-22 13:02:08" tsStart="2010-11-22 13:02:08" />
  <moduleExec cached="0" completed="1" error="" id="86" machine_id="1" moduleId="1" moduleName="vtkProbeFilter" tsEnd="2010-11-22 13:02:09" tsStart="2010-11-22 13:02:08" />
  <moduleExec cached="0" completed="1" error="" id="87" machine_id="1" moduleId="3" moduleName="vtkPolyDataMapper" tsEnd="2010-11-22 13:02:09" tsStart="2010-11-22 13:02:09" />
  <moduleExec cached="0" completed="1" error="" id="88" machine_id="1" moduleId="4" moduleName="vtkActor" tsEnd="2010-11-22 13:02:09" tsStart="2010-11-22 13:02:09" />
  <moduleExec cached="0" completed="1" error="" id="89" machine_id="1" moduleId="13" moduleName="vtkRenderer" tsEnd="2010-11-22 13:02:09" tsStart="2010-11-22 13:02:09" />
  <moduleExec cached="0" completed="1" error="" id="90" machine_id="1" moduleId="14" moduleName="VTKCell" tsEnd="2010-11-22 13:02:09" tsStart="2010-11-22 13:02:09" />
</workflowExec>
<workflowExec completed="1" id="-1" ip="0.0.0.0" name="" parentId="" parentType="vistrail" parentVersion="37" session="0" tsEnd="2010-11-22 13:03:12" tsStart="2010-11-22 13:03:10" user="emanuele" version="1.0.2" vtVersion="1.5.1">
  <moduleExec cached="0" completed="1" error="" id="91" machine_id="1" moduleId="2" moduleName="vtkProperty" tsEnd="2010-11-22 13:03:10" tsStart="2010-11-22 13:03:10" />
  <moduleExec cached="0" completed="1" error="" id="92" machine_id="1" moduleId="8" moduleName="vtkLookupTable" tsEnd="2010-11-22 13:03:10" tsStart="2010-11-22 13:03:10" />
  <moduleExec cached="1" completed="1" error="" id="93" machine_id="1" moduleId="12" moduleName="HTTPFile" tsEnd="2010-11-22 13:03:10" tsStart="2010-11-22 13:03:10" />
  <moduleExec cached="1" completed="1" error="" id="94" machine_id="1" moduleId="0" moduleName="vtkDataSetReader" tsEnd="2010-11-22 13:03:10" tsStart="2010-11-22 13:03:10" />
  <moduleExec cached="0" completed="1" error="" id="95" machine_id="1" moduleId="10" moduleName="vtkImageMapToColors" tsEnd="2010-11-22 13:03:11" tsStart="2010-11-22 13:03:10" />
  <moduleExec cached="1" completed="1" error="" id="96" machine_id="1" moduleId="11" moduleName="HTTPFile" tsEnd="2010-11-22 13:03:11" tsStart="2010-11-22 13:03:11" />
  <moduleExec cached="1" completed="1" error="" id="97" machine_id="1" moduleId="6" moduleName="vtkDataSetReader" tsEnd="2010-11-22 13:03:11" tsStart="2010-11-22 13:03:11" />
  <moduleExec cached="1" completed="1" error="" id="98" machine_id="1" moduleId="5" moduleName="vtkContourFilter" tsEnd="2010-11-22 13:03:11" tsStart="2010-11-22 13:03:11" />
  <moduleExec cached="1" completed="1" error="" id="99" machine_id="1" moduleId="9" moduleName="vtkPolyDataNormals" tsEnd="2010-11-22 13:03:11" tsStart="2010-11-22 13:03:11" />
  <moduleExec cached="1" completed="1" error="" id="100" machine_id="1" moduleId="7" moduleName="vtkStripper" tsEnd="2010-11-22 13:03:11" tsStart="2010-11-22 13:03:11" />
  <moduleExec cached="0" completed="1" error="" id="101" machine_id="1" moduleId="1" moduleName="vtkProbeFilter" tsEnd="2010-11-22 13:03:12" tsStart="2010-11-22 13:03:11" />
  <moduleExec cached="0" completed="1" error="" id="102" machine_id="1" moduleId="3" moduleName="vtkPolyDataMapper" tsEnd="2010-11-22 13:03:12" tsStart="2010-11-22 13:03:12" />
  <moduleExec cached="0" completed="1" error="" id="103" machine_id="1" moduleId="4" moduleName="vtkActor" tsEnd="2010-11-22 13:03:12" tsStart="2010-11-22 13:03:12" />
  <moduleExec cached="0" completed="1" error="" id="104" machine_id="1" moduleId="13" moduleName="vtkRenderer" tsEnd="2010-11-22 13:03:12" tsStart="2010-11-22 13:03:12" />
  <moduleExec cached="0" completed="1" error="" id="105" machine_id="1" moduleId="14" moduleName="VTKCell" tsEnd="2010-11-22 13:03:12" tsStart="2010-11-22 13:03:12" />
</workflowExec>
<workflowExec completed="1" id="-1" ip="0.0.0.0" name="" parentId="" parentType="vistrail" parentVersion="38" session="0" tsEnd="2010-11-22 13:04:16" tsStart="2010-11-22 13:04:13" user="emanuele" version="1.0.2" vtVersion="1.5.1">
  <moduleExec cached="0" completed="1" error="" id="106" machine_id="1" moduleId="2" moduleName="vtkProperty" tsEnd="2010-11-22 13:04:13" tsStart="2010-11-22 13:04:13" />
  <moduleExec cached="0" completed="1" error="" id="107" machine_id="1" moduleId="8" moduleName="vtkLookupTable" tsEnd="2010-11-22 13:04:13" tsStart="2010-11-22 13:04:13" />
  <moduleExec cached="1" completed="1" error="" id="108" machine_id="1" moduleId="12" moduleName="HTTPFile" tsEnd="2010-11-22 13:04:13" tsStart="2010-11-22 13:04:13" />
  <moduleExec cached="1" completed="1" error="" id="109" machine_id="1" moduleId="0" moduleName="vtkDataSetReader" tsEnd="2010-11-22 13:04:13" tsStart="2010-11-22 13:04:13" />
  <moduleExec cached="0" completed="1" error="" id="110" machine_id="1" moduleId="10" moduleName="vtkImageMapToColors" tsEnd="2010-11-22 13:04:14" tsStart="2010-11-22 13:04:13" />
  <moduleExec cached="1" completed="1" error="" id="111" machine_id="1" moduleId="11" moduleName="HTTPFile" tsEnd="2010-11-22 13:04:14" tsStart="2010-11-22 13:04:14" />
  <moduleExec cached="1" completed="1" error="" id="112" machine_id="1" moduleId="6" moduleName="vtkDataSetReader" tsEnd="2010-11-22 13:04:14" tsStart="2010-11-22 13:04:14" />
  <moduleExec cached="1" completed="1" error="" id="113" machine_id="1" moduleId="5" moduleName="vtkContourFilter" tsEnd="2010-11-22 13:04:14" tsStart="2010-11-22 13:04:14" />
  <moduleExec cached="1" completed="1" error="" id="114" machine_id="1" moduleId="9" moduleName="vtkPolyDataNormals" tsEnd="2010-11-22 13:04:14" tsStart="2010-11-22 13:04:14" />
  <moduleExec cached="1" completed="1" error="" id="115" machine_id="1" moduleId="7" moduleName="vtkStripper" tsEnd="2010-11-22 13:04:14" tsStart="2010-11-22 13:04:14" />
  <moduleExec cached="0" completed="1" error="" id="116" machine_id="1" moduleId="1" moduleName="vtkProbeFilter" tsEnd="2010-11-22 13:04:15" tsStart="2010-11-22 13:04:14" />
  <moduleExec cached="0" completed="1" error="" id="117" machine_id="1" moduleId="3" moduleName="vtkPolyDataMapper" tsEnd="2010-11-22 13:04:15" tsStart="2010-11-22 13:04:15" />
  <moduleExec cached="0" completed="1" error="" id="118" machine_id="1" moduleId="4" moduleName="vtkActor" tsEnd="2010-11-22 13:04:15" tsStart="2010-11-22 13:04:15" />
  <moduleExec cached="0" completed="1" error="" id="119" machine_id="1" moduleId="13" moduleName="vtkRenderer" tsEnd="2010-11-22 13:04:15" tsStart="2010-11-22 13:04:15" />
  <moduleExec cached="0" completed="1" error="" id="120" machine_id="1" moduleId="14" moduleName="VTKCell" tsEnd="2010-11-22 13:04:15" tsStart="2010-11-22 13:04:15" />
</workflowExec>
<workflowExec completed="1" id="-1" ip="0.0.0.0" name="" parentId="" parentType="vistrail" parentVersion="39" session="0" tsEnd="2010-11-22 13:05:37" tsStart="2010-11-22 13:05:35" user="emanuele" version="1.0.2" vtVersion="1.5.1">
  <moduleExec cached="0" completed="1" error="" id="121" machine_id="1" moduleId="2" moduleName="vtkProperty" tsEnd="2010-11-22 13:05:35" tsStart="2010-11-22 13:05:35" />
  <moduleExec cached="0" completed="1" error="" id="122" machine_id="1" moduleId="8" moduleName="vtkLookupTable" tsEnd="2010-11-22 13:05:35" tsStart="2010-11-22 13:05:35" />
  <moduleExec cached="1" completed="1" error="" id="123" machine_id="1" moduleId="12" moduleName="HTTPFile" tsEnd="2010-11-22 13:05:35" tsStart="2010-11-22 13:05:35" />
  <moduleExec cached="1" completed="1" error="" id="124" machine_id="1" moduleId="0" moduleName="vtkDataSetReader" tsEnd="2010-11-22 13:05:35" tsStart="2010-11-22 13:05:35" />
  <moduleExec cached="0" completed="1" error="" id="125" machine_id="1" moduleId="10" moduleName="vtkImageMapToColors" tsEnd="2010-11-22 13:05:36" tsStart="2010-11-22 13:05:35" />
  <moduleExec cached="1" completed="1" error="" id="126" machine_id="1" moduleId="11" moduleName="HTTPFile" tsEnd="2010-11-22 13:05:36" tsStart="2010-11-22 13:05:36" />
  <moduleExec cached="1" completed="1" error="" id="127" machine_id="1" moduleId="6" moduleName="vtkDataSetReader" tsEnd="2010-11-22 13:05:36" tsStart="2010-11-22 13:05:36" />
  <moduleExec cached="1" completed="1" error="" id="128" machine_id="1" moduleId="5" moduleName="vtkContourFilter" tsEnd="2010-11-22 13:05:36" tsStart="2010-11-22 13:05:36" />
  <moduleExec cached="1" completed="1" error="" id="129" machine_id="1" moduleId="9" moduleName="vtkPolyDataNormals" tsEnd="2010-11-22 13:05:36" tsStart="2010-11-22 13:05:36" />
  <moduleExec cached="1" completed="1" error="" id="130" machine_id="1" moduleId="7" moduleName="vtkStripper" tsEnd="2010-11-22 13:05:36" tsStart="2010-11-22 13:05:36" />
  <moduleExec cached="0" completed="1" error="" id="131" machine_id="1" moduleId="1" moduleName="vtkProbeFilter" tsEnd="2010-11-22 13:05:36" tsStart="2010-11-22 13:05:36" />
  <moduleExec cached="0" completed="1" error="" id="132" machine_id="1" moduleId="3" moduleName="vtkPolyDataMapper" tsEnd="2010-11-22 13:05:36" tsStart="2010-11-22 13:05:36" />
  <moduleExec cached="0" completed="1" error="" id="133" machine_id="1" moduleId="4" moduleName="vtkActor" tsEnd="2010-11-22 13:05:36" tsStart="2010-11-22 13:05:36" />
  <moduleExec cached="0" completed="1" error="" id="134" machine_id="1" moduleId="13" moduleName="vtkRenderer" tsEnd="2010-11-22 13:05:36" tsStart="2010-11-22 13:05:36" />
  <moduleExec cached="0" completed="1" error="" id="135" machine_id="1" moduleId="14" moduleName="VTKCell" tsEnd="2010-11-22 13:05:37" tsStart="2010-11-22 13:05:36" />
</workflowExec>
<workflowExec completed="1" id="-1" ip="0.0.0.0" name="" parentId="" parentType="vistrail" parentVersion="21" session="0" tsEnd="2010-11-22 13:08:28" tsStart="2010-11-22 13:08:25" user="emanuele" version="1.0.2" vtVersion="1.5.1">
  <moduleExec cached="0" completed="1" error="" id="136" machine_id="1" moduleId="2" moduleName="vtkProperty" tsEnd="2010-11-22 13:08:25" tsStart="2010-11-22 13:08:25" />
  <moduleExec cached="0" completed="1" error="" id="137" machine_id="1" moduleId="8" moduleName="vtkLookupTable" tsEnd="2010-11-22 13:08:26" tsStart="2010-11-22 13:08:26" />
  <moduleExec cached="1" completed="1" error="" id="138" machine_id="1" moduleId="12" moduleName="HTTPFile" tsEnd="2010-11-22 13:08:26" tsStart="2010-11-22 13:08:26" />
  <moduleExec cached="1" completed="1" error="" id="139" machine_id="1" moduleId="0" moduleName="vtkDataSetReader" tsEnd="2010-11-22 13:08:26" tsStart="2010-11-22 13:08:26" />
  <moduleExec cached="0" completed="1" error="" id="140" machine_id="1" moduleId="10" moduleName="vtkImageMapToColors" tsEnd="2010-11-22 13:08:26" tsStart="2010-11-22 13:08:26" />
  <moduleExec cached="1" completed="1" error="" id="141" machine_id="1" moduleId="11" moduleName="HTTPFile" tsEnd="2010-11-22 13:08:27" tsStart="2010-11-22 13:08:27" />
  <moduleExec cached="1" completed="1" error="" id="142" machine_id="1" moduleId="6" moduleName="vtkDataSetReader" tsEnd="2010-11-22 13:08:27" tsStart="2010-11-22 13:08:27" />
  <moduleExec cached="1" completed="1" error="" id="143" machine_id="1" moduleId="5" moduleName="vtkContourFilter" tsEnd="2010-11-22 13:08:27" tsStart="2010-11-22 13:08:27" />
  <moduleExec cached="1" completed="1" error="" id="144" machine_id="1" moduleId="9" moduleName="vtkPolyDataNormals" tsEnd="2010-11-22 13:08:27" tsStart="2010-11-22 13:08:27" />
  <moduleExec cached="1" completed="1" error="" id="145" machine_id="1" moduleId="7" moduleName="vtkStripper" tsEnd="2010-11-22 13:08:27" tsStart="2010-11-22 13:08:27" />
  <moduleExec cached="0" completed="1" error="" id="146" machine_id="1" moduleId="1" moduleName="vtkProbeFilter" tsEnd="2010-11-22 13:08:27" tsStart="2010-11-22 13:08:27" />
  <moduleExec cached="0" completed="1" error="" id="147" machine_id="1" moduleId="3" moduleName="vtkPolyDataMapper" tsEnd="2010-11-22 13:08:27" tsStart="2010-11-22 13:08:27" />
  <moduleExec cached="0" completed="1" error="" id="148" machine_id="1" moduleId="4" moduleName="vtkActor" tsEnd="2010-11-22 13:08:27" tsStart="2010-11-22 13:08:27" />
  <moduleExec cached="0" completed="1" error="" id="149" machine_id="1" moduleId="13" moduleName="vtkRenderer" tsEnd="2010-11-22 13:08:27" tsStart="2010-11-22 13:08:27" />
  <moduleExec cached="0" completed="1" error="" id="150" machine_id="1" moduleId="14" moduleName="VTKCell" tsEnd="2010-11-22 13:08:27" tsStart="2010-11-22 13:08:27" />
</workflowExec>
<workflowExec completed="1" id="-1" ip="0.0.0.0" name="" parentId="" parentType="vistrail" parentVersion="40" session="0" tsEnd="2010-11-22 13:09:01" tsStart="2010-11-22 13:08:58" user="emanuele" version="1.0.2" vtVersion="1.5.1">
  <moduleExec cached="0" completed="1" error="" id="151" machine_id="1" moduleId="2" moduleName="vtkProperty" tsEnd="2010-11-22 13:08:59" tsStart="2010-11-22 13:08:59" />
  <moduleExec cached="0" completed="1" error="" id="152" machine_id="1" moduleId="8" moduleName="vtkLookupTable" tsEnd="2010-11-22 13:08:59" tsStart="2010-11-22 13:08:59" />
  <moduleExec cached="1" completed="1" error="" id="153" machine_id="1" moduleId="12" moduleName="HTTPFile" tsEnd="2010-11-22 13:08:59" tsStart="2010-11-22 13:08:59" />
  <moduleExec cached="1" completed="1" error="" id="154" machine_id="1" moduleId="0" moduleName="vtkDataSetReader" tsEnd="2010-11-22 13:08:59" tsStart="2010-11-22 13:08:59" />
  <moduleExec cached="0" completed="1" error="" id="155" machine_id="1" moduleId="10" moduleName="vtkImageMapToColors" tsEnd="2010-11-22 13:09:00" tsStart="2010-11-22 13:08:59" />
  <moduleExec cached="1" completed="1" error="" id="156" machine_id="1" moduleId="11" moduleName="HTTPFile" tsEnd="2010-11-22 13:09:00" tsStart="2010-11-22 13:09:00" />
  <moduleExec cached="1" completed="1" error="" id="157" machine_id="1" moduleId="6" moduleName="vtkDataSetReader" tsEnd="2010-11-22 13:09:00" tsStart="2010-11-22 13:09:00" />
  <moduleExec cached="1" completed="1" error="" id="158" machine_id="1" moduleId="5" moduleName="vtkContourFilter" tsEnd="2010-11-22 13:09:00" tsStart="2010-11-22 13:09:00" />
  <moduleExec cached="1" completed="1" error="" id="159" machine_id="1" moduleId="9" moduleName="vtkPolyDataNormals" tsEnd="2010-11-22 13:09:00" tsStart="2010-11-22 13:09:00" />
  <moduleExec cached="1" completed="1" error="" id="160" machine_id="1" moduleId="7" moduleName="vtkStripper" tsEnd="2010-11-22 13:09:00" tsStart="2010-11-22 13:09:00" />
  <moduleExec cached="0" completed="1" error="" id="161" machine_id="1" moduleId="1" moduleName="vtkProbeFilter" tsEnd="2010-11-22 13:09:00" tsStart="2010-11-22 13:09:00" />
  <moduleExec cached="0" completed="1" error="" id="162" machine_id="1" moduleId="3" moduleName="vtkPolyDataMapper" tsEnd="2010-11-22 13:09:00" tsStart="2010-11-22 13:09:00" />
  <moduleExec cached="0" completed="1" error="" id="163" machine_id="1" moduleId="4" moduleName="vtkActor" tsEnd="2010-11-22 13:09:00" tsStart="2010-11-22 13:09:00" />
  <moduleExec cached="0" completed="1" error="" id="164" machine_id="1" moduleId="15" moduleName="vtkCamera" tsEnd="2010-11-22 13:09:00" tsStart="2010-11-22 13:09:00" />
  <moduleExec cached="0" completed="1" error="" id="165" machine_id="1" moduleId="13" moduleName="vtkRenderer" tsEnd="2010-11-22 13:09:00" tsStart="2010-11-22 13:09:00" />
  <moduleExec cached="0" completed="1" error="" id="166" machine_id="1" moduleId="14" moduleName="VTKCell" tsEnd="2010-11-22 13:09:01" tsStart="2010-11-22 13:09:00" />
</workflowExec>
