<workflow id="0" name="untitled" version="1.0.3" vistrail_id="" xmlns:xsi="http://www.w3.org/2001/XMLSchema-instance" xsi:schemaLocation="http://www.vistrails.org/workflow.xsd">
  <connection id="0">
    <port id="1" moduleId="7" moduleName="vtkStripper" name="SetInputConnection0" signature="(edu.utah.sci.vistrails.vtk:vtkAlgorithmOutput)" type="destination" />
    <port id="0" moduleId="9" moduleName="vtkPolyDataNormals" name="GetOutputPort0" signature="(edu.utah.sci.vistrails.vtk:vtkAlgorithmOutput)" type="source" />
  </connection>
  <connection id="1">
    <port id="3" moduleId="9" moduleName="vtkPolyDataNormals" name="SetInputConnection0" signature="(edu.utah.sci.vistrails.vtk:vtkAlgorithmOutput)" type="destination" />
    <port id="2" moduleId="5" moduleName="vtkContourFilter" name="GetOutputPort0" signature="(edu.utah.sci.vistrails.vtk:vtkAlgorithmOutput)" type="source" />
  </connection>
  <connection id="2">
    <port id="5" moduleId="1" moduleName="vtkProbeFilter" name="SetInputConnection1" signature="(edu.utah.sci.vistrails.vtk:vtkAlgorithmOutput)" type="destination" />
    <port id="4" moduleId="10" moduleName="vtkImageMapToColors" name="GetOutputPort0" signature="(edu.utah.sci.vistrails.vtk:vtkAlgorithmOutput)" type="source" />
  </connection>
  <connection id="3">
    <port id="7" moduleId="10" moduleName="vtkImageMapToColors" name="SetInputConnection0" signature="(edu.utah.sci.vistrails.vtk:vtkAlgorithmOutput)" type="destination" />
    <port id="6" moduleId="0" moduleName="vtkDataSetReader" name="GetOutputPort0" signature="(edu.utah.sci.vistrails.vtk:vtkAlgorithmOutput)" type="source" />
  </connection>
  <connection id="4">
    <port id="9" moduleId="10" moduleName="vtkImageMapToColors" name="SetLookupTable" signature="(edu.utah.sci.vistrails.vtk:vtkScalarsToColors)" type="destination" />
    <port id="8" moduleId="8" moduleName="vtkLookupTable" name="self" signature="(edu.utah.sci.vistrails.vtk:vtkLookupTable)" type="source" />
  </connection>
  <connection id="5">
    <port id="11" moduleId="3" moduleName="vtkPolyDataMapper" name="SetInputConnection0" signature="(edu.utah.sci.vistrails.vtk:vtkAlgorithmOutput)" type="destination" />
    <port id="10" moduleId="1" moduleName="vtkProbeFilter" name="GetOutputPort0" signature="(edu.utah.sci.vistrails.vtk:vtkAlgorithmOutput)" type="source" />
  </connection>
  <connection id="6">
    <port id="13" moduleId="4" moduleName="vtkActor" name="SetProperty" signature="(edu.utah.sci.vistrails.vtk:vtkProperty)" type="destination" />
    <port id="12" moduleId="2" moduleName="vtkProperty" name="self" signature="(edu.utah.sci.vistrails.vtk:vtkProperty)" type="source" />
  </connection>
  <connection id="7">
    <port id="15" moduleId="4" moduleName="vtkActor" name="SetMapper" signature="(edu.utah.sci.vistrails.vtk:vtkMapper)" type="destination" />
    <port id="14" moduleId="3" moduleName="vtkPolyDataMapper" name="self" signature="(edu.utah.sci.vistrails.vtk:vtkPolyDataMapper)" type="source" />
  </connection>
  <connection id="8">
    <port id="17" moduleId="5" moduleName="vtkContourFilter" name="SetInputConnection0" signature="(edu.utah.sci.vistrails.vtk:vtkAlgorithmOutput)" type="destination" />
    <port id="16" moduleId="6" moduleName="vtkDataSetReader" name="GetOutputPort0" signature="(edu.utah.sci.vistrails.vtk:vtkAlgorithmOutput)" type="source" />
  </connection>
  <connection id="9">
    <port id="19" moduleId="1" moduleName="vtkProbeFilter" name="SetInputConnection0" signature="(edu.utah.sci.vistrails.vtk:vtkAlgorithmOutput)" type="destination" />
    <port id="18" moduleId="7" moduleName="vtkStripper" name="GetOutputPort0" signature="(edu.utah.sci.vistrails.vtk:vtkAlgorithmOutput)" type="source" />
  </connection>
  <connection id="10">
    <port id="20" moduleId="11" moduleName="HTTPFile" name="file" signature="(edu.utah.sci.vistrails.basic:File)" type="source" />
    <port id="21" moduleId="6" moduleName="vtkDataSetReader" name="SetFile" signature="(edu.utah.sci.vistrails.basic:File)" type="destination" />
  </connection>
  <connection id="11">
    <port id="22" moduleId="12" moduleName="HTTPFile" name="file" signature="(edu.utah.sci.vistrails.basic:File)" type="source" />
    <port id="23" moduleId="0" moduleName="vtkDataSetReader" name="SetFile" signature="(edu.utah.sci.vistrails.basic:File)" type="destination" />
  </connection>
  <connection id="12">
    <port id="24" moduleId="4" moduleName="vtkActor" name="self" signature="(edu.utah.sci.vistrails.vtk:vtkActor)" type="source" />
    <port id="25" moduleId="13" moduleName="vtkRenderer" name="AddActor" signature="(edu.utah.sci.vistrails.vtk:vtkProp)" type="destination" />
  </connection>
  <connection id="13">
    <port id="26" moduleId="13" moduleName="vtkRenderer" name="self" signature="(edu.utah.sci.vistrails.vtk:vtkRenderer)" type="source" />
    <port id="27" moduleId="14" moduleName="VTKCell" name="AddRenderer" signature="(edu.utah.sci.vistrails.vtk:vtkRenderer)" type="destination" />
  </connection>
  <module cache="1" id="0" name="vtkDataSetReader" namespace="" package="edu.utah.sci.vistrails.vtk" version="0.9.3">
    <location id="0" x="9.00194033748" y="258.569175458" />
  </module>
  <module cache="1" id="1" name="vtkProbeFilter" namespace="" package="edu.utah.sci.vistrails.vtk" version="0.9.3">
    <location id="1" x="86.5177687168" y="-131.195307641" />
  </module>
  <module cache="1" id="2" name="vtkProperty" namespace="" package="edu.utah.sci.vistrails.vtk" version="0.9.3">
    <location id="2" x="307.041866389" y="-314.1032155" />
    <function id="1" name="SetDiffuseColor" pos="0">
      <parameter alias="" id="1" name="&lt;no description&gt;" pos="0" type="edu.utah.sci.vistrails.basic:Float" val="1.0" />
      <parameter alias="" id="2" name="&lt;no description&gt;" pos="1" type="edu.utah.sci.vistrails.basic:Float" val="0.49" />
      <parameter alias="" id="3" name="&lt;no description&gt;" pos="2" type="edu.utah.sci.vistrails.basic:Float" val="0.25" />
    </function>
    <function id="2" name="SetSpecular" pos="1">
      <parameter alias="" id="4" name="&lt;no description&gt;" pos="0" type="edu.utah.sci.vistrails.basic:Float" val="0.3" />
    </function>
    <function id="3" name="SetSpecularPower" pos="2">
      <parameter alias="" id="5" name="&lt;no description&gt;" pos="0" type="edu.utah.sci.vistrails.basic:Float" val="20.0" />
    </function>
    <function id="4" name="SetOpacity" pos="3">
      <parameter alias="" id="6" name="&lt;no description&gt;" pos="0" type="edu.utah.sci.vistrails.basic:Float" val="0.7" />
    </function>
  </module>
  <module cache="1" id="3" name="vtkPolyDataMapper" namespace="" package="edu.utah.sci.vistrails.vtk" version="0.9.3">
    <location id="3" x="87.6877444684" y="-265.52356011" />
    <function id="5" name="ScalarVisibilityOn" pos="0" />
  </module>
  <module cache="1" id="4" name="vtkActor" namespace="" package="edu.utah.sci.vistrails.vtk" version="0.9.3">
    <location id="4" x="95.375180952" y="-413.216046472" />
  </module>
  <module cache="1" id="5" name="vtkContourFilter" namespace="" package="edu.utah.sci.vistrails.vtk" version="0.9.3">
    <location id="5" x="-308.256212092" y="186.093919013" />
    <function id="6" name="SetValue" pos="0">
      <parameter alias="" id="7" name="&lt;no description&gt;" pos="0" type="edu.utah.sci.vistrails.basic:Integer" val="0" />
      <parameter alias="" id="39" name="&lt;no description&gt;" pos="1" type="edu.utah.sci.vistrails.basic:Float" val="0.35" />
    </function>
  </module>
  <module cache="1" id="6" name="vtkDataSetReader" namespace="" package="edu.utah.sci.vistrails.vtk" version="0.9.3">
    <location id="6" x="-386.525846585" y="316.067808358" />
  </module>
  <module cache="1" id="7" name="vtkStripper" namespace="" package="edu.utah.sci.vistrails.vtk" version="0.9.3">
    <location id="7" x="-100.545959517" y="-56.8026180895" />
  </module>
  <module cache="1" id="8" name="vtkLookupTable" namespace="" package="edu.utah.sci.vistrails.vtk" version="0.9.3">
    <location id="8" x="331.57062573" y="271.94767149" />
    <function id="8" name="SetHueRange" pos="0">
      <parameter alias="" id="10" name="&lt;no description&gt;" pos="0" type="edu.utah.sci.vistrails.basic:Float" val="0.0" />
      <parameter alias="" id="11" name="&lt;no description&gt;" pos="1" type="edu.utah.sci.vistrails.basic:Float" val="0.8" />
    </function>
    <function id="9" name="SetSaturationRange" pos="1">
      <parameter alias="" id="12" name="&lt;no description&gt;" pos="0" type="edu.utah.sci.vistrails.basic:Float" val="0.3" />
      <parameter alias="" id="13" name="&lt;no description&gt;" pos="1" type="edu.utah.sci.vistrails.basic:Float" val="0.7" />
    </function>
    <function id="10" name="SetValueRange" pos="2">
      <parameter alias="" id="14" name="&lt;no description&gt;" pos="0" type="edu.utah.sci.vistrails.basic:Float" val="1" />
      <parameter alias="" id="15" name="&lt;no description&gt;" pos="1" type="edu.utah.sci.vistrails.basic:Float" val="1" />
    </function>
  </module>
  <module cache="1" id="9" name="vtkPolyDataNormals" namespace="" package="edu.utah.sci.vistrails.vtk" version="0.9.3">
    <location id="9" x="-275.025377017" y="64.0419242235" />
    <function id="11" name="SetFeatureAngle" pos="0">
      <parameter alias="" id="16" name="&lt;no description&gt;" pos="0" type="edu.utah.sci.vistrails.basic:Float" val="60.0" />
    </function>
  </module>
  <module cache="1" id="10" name="vtkImageMapToColors" namespace="" package="edu.utah.sci.vistrails.vtk" version="0.9.3">
    <location id="10" x="153.158268614" y="84.1202492665" />
    <function id="12" name="SetOutputFormatToRGBA" pos="0" />
  </module>
  <module cache="1" id="11" name="HTTPFile" namespace="" package="edu.utah.sci.vistrails.http" version="0.9.0">
    <location id="11" x="-286.862453714" y="464.915011191" />
    <function id="13" name="url" pos="0">
      <parameter alias="" id="20" name="&lt;no description&gt;" pos="0" type="edu.utah.sci.vistrails.basic:String" val="http://www.vistrails.org/download/download.php?type=DATA&amp;id=gktbhFA.vtk" />
    </function>
  </module>
  <module cache="1" id="12" name="HTTPFile" namespace="" package="edu.utah.sci.vistrails.http" version="0.9.0">
    <location id="13" x="-4.94590437437" y="431.942315362" />
    <function id="14" name="url" pos="0">
      <parameter alias="" id="22" name="&lt;no description&gt;" pos="0" type="edu.utah.sci.vistrails.basic:String" val="http://www.vistrails.org/download/download.php?type=DATA&amp;id=gktbhL123.vtk" />
    </function>
  </module>
  <module cache="1" id="13" name="vtkRenderer" namespace="" package="edu.utah.sci.vistrails.vtk" version="0.9.3">
    <location id="14" x="148.377131231" y="-506.130880977" />
    <function id="15" name="SetBackgroundWidget" pos="0">
      <parameter alias="" id="24" name="&lt;no description&gt;" pos="0" type="edu.utah.sci.vistrails.basic:Color" val="1.0,1.0,1.0" />
    </function>
  </module>
  <module cache="1" id="14" name="VTKCell" namespace="" package="edu.utah.sci.vistrails.vtk" version="0.9.3">
    <location id="17" x="143.67207896" y="-643.375125141" />
  </module>
</workflow>
