<vistrail id="" name="" version="1.0.2" xmlns:xsi="http://www.w3.org/2001/XMLSchema-instance" xsi:schemaLocation="http://www.vistrails.org/vistrail.xsd">
  <action date="2010-11-22 12:47:19" id="1" prevId="0" session="0" user="emanuele">
    <annotation id="0" key="__description__" value="Paste" />
    <add id="0" objectId="0" parentObjId="" parentObjType="" what="module">
      <module cache="1" id="0" name="vtkDataSetReader" namespace="" package="edu.utah.sci.vistrails.vtk" version="0.9.3" />
    </add>
    <add id="1" objectId="0" parentObjId="0" parentObjType="module" what="function">
      <function id="0" name="SetFileName" pos="0" />
    </add>
    <add id="2" objectId="0" parentObjId="0" parentObjType="function" what="parameter">
      <parameter alias="" id="0" name="&lt;no description&gt;" pos="0" type="edu.utah.sci.vistrails.basic:String" val="../examples/data/gktbhL123.vtk" />
    </add>
    <add id="3" objectId="0" parentObjId="0" parentObjType="module" what="location">
      <location id="0" x="9.00194033748" y="258.569175458" />
    </add>
    <add id="4" objectId="1" parentObjId="" parentObjType="" what="module">
      <module cache="1" id="1" name="vtkProbeFilter" namespace="" package="edu.utah.sci.vistrails.vtk" version="0.9.3" />
    </add>
    <add id="5" objectId="1" parentObjId="1" parentObjType="module" what="location">
      <location id="1" x="86.5177687168" y="-131.195307641" />
    </add>
    <add id="6" objectId="2" parentObjId="" parentObjType="" what="module">
      <module cache="1" id="2" name="vtkProperty" namespace="" package="edu.utah.sci.vistrails.vtk" version="0.9.3" />
    </add>
    <add id="7" objectId="4" parentObjId="2" parentObjType="module" what="function">
      <function id="4" name="SetOpacity" pos="3" />
    </add>
    <add id="8" objectId="6" parentObjId="4" parentObjType="function" what="parameter">
      <parameter alias="" id="6" name="&lt;no description&gt;" pos="0" type="edu.utah.sci.vistrails.basic:Float" val="0.7" />
    </add>
    <add id="9" objectId="3" parentObjId="2" parentObjType="module" what="function">
      <function id="3" name="SetSpecularPower" pos="2" />
    </add>
    <add id="10" objectId="5" parentObjId="3" parentObjType="function" what="parameter">
      <parameter alias="" id="5" name="&lt;no description&gt;" pos="0" type="edu.utah.sci.vistrails.basic:Float" val="20.0" />
    </add>
    <add id="11" objectId="2" parentObjId="2" parentObjType="module" what="function">
      <function id="2" name="SetSpecular" pos="1" />
    </add>
    <add id="12" objectId="4" parentObjId="2" parentObjType="function" what="parameter">
      <parameter alias="" id="4" name="&lt;no description&gt;" pos="0" type="edu.utah.sci.vistrails.basic:Float" val="0.3" />
    </add>
    <add id="13" objectId="1" parentObjId="2" parentObjType="module" what="function">
      <function id="1" name="SetDiffuseColor" pos="0" />
    </add>
    <add id="14" objectId="3" parentObjId="1" parentObjType="function" what="parameter">
      <parameter alias="" id="3" name="&lt;no description&gt;" pos="2" type="edu.utah.sci.vistrails.basic:Float" val="0.25" />
    </add>
    <add id="15" objectId="2" parentObjId="1" parentObjType="function" what="parameter">
      <parameter alias="" id="2" name="&lt;no description&gt;" pos="1" type="edu.utah.sci.vistrails.basic:Float" val="0.49" />
    </add>
    <add id="16" objectId="1" parentObjId="1" parentObjType="function" what="parameter">
      <parameter alias="" id="1" name="&lt;no description&gt;" pos="0" type="edu.utah.sci.vistrails.basic:Float" val="1.0" />
    </add>
    <add id="17" objectId="2" parentObjId="2" parentObjType="module" what="location">
      <location id="2" x="307.041866389" y="-314.1032155" />
    </add>
    <add id="18" objectId="3" parentObjId="" parentObjType="" what="module">
      <module cache="1" id="3" name="vtkPolyDataMapper" namespace="" package="edu.utah.sci.vistrails.vtk" version="0.9.3" />
    </add>
    <add id="19" objectId="5" parentObjId="3" parentObjType="module" what="function">
      <function id="5" name="ScalarVisibilityOn" pos="0" />
    </add>
    <add id="20" objectId="3" parentObjId="3" parentObjType="module" what="location">
      <location id="3" x="87.6877444684" y="-265.52356011" />
    </add>
    <add id="21" objectId="4" parentObjId="" parentObjType="" what="module">
      <module cache="1" id="4" name="vtkActor" namespace="" package="edu.utah.sci.vistrails.vtk" version="0.9.3" />
    </add>
    <add id="22" objectId="4" parentObjId="4" parentObjType="module" what="location">
      <location id="4" x="95.375180952" y="-413.216046472" />
    </add>
    <add id="23" objectId="5" parentObjId="" parentObjType="" what="module">
      <module cache="1" id="5" name="vtkContourFilter" namespace="" package="edu.utah.sci.vistrails.vtk" version="0.9.3" />
    </add>
    <add id="24" objectId="6" parentObjId="5" parentObjType="module" what="function">
      <function id="6" name="SetValue" pos="0" />
    </add>
    <add id="25" objectId="8" parentObjId="6" parentObjType="function" what="parameter">
      <parameter alias="" id="8" name="&lt;no description&gt;" pos="1" type="edu.utah.sci.vistrails.basic:Float" val="0.6" />
    </add>
    <add id="26" objectId="7" parentObjId="6" parentObjType="function" what="parameter">
      <parameter alias="" id="7" name="&lt;no description&gt;" pos="0" type="edu.utah.sci.vistrails.basic:Integer" val="0" />
    </add>
    <add id="27" objectId="5" parentObjId="5" parentObjType="module" what="location">
      <location id="5" x="-308.256212092" y="186.093919013" />
    </add>
    <add id="28" objectId="6" parentObjId="" parentObjType="" what="module">
      <module cache="1" id="6" name="vtkDataSetReader" namespace="" package="edu.utah.sci.vistrails.vtk" version="0.9.3" />
    </add>
    <add id="29" objectId="7" parentObjId="6" parentObjType="module" what="function">
      <function id="7" name="SetFileName" pos="0" />
    </add>
    <add id="30" objectId="9" parentObjId="7" parentObjType="function" what="parameter">
      <parameter alias="" id="9" name="&lt;no description&gt;" pos="0" type="edu.utah.sci.vistrails.basic:String" val="../examples/data/gktbhFA.vtk" />
    </add>
    <add id="31" objectId="6" parentObjId="6" parentObjType="module" what="location">
      <location id="6" x="-386.525846585" y="316.067808358" />
    </add>
    <add id="32" objectId="7" parentObjId="" parentObjType="" what="module">
      <module cache="1" id="7" name="vtkStripper" namespace="" package="edu.utah.sci.vistrails.vtk" version="0.9.3" />
    </add>
    <add id="33" objectId="7" parentObjId="7" parentObjType="module" what="location">
      <location id="7" x="-100.545959517" y="-56.8026180895" />
    </add>
    <add id="34" objectId="8" parentObjId="" parentObjType="" what="module">
      <module cache="1" id="8" name="vtkLookupTable" namespace="" package="edu.utah.sci.vistrails.vtk" version="0.9.3" />
    </add>
    <add id="35" objectId="10" parentObjId="8" parentObjType="module" what="function">
      <function id="10" name="SetValueRange" pos="2" />
    </add>
    <add id="36" objectId="15" parentObjId="10" parentObjType="function" what="parameter">
      <parameter alias="" id="15" name="&lt;no description&gt;" pos="1" type="edu.utah.sci.vistrails.basic:Float" val="1" />
    </add>
    <add id="37" objectId="14" parentObjId="10" parentObjType="function" what="parameter">
      <parameter alias="" id="14" name="&lt;no description&gt;" pos="0" type="edu.utah.sci.vistrails.basic:Float" val="1" />
    </add>
    <add id="38" objectId="9" parentObjId="8" parentObjType="module" what="function">
      <function id="9" name="SetSaturationRange" pos="1" />
    </add>
    <add id="39" objectId="13" parentObjId="9" parentObjType="function" what="parameter">
      <parameter alias="" id="13" name="&lt;no description&gt;" pos="1" type="edu.utah.sci.vistrails.basic:Float" val="0.7" />
    </add>
    <add id="40" objectId="12" parentObjId="9" parentObjType="function" what="parameter">
      <parameter alias="" id="12" name="&lt;no description&gt;" pos="0" type="edu.utah.sci.vistrails.basic:Float" val="0.3" />
    </add>
    <add id="41" objectId="8" parentObjId="8" parentObjType="module" what="function">
      <function id="8" name="SetHueRange" pos="0" />
    </add>
    <add id="42" objectId="11" parentObjId="8" parentObjType="function" what="parameter">
      <parameter alias="" id="11" name="&lt;no description&gt;" pos="1" type="edu.utah.sci.vistrails.basic:Float" val="0.8" />
    </add>
    <add id="43" objectId="10" parentObjId="8" parentObjType="function" what="parameter">
      <parameter alias="" id="10" name="&lt;no description&gt;" pos="0" type="edu.utah.sci.vistrails.basic:Float" val="0.0" />
    </add>
    <add id="44" objectId="8" parentObjId="8" parentObjType="module" what="location">
      <location id="8" x="331.57062573" y="271.94767149" />
    </add>
    <add id="45" objectId="9" parentObjId="" parentObjType="" what="module">
      <module cache="1" id="9" name="vtkPolyDataNormals" namespace="" package="edu.utah.sci.vistrails.vtk" version="0.9.3" />
    </add>
    <add id="46" objectId="11" parentObjId="9" parentObjType="module" what="function">
      <function id="11" name="SetFeatureAngle" pos="0" />
    </add>
    <add id="47" objectId="16" parentObjId="11" parentObjType="function" what="parameter">
      <parameter alias="" id="16" name="&lt;no description&gt;" pos="0" type="edu.utah.sci.vistrails.basic:Float" val="60.0" />
    </add>
    <add id="48" objectId="9" parentObjId="9" parentObjType="module" what="location">
      <location id="9" x="-275.025377017" y="64.0419242235" />
    </add>
    <add id="49" objectId="10" parentObjId="" parentObjType="" what="module">
      <module cache="1" id="10" name="vtkImageMapToColors" namespace="" package="edu.utah.sci.vistrails.vtk" version="0.9.3" />
    </add>
    <add id="50" objectId="12" parentObjId="10" parentObjType="module" what="function">
      <function id="12" name="SetOutputFormatToRGBA" pos="0" />
    </add>
    <add id="51" objectId="10" parentObjId="10" parentObjType="module" what="location">
      <location id="10" x="153.158268614" y="84.1202492665" />
    </add>
    <add id="52" objectId="0" parentObjId="" parentObjType="" what="connection">
      <connection id="0" />
    </add>
    <add id="53" objectId="1" parentObjId="0" parentObjType="connection" what="port">
      <port id="1" moduleId="7" moduleName="vtkStripper" name="SetInputConnection0" signature="(edu.utah.sci.vistrails.vtk:vtkAlgorithmOutput)" type="destination" />
    </add>
    <add id="54" objectId="0" parentObjId="0" parentObjType="connection" what="port">
      <port id="0" moduleId="9" moduleName="vtkPolyDataNormals" name="GetOutputPort0" signature="(edu.utah.sci.vistrails.vtk:vtkAlgorithmOutput)" type="source" />
    </add>
    <add id="55" objectId="1" parentObjId="" parentObjType="" what="connection">
      <connection id="1" />
    </add>
    <add id="56" objectId="3" parentObjId="1" parentObjType="connection" what="port">
      <port id="3" moduleId="9" moduleName="vtkPolyDataNormals" name="SetInputConnection0" signature="(edu.utah.sci.vistrails.vtk:vtkAlgorithmOutput)" type="destination" />
    </add>
    <add id="57" objectId="2" parentObjId="1" parentObjType="connection" what="port">
      <port id="2" moduleId="5" moduleName="vtkContourFilter" name="GetOutputPort0" signature="(edu.utah.sci.vistrails.vtk:vtkAlgorithmOutput)" type="source" />
    </add>
    <add id="58" objectId="2" parentObjId="" parentObjType="" what="connection">
      <connection id="2" />
    </add>
    <add id="59" objectId="5" parentObjId="2" parentObjType="connection" what="port">
      <port id="5" moduleId="1" moduleName="vtkProbeFilter" name="SetInputConnection1" signature="(edu.utah.sci.vistrails.vtk:vtkAlgorithmOutput)" type="destination" />
    </add>
    <add id="60" objectId="4" parentObjId="2" parentObjType="connection" what="port">
      <port id="4" moduleId="10" moduleName="vtkImageMapToColors" name="GetOutputPort0" signature="(edu.utah.sci.vistrails.vtk:vtkAlgorithmOutput)" type="source" />
    </add>
    <add id="61" objectId="3" parentObjId="" parentObjType="" what="connection">
      <connection id="3" />
    </add>
    <add id="62" objectId="7" parentObjId="3" parentObjType="connection" what="port">
      <port id="7" moduleId="10" moduleName="vtkImageMapToColors" name="SetInputConnection0" signature="(edu.utah.sci.vistrails.vtk:vtkAlgorithmOutput)" type="destination" />
    </add>
    <add id="63" objectId="6" parentObjId="3" parentObjType="connection" what="port">
      <port id="6" moduleId="0" moduleName="vtkDataSetReader" name="GetOutputPort0" signature="(edu.utah.sci.vistrails.vtk:vtkAlgorithmOutput)" type="source" />
    </add>
    <add id="64" objectId="4" parentObjId="" parentObjType="" what="connection">
      <connection id="4" />
    </add>
    <add id="65" objectId="9" parentObjId="4" parentObjType="connection" what="port">
      <port id="9" moduleId="10" moduleName="vtkImageMapToColors" name="SetLookupTable" signature="(edu.utah.sci.vistrails.vtk:vtkScalarsToColors)" type="destination" />
    </add>
    <add id="66" objectId="8" parentObjId="4" parentObjType="connection" what="port">
      <port id="8" moduleId="8" moduleName="vtkLookupTable" name="self" signature="(edu.utah.sci.vistrails.vtk:vtkLookupTable)" type="source" />
    </add>
    <add id="67" objectId="5" parentObjId="" parentObjType="" what="connection">
      <connection id="5" />
    </add>
    <add id="68" objectId="11" parentObjId="5" parentObjType="connection" what="port">
      <port id="11" moduleId="3" moduleName="vtkPolyDataMapper" name="SetInputConnection0" signature="(edu.utah.sci.vistrails.vtk:vtkAlgorithmOutput)" type="destination" />
    </add>
    <add id="69" objectId="10" parentObjId="5" parentObjType="connection" what="port">
      <port id="10" moduleId="1" moduleName="vtkProbeFilter" name="GetOutputPort0" signature="(edu.utah.sci.vistrails.vtk:vtkAlgorithmOutput)" type="source" />
    </add>
    <add id="70" objectId="6" parentObjId="" parentObjType="" what="connection">
      <connection id="6" />
    </add>
    <add id="71" objectId="13" parentObjId="6" parentObjType="connection" what="port">
      <port id="13" moduleId="4" moduleName="vtkActor" name="SetProperty" signature="(edu.utah.sci.vistrails.vtk:vtkProperty)" type="destination" />
    </add>
    <add id="72" objectId="12" parentObjId="6" parentObjType="connection" what="port">
      <port id="12" moduleId="2" moduleName="vtkProperty" name="self" signature="(edu.utah.sci.vistrails.vtk:vtkProperty)" type="source" />
    </add>
    <add id="73" objectId="7" parentObjId="" parentObjType="" what="connection">
      <connection id="7" />
    </add>
    <add id="74" objectId="15" parentObjId="7" parentObjType="connection" what="port">
      <port id="15" moduleId="4" moduleName="vtkActor" name="SetMapper" signature="(edu.utah.sci.vistrails.vtk:vtkMapper)" type="destination" />
    </add>
    <add id="75" objectId="14" parentObjId="7" parentObjType="connection" what="port">
      <port id="14" moduleId="3" moduleName="vtkPolyDataMapper" name="self" signature="(edu.utah.sci.vistrails.vtk:vtkPolyDataMapper)" type="source" />
    </add>
    <add id="76" objectId="8" parentObjId="" parentObjType="" what="connection">
      <connection id="8" />
    </add>
    <add id="77" objectId="17" parentObjId="8" parentObjType="connection" what="port">
      <port id="17" moduleId="5" moduleName="vtkContourFilter" name="SetInputConnection0" signature="(edu.utah.sci.vistrails.vtk:vtkAlgorithmOutput)" type="destination" />
    </add>
    <add id="78" objectId="16" parentObjId="8" parentObjType="connection" what="port">
      <port id="16" moduleId="6" moduleName="vtkDataSetReader" name="GetOutputPort0" signature="(edu.utah.sci.vistrails.vtk:vtkAlgorithmOutput)" type="source" />
    </add>
    <add id="79" objectId="9" parentObjId="" parentObjType="" what="connection">
      <connection id="9" />
    </add>
    <add id="80" objectId="19" parentObjId="9" parentObjType="connection" what="port">
      <port id="19" moduleId="1" moduleName="vtkProbeFilter" name="SetInputConnection0" signature="(edu.utah.sci.vistrails.vtk:vtkAlgorithmOutput)" type="destination" />
    </add>
    <add id="81" objectId="18" parentObjId="9" parentObjType="connection" what="port">
      <port id="18" moduleId="7" moduleName="vtkStripper" name="GetOutputPort0" signature="(edu.utah.sci.vistrails.vtk:vtkAlgorithmOutput)" type="source" />
    </add>
  </action>
  <action date="2010-11-22 12:47:26" id="2" prevId="1" session="0" user="emanuele">
    <add id="82" objectId="11" parentObjId="" parentObjType="" what="module">
      <module cache="1" id="11" name="HTTPFile" namespace="" package="edu.utah.sci.vistrails.http" version="0.9.0" />
    </add>
    <add id="83" objectId="11" parentObjId="11" parentObjType="module" what="location">
      <location id="11" x="-286.862453714" y="464.915011191" />
    </add>
  </action>
  <action date="2010-11-22 12:47:28" id="3" prevId="2" session="0" user="emanuele">
    <add id="84" objectId="10" parentObjId="" parentObjType="" what="connection">
      <connection id="10" />
    </add>
    <add id="85" objectId="20" parentObjId="10" parentObjType="connection" what="port">
      <port id="20" moduleId="11" moduleName="HTTPFile" name="file" signature="(edu.utah.sci.vistrails.basic:File)" type="source" />
    </add>
    <add id="86" objectId="21" parentObjId="10" parentObjType="connection" what="port">
      <port id="21" moduleId="6" moduleName="vtkDataSetReader" name="SetFile" signature="(edu.utah.sci.vistrails.basic:File)" type="destination" />
    </add>
  </action>
  <action date="2010-11-22 12:47:40" id="4" prevId="3" session="0" user="emanuele">
    <change id="87" newObjId="17" oldObjId="9" parentObjId="7" parentObjType="function" what="parameter">
      <parameter alias="" id="17" name="&lt;no description&gt;" pos="0" type="edu.utah.sci.vistrails.basic:String" val="gktbhFA.vtk" />
    </change>
  </action>
  <action date="2010-11-22 12:47:40" id="5" prevId="4" session="0" user="emanuele">
    <delete id="88" objectId="17" parentObjId="7" parentObjType="function" what="parameter" />
    <delete id="89" objectId="7" parentObjId="6" parentObjType="module" what="function" />
  </action>
  <action date="2010-11-22 12:47:43" id="6" prevId="5" session="0" user="emanuele">
    <add id="90" objectId="13" parentObjId="11" parentObjType="module" what="function">
      <function id="13" name="url" pos="0" />
    </add>
    <add id="91" objectId="18" parentObjId="13" parentObjType="function" what="parameter">
      <parameter alias="" id="18" name="&lt;no description&gt;" pos="0" type="edu.utah.sci.vistrails.basic:String" val="" />
    </add>
  </action>
  <action date="2010-11-22 12:47:50" id="7" prevId="6" session="0" user="emanuele">
    <change id="92" newObjId="19" oldObjId="18" parentObjId="13" parentObjType="function" what="parameter">
      <parameter alias="" id="19" name="&lt;no description&gt;" pos="0" type="edu.utah.sci.vistrails.basic:String" val="gktbhFA.vtk" />
    </change>
  </action>
  <action date="2010-11-22 12:49:31" id="8" prevId="7" session="0" user="emanuele">
    <change id="93" newObjId="20" oldObjId="19" parentObjId="13" parentObjType="function" what="parameter">
      <parameter alias="" id="20" name="&lt;no description&gt;" pos="0" type="edu.utah.sci.vistrails.basic:String" val="http://www.vistrails.org/download/download.php?type=DATA&amp;id=gktbhFA.vtk" />
    </change>
  </action>
  <action date="2010-11-22 12:49:34" id="9" prevId="8" session="0" user="emanuele">
    <annotation id="1" key="__description__" value="Paste" />
    <add id="94" objectId="12" parentObjId="" parentObjType="" what="module">
      <module cache="1" id="12" name="HTTPFile" namespace="" package="edu.utah.sci.vistrails.http" version="0.9.0" />
    </add>
    <add id="95" objectId="14" parentObjId="12" parentObjType="module" what="function">
      <function id="14" name="url" pos="0" />
    </add>
    <add id="96" objectId="21" parentObjId="14" parentObjType="function" what="parameter">
      <parameter alias="" id="21" name="&lt;no description&gt;" pos="0" type="edu.utah.sci.vistrails.basic:String" val="http://www.vistrails.org/download/download.php?type=DATA&amp;id=gktbhFA.vtk" />
    </add>
    <add id="97" objectId="12" parentObjId="12" parentObjType="module" what="location">
      <location id="12" x="0.0" y="0.0" />
    </add>
  </action>
  <action date="2010-11-22 12:49:38" id="10" prevId="9" session="0" user="emanuele">
    <change id="98" newObjId="13" oldObjId="12" parentObjId="12" parentObjType="module" what="location">
      <location id="13" x="-4.94590437437" y="431.942315362" />
    </change>
  </action>
  <action date="2010-11-22 12:49:38" id="11" prevId="10" session="0" user="emanuele">
    <add id="99" objectId="11" parentObjId="" parentObjType="" what="connection">
      <connection id="11" />
    </add>
    <add id="100" objectId="22" parentObjId="11" parentObjType="connection" what="port">
      <port id="22" moduleId="12" moduleName="HTTPFile" name="file" signature="(edu.utah.sci.vistrails.basic:File)" type="source" />
    </add>
    <add id="101" objectId="23" parentObjId="11" parentObjType="connection" what="port">
      <port id="23" moduleId="0" moduleName="vtkDataSetReader" name="SetFile" signature="(edu.utah.sci.vistrails.basic:File)" type="destination" />
    </add>
  </action>
  <action date="2010-11-22 12:49:44" id="12" prevId="11" session="0" user="emanuele">
    <delete id="102" objectId="0" parentObjId="0" parentObjType="function" what="parameter" />
    <delete id="103" objectId="0" parentObjId="0" parentObjType="module" what="function" />
  </action>
  <action date="2010-11-22 12:49:57" id="13" prevId="12" session="0" user="emanuele">
    <change id="104" newObjId="22" oldObjId="21" parentObjId="14" parentObjType="function" what="parameter">
      <parameter alias="" id="22" name="&lt;no description&gt;" pos="0" type="edu.utah.sci.vistrails.basic:String" val="http://www.vistrails.org/download/download.php?type=DATA&amp;id=gktbhL123.vtk" />
    </change>
  </action>
  <action date="2010-11-22 12:50:06" id="14" prevId="13" session="0" user="emanuele">
    <add id="105" objectId="13" parentObjId="" parentObjType="" what="module">
      <module cache="1" id="13" name="vtkRenderer" namespace="" package="edu.utah.sci.vistrails.vtk" version="0.9.3" />
    </add>
    <add id="106" objectId="14" parentObjId="13" parentObjType="module" what="location">
      <location id="14" x="148.377131231" y="-506.130880977" />
    </add>
  </action>
  <action date="2010-11-22 12:50:09" id="15" prevId="14" session="0" user="emanuele">
    <add id="107" objectId="12" parentObjId="" parentObjType="" what="connection">
      <connection id="12" />
    </add>
    <add id="108" objectId="24" parentObjId="12" parentObjType="connection" what="port">
      <port id="24" moduleId="4" moduleName="vtkActor" name="self" signature="(edu.utah.sci.vistrails.vtk:vtkActor)" type="source" />
    </add>
    <add id="109" objectId="25" parentObjId="12" parentObjType="connection" what="port">
      <port id="25" moduleId="13" moduleName="vtkRenderer" name="AddActor" signature="(edu.utah.sci.vistrails.vtk:vtkProp)" type="destination" />
    </add>
  </action>
  <action date="2010-11-22 12:50:16" id="16" prevId="15" session="0" user="emanuele">
    <add id="110" objectId="14" parentObjId="" parentObjType="" what="module">
      <module cache="1" id="14" name="VTKCell" namespace="" package="edu.utah.sci.vistrails.vtk" version="0.9.3" />
    </add>
    <add id="111" objectId="15" parentObjId="14" parentObjType="module" what="location">
      <location id="15" x="-219.268427264" y="-384.13190641" />
    </add>
  </action>
  <action date="2010-11-22 12:50:24" id="17" prevId="16" session="0" user="emanuele">
    <change id="112" newObjId="16" oldObjId="15" parentObjId="14" parentObjType="module" what="location">
      <location id="16" x="227.926125048" y="-645.535485297" />
    </change>
  </action>
  <action date="2010-11-22 12:50:24" id="18" prevId="17" session="0" user="emanuele">
    <add id="113" objectId="13" parentObjId="" parentObjType="" what="connection">
      <connection id="13" />
    </add>
    <add id="114" objectId="26" parentObjId="13" parentObjType="connection" what="port">
      <port id="26" moduleId="13" moduleName="vtkRenderer" name="self" signature="(edu.utah.sci.vistrails.vtk:vtkRenderer)" type="source" />
    </add>
    <add id="115" objectId="27" parentObjId="13" parentObjType="connection" what="port">
      <port id="27" moduleId="14" moduleName="VTKCell" name="AddRenderer" signature="(edu.utah.sci.vistrails.vtk:vtkRenderer)" type="destination" />
    </add>
  </action>
  <action date="2010-11-22 12:50:27" id="19" prevId="18" session="0" user="emanuele">
    <change id="116" newObjId="17" oldObjId="16" parentObjId="14" parentObjType="module" what="location">
      <location id="17" x="143.67207896" y="-643.375125141" />
    </change>
  </action>
  <action date="2010-11-22 12:50:54" id="20" prevId="19" session="0" user="emanuele">
    <add id="117" objectId="15" parentObjId="13" parentObjType="module" what="function">
      <function id="15" name="SetBackgroundWidget" pos="0" />
    </add>
    <add id="118" objectId="23" parentObjId="15" parentObjType="function" what="parameter">
      <parameter alias="" id="23" name="&lt;no description&gt;" pos="0" type="edu.utah.sci.vistrails.basic:Color" val="" />
    </add>
  </action>
  <action date="2010-11-22 12:50:59" id="21" prevId="20" session="0" user="emanuele">
    <change id="119" newObjId="24" oldObjId="23" parentObjId="15" parentObjType="function" what="parameter">
      <parameter alias="" id="24" name="&lt;no description&gt;" pos="0" type="edu.utah.sci.vistrails.basic:Color" val="1.0,1.0,1.0" />
    </change>
  </action>
  <action date="2010-11-22 12:55:34" id="22" prevId="21" session="0" user="emanuele">
    <change id="120" newObjId="25" oldObjId="12" parentObjId="9" parentObjType="function" what="parameter">
      <parameter alias="" id="25" name="&lt;no description&gt;" pos="0" type="edu.utah.sci.vistrails.basic:Float" val="2" />
    </change>
  </action>
  <action date="2010-11-22 12:55:39" id="23" prevId="22" session="0" user="emanuele">
    <change id="121" newObjId="26" oldObjId="25" parentObjId="9" parentObjType="function" what="parameter">
      <parameter alias="" id="26" name="&lt;no description&gt;" pos="0" type="edu.utah.sci.vistrails.basic:Float" val="1" />
    </change>
  </action>
  <action date="2010-11-22 12:56:28" id="24" prevId="23" session="0" user="emanuele">
    <change id="122" newObjId="27" oldObjId="13" parentObjId="9" parentObjType="function" what="parameter">
      <parameter alias="" id="27" name="&lt;no description&gt;" pos="1" type="edu.utah.sci.vistrails.basic:Float" val="1" />
    </change>
  </action>
  <action date="2010-11-22 12:56:41" id="25" prevId="24" session="0" user="emanuele">
    <change id="123" newObjId="28" oldObjId="6" parentObjId="4" parentObjType="function" what="parameter">
      <parameter alias="" id="28" name="&lt;no description&gt;" pos="0" type="edu.utah.sci.vistrails.basic:Float" val="0.5" />
    </change>
  </action>
  <action date="2010-11-22 12:58:33" id="26" prevId="21" session="0" user="emanuele">
    <change id="124" newObjId="29" oldObjId="11" parentObjId="8" parentObjType="function" what="parameter">
      <parameter alias="" id="29" name="&lt;no description&gt;" pos="1" type="edu.utah.sci.vistrails.basic:Float" val="1" />
    </change>
  </action>
  <action date="2010-11-22 12:58:37" id="27" prevId="26" session="0" user="emanuele">
    <change id="125" newObjId="30" oldObjId="12" parentObjId="9" parentObjType="function" what="parameter">
      <parameter alias="" id="30" name="&lt;no description&gt;" pos="0" type="edu.utah.sci.vistrails.basic:Float" val="0.5" />
    </change>
  </action>
  <action date="2010-11-22 12:58:52" id="28" prevId="27" session="0" user="emanuele">
    <change id="126" newObjId="31" oldObjId="13" parentObjId="9" parentObjType="function" what="parameter">
      <parameter alias="" id="31" name="&lt;no description&gt;" pos="1" type="edu.utah.sci.vistrails.basic:Float" val="1" />
    </change>
  </action>
  <action date="2010-11-22 12:59:03" id="29" prevId="28" session="0" user="emanuele">
    <change id="127" newObjId="32" oldObjId="6" parentObjId="4" parentObjType="function" what="parameter">
      <parameter alias="" id="32" name="&lt;no description&gt;" pos="0" type="edu.utah.sci.vistrails.basic:Float" val="1" />
    </change>
  </action>
  <action date="2010-11-22 13:00:07" id="30" prevId="29" session="0" user="emanuele">
    <change id="128" newObjId="33" oldObjId="10" parentObjId="8" parentObjType="function" what="parameter">
      <parameter alias="" id="33" name="&lt;no description&gt;" pos="0" type="edu.utah.sci.vistrails.basic:Float" val="0.7" />
    </change>
  </action>
  <action date="2010-11-22 13:00:10" id="31" prevId="30" session="0" user="emanuele">
    <change id="129" newObjId="34" oldObjId="29" parentObjId="8" parentObjType="function" what="parameter">
      <parameter alias="" id="34" name="&lt;no description&gt;" pos="1" type="edu.utah.sci.vistrails.basic:Float" val="0.3" />
    </change>
  </action>
  <action date="2010-11-22 13:00:16" id="32" prevId="31" session="0" user="emanuele">
    <change id="130" newObjId="35" oldObjId="30" parentObjId="9" parentObjType="function" what="parameter">
      <parameter alias="" id="35" name="&lt;no description&gt;" pos="0" type="edu.utah.sci.vistrails.basic:Float" val="1" />
    </change>
  </action>
  <action date="2010-11-22 13:00:19" id="33" prevId="32" session="0" user="emanuele">
    <change id="131" newObjId="36" oldObjId="14" parentObjId="10" parentObjType="function" what="parameter">
      <parameter alias="" id="36" name="&lt;no description&gt;" pos="0" type="edu.utah.sci.vistrails.basic:Float" val="0.8" />
    </change>
  </action>
  <action date="2010-11-22 13:00:22" id="34" prevId="33" session="0" user="emanuele">
    <change id="132" newObjId="37" oldObjId="15" parentObjId="10" parentObjType="function" what="parameter">
      <parameter alias="" id="37" name="&lt;no description&gt;" pos="1" type="edu.utah.sci.vistrails.basic:Float" val="0.5" />
    </change>
  </action>
  <action date="2010-11-22 13:00:33" id="35" prevId="34" session="0" user="emanuele">
    <change id="133" newObjId="38" oldObjId="32" parentObjId="4" parentObjType="function" what="parameter">
      <parameter alias="" id="38" name="&lt;no description&gt;" pos="0" type="edu.utah.sci.vistrails.basic:Float" val="0.3" />
    </change>
  </action>
  <action date="2010-11-22 13:02:01" id="36" prevId="21" session="0" user="emanuele">
    <change id="134" newObjId="39" oldObjId="8" parentObjId="6" parentObjType="function" what="parameter">
      <parameter alias="" id="39" name="&lt;no description&gt;" pos="1" type="edu.utah.sci.vistrails.basic:Float" val="0.35" />
    </change>
  </action>
  <action date="2010-11-22 13:03:08" id="37" prevId="25" session="0" user="emanuele">
    <change id="135" newObjId="40" oldObjId="8" parentObjId="6" parentObjType="function" what="parameter">
      <parameter alias="" id="40" name="&lt;no description&gt;" pos="1" type="edu.utah.sci.vistrails.basic:Float" val="0.35" />
    </change>
  </action>
  <action date="2010-11-22 13:04:13" id="38" prevId="29" session="0" user="emanuele">
    <change id="136" newObjId="41" oldObjId="8" parentObjId="6" parentObjType="function" what="parameter">
      <parameter alias="" id="41" name="&lt;no description&gt;" pos="1" type="edu.utah.sci.vistrails.basic:Float" val="0.35" />
    </change>
  </action>
  <action date="2010-11-22 13:05:31" id="39" prevId="35" session="0" user="emanuele">
    <change id="137" newObjId="42" oldObjId="8" parentObjId="6" parentObjType="function" what="parameter">
      <parameter alias="" id="42" name="&lt;no description&gt;" pos="1" type="edu.utah.sci.vistrails.basic:Float" val="0.35" />
    </change>
  </action>
  <action date="2010-11-22 13:08:40" id="40" prevId="21" session="0" user="emanuele">
    <add id="138" objectId="15" parentObjId="" parentObjType="" what="module">
      <module cache="1" id="15" name="vtkCamera" namespace="" package="edu.utah.sci.vistrails.vtk" version="" />
    </add>
    <add id="139" objectId="18" parentObjId="15" parentObjType="module" what="location">
      <location id="18" x="0.0" y="0.0" />
    </add>
    <add id="140" objectId="14" parentObjId="" parentObjType="" what="connection">
      <connection id="14" />
    </add>
    <add id="141" objectId="28" parentObjId="14" parentObjType="connection" what="port">
      <port id="28" moduleId="15" moduleName="vtkCamera" name="self" signature="(edu.utah.sci.vistrails.vtk:vtkCamera)" type="source" />
    </add>
    <add id="142" objectId="29" parentObjId="14" parentObjType="connection" what="port">
      <port id="29" moduleId="13" moduleName="vtkRenderer" name="SetActiveCamera" signature="(edu.utah.sci.vistrails.vtk:vtkCamera)" type="destination" />
    </add>
    <add id="143" objectId="16" parentObjId="15" parentObjType="module" what="function">
      <function id="16" name="SetPosition" pos="0" />
    </add>
    <add id="144" objectId="45" parentObjId="16" parentObjType="function" what="parameter">
      <parameter alias="" id="45" name="&lt;no description&gt;" pos="2" type="edu.utah.sci.vistrails.basic:Float" val="129.680115965" />
    </add>
    <add id="145" objectId="44" parentObjId="16" parentObjType="function" what="parameter">
      <parameter alias="" id="44" name="&lt;no description&gt;" pos="1" type="edu.utah.sci.vistrails.basic:Float" val="34.1978228456" />
    </add>
    <add id="146" objectId="43" parentObjId="16" parentObjType="function" what="parameter">
      <parameter alias="" id="43" name="&lt;no description&gt;" pos="0" type="edu.utah.sci.vistrails.basic:Float" val="207.960620311" />
    </add>
    <add id="147" objectId="17" parentObjId="15" parentObjType="module" what="function">
      <function id="17" name="SetFocalPoint" pos="0" />
    </add>
    <add id="148" objectId="48" parentObjId="17" parentObjType="function" what="parameter">
      <parameter alias="" id="48" name="&lt;no description&gt;" pos="2" type="edu.utah.sci.vistrails.basic:Float" val="39.9909629822" />
    </add>
    <add id="149" objectId="47" parentObjId="17" parentObjType="function" what="parameter">
      <parameter alias="" id="47" name="&lt;no description&gt;" pos="1" type="edu.utah.sci.vistrails.basic:Float" val="40.4209948182" />
    </add>
    <add id="150" objectId="46" parentObjId="17" parentObjType="function" what="parameter">
      <parameter alias="" id="46" name="&lt;no description&gt;" pos="0" type="edu.utah.sci.vistrails.basic:Float" val="15.6665096283" />
    </add>
    <add id="151" objectId="18" parentObjId="15" parentObjType="module" what="function">
      <function id="18" name="SetViewUp" pos="0" />
    </add>
    <add id="152" objectId="51" parentObjId="18" parentObjType="function" what="parameter">
      <parameter alias="" id="51" name="&lt;no description&gt;" pos="2" type="edu.utah.sci.vistrails.basic:Float" val="0.00760380579491" />
    </add>
    <add id="153" objectId="50" parentObjId="18" parentObjType="function" what="parameter">
      <parameter alias="" id="50" name="&lt;no description&gt;" pos="1" type="edu.utah.sci.vistrails.basic:Float" val="0.999556218535" />
    </add>
    <add id="154" objectId="49" parentObjId="18" parentObjType="function" what="parameter">
      <parameter alias="" id="49" name="&lt;no description&gt;" pos="0" type="edu.utah.sci.vistrails.basic:Float" val="0.0288018771004" />
    </add>
  </action>
  <actionAnnotation actionId="19" date="2010-11-22 12:50:37" id="2" key="__thumb__" user="emanuele" value="3fea53e6-f650-11df-8ce6-00233230445c.png" />
  <actionAnnotation actionId="21" date="2010-11-22 12:51:12" id="4" key="__tag__" user="emanuele" value="brain" />
  <actionAnnotation actionId="25" date="2010-11-22 12:56:43" id="5" key="__thumb__" user="emanuele" value="1a312975-f651-11df-b5f9-00233230445c.png" />
  <actionAnnotation actionId="25" date="2010-11-22 12:57:13" id="6" key="__tag__" user="emanuele" value="contour 1" />
  <actionAnnotation actionId="29" date="2010-11-22 12:59:05" id="7" key="__thumb__" user="emanuele" value="6eef1fde-f651-11df-831f-00233230445c.png" />
  <actionAnnotation actionId="29" date="2010-11-22 12:59:28" id="8" key="__tag__" user="emanuele" value="contour 2" />
  <actionAnnotation actionId="35" date="2010-11-22 13:00:36" id="9" key="__thumb__" user="emanuele" value="a4ae6242-f651-11df-84c7-00233230445c.png" />
  <actionAnnotation actionId="35" date="2010-11-22 13:01:03" id="10" key="__tag__" user="emanuele" value="color 2" />
  <actionAnnotation actionId="36" date="2010-11-22 13:02:09" id="11" key="__thumb__" user="emanuele" value="dca36e2e-f651-11df-8a77-00233230445c.png" />
  <actionAnnotation actionId="36" date="2010-11-22 13:02:23" id="12" key="__tag__" user="emanuele" value="contour 3" />
  <actionAnnotation actionId="37" date="2010-11-22 13:03:13" id="13" key="__thumb__" user="emanuele" value="0243cdfd-f652-11df-b92d-00233230445c.png" />
  <actionAnnotation actionId="37" date="2010-11-22 13:03:24" id="14" key="__tag__" user="emanuele" value="color 1" />
  <actionAnnotation actionId="38" date="2010-11-22 13:04:16" id="15" key="__thumb__" user="emanuele" value="27d28554-f652-11df-93cf-00233230445c.png" />
  <actionAnnotation actionId="38" date="2010-11-22 13:04:46" id="16" key="__tag__" user="emanuele" value="color 3" />
  <actionAnnotation actionId="39" date="2010-11-22 13:05:37" id="17" key="__thumb__" user="emanuele" value="5854d54f-f652-11df-9126-00233230445c.png" />
  <actionAnnotation actionId="39" date="2010-11-22 13:05:55" id="18" key="__tag__" user="emanuele" value="opacity" />
  <actionAnnotation actionId="21" date="2010-11-22 13:08:28" id="19" key="__thumb__" user="emanuele" value="be0f47de-f652-11df-a6c0-00233230445c.png" />
  <actionAnnotation actionId="40" date="2010-11-22 13:08:56" id="20" key="__tag__" user="emanuele" value="contour 4" />
  <actionAnnotation actionId="40" date="2010-11-22 13:09:01" id="21" key="__thumb__" user="emanuele" value="d1e275a6-f652-11df-833d-00233230445c.png" />
</vistrail>
