<vistrail id="" name="" version="0.9.3" xmlns:xsi="http://www.w3.org/2001/XMLSchema-instance" xsi:schemaLocation="http://www.vistrails.org/vistrail.xsd"><action date="2009-03-17 14:27:29" id="1" prevId="0" prune="0" session="0" user="stevec"><annotation id="0" key="__description__" value="CreatePolygonCube" /><annotation id="1" key="__snapshot__" value="0" /><add id="0" objectId="0" parentObjId="" parentObjType="" what="plugin_data"><plugin_data data="0:4597" id="0" /></add></action><action date="2009-03-17 14:27:49" id="2" prevId="1" prune="0" session="0" user="stevec"><annotation id="2" key="__description__" value="setAttr " /><annotation id="3" key="__snapshot__" value="0" /><add id="1" objectId="1" parentObjId="" parentObjType="" what="plugin_data"><plugin_data data="4597:5718" id="1" /></add></action><action date="2009-03-17 14:27:54" id="3" prevId="2" prune="0" session="0" user="stevec"><annotation id="4" key="__description__" value="setAttr " /><annotation id="5" key="__snapshot__" value="0" /><add id="2" objectId="2" parentObjId="" parentObjType="" what="plugin_data"><plugin_data data="5718:5879" id="2" /></add></action><action date="2009-03-17 14:27:58" id="4" prevId="3" prune="0" session="0" user="stevec"><annotation id="6" key="__description__" value="setAttr " /><annotation id="7" key="__snapshot__" value="0" /><add id="3" objectId="3" parentObjId="" parentObjType="" what="plugin_data"><plugin_data data="5879:6041" id="3" /></add></action><action date="2009-03-17 14:28:02" id="5" prevId="4" prune="0" session="0" user="stevec"><annotation id="8" key="__description__" value="setAttr " /><annotation id="9" key="__snapshot__" value="0" /><add id="4" objectId="4" parentObjId="" parentObjType="" what="plugin_data"><plugin_data data="6041:6203" id="4" /></add></action><action date="2009-03-17 14:28:18" id="6" prevId="5" prune="0" session="0" user="stevec"><annotation id="10" key="__description__" value="setAttr " /><annotation id="11" key="__snapshot__" value="0" /><add id="5" objectId="5" parentObjId="" parentObjType="" what="plugin_data"><plugin_data data="6203:7328" id="5" /></add></action><action date="2009-03-17 14:28:27" id="7" prevId="6" prune="0" session="0" user="stevec"><annotation id="12" key="__description__" value="PolyExtrude" /><annotation id="13" key="__snapshot__" value="0" /><add id="6" objectId="6" parentObjId="" parentObjType="" what="plugin_data"><plugin_data data="7328:11973" id="6" /></add></action><action date="2009-03-17 14:28:32" id="8" prevId="7" prune="0" session="0" user="stevec"><annotation id="14" key="__description__" value="PolyExtrude" /><annotation id="15" key="__snapshot__" value="0" /><add id="7" objectId="7" parentObjId="" parentObjType="" what="plugin_data"><plugin_data data="11973:15240" id="7" /></add></action><action date="2009-03-17 14:28:39" id="9" prevId="8" prune="0" session="0" user="stevec"><annotation id="16" key="__description__" value="SetAttribute" /><annotation id="17" key="__snapshot__" value="0" /><add id="8" objectId="8" parentObjId="" parentObjType="" what="plugin_data"><plugin_data data="15240:15510" id="8" /></add></action><action date="2009-03-17 14:28:41" id="10" prevId="9" prune="0" session="0" user="stevec"><annotation id="18" key="__description__" value="SetAttribute" /><annotation id="19" key="__snapshot__" value="0" /><add id="9" objectId="9" parentObjId="" parentObjType="" what="plugin_data"><plugin_data data="15510:15780" id="9" /></add></action><action date="2009-03-17 14:28:44" id="11" prevId="10" prune="0" session="0" user="stevec"><annotation id="20" key="__description__" value="SetAttribute" /><annotation id="21" key="__snapshot__" value="0" /><add id="10" objectId="10" parentObjId="" parentObjType="" what="plugin_data"><plugin_data data="15780:16068" id="10" /></add></action><action date="2009-03-17 14:28:48" id="12" prevId="11" prune="0" session="0" user="stevec"><annotation id="22" key="__description__" value="SetAttribute" /><annotation id="23" key="__snapshot__" value="0" /><add id="11" objectId="11" parentObjId="" parentObjType="" what="plugin_data"><plugin_data data="16068:16357" id="11" /></add></action><action date="2009-03-17 14:28:49" id="13" prevId="12" prune="0" session="0" user="stevec"><annotation id="24" key="__description__" value="RepeatLast" /><annotation id="25" key="__snapshot__" value="0" /><add id="12" objectId="12" parentObjId="" parentObjType="" what="plugin_data"><plugin_data data="16357:19656" id="12" /></add></action><action date="2009-03-17 14:28:54" id="14" prevId="13" prune="0" session="0" user="stevec"><annotation id="26" key="__description__" value="SetAttribute" /><annotation id="27" key="__snapshot__" value="0" /><add id="13" objectId="13" parentObjId="" parentObjType="" what="plugin_data"><plugin_data data="19656:19926" id="13" /></add></action><action date="2009-03-17 14:28:57" id="15" prevId="14" prune="0" session="0" user="stevec"><annotation id="28" key="__description__" value="SetAttribute" /><annotation id="29" key="__snapshot__" value="0" /><add id="14" objectId="14" parentObjId="" parentObjType="" what="plugin_data"><plugin_data data="19926:20215" id="14" /></add></action><action date="2009-03-17 14:29:00" id="16" prevId="15" prune="0" session="0" user="stevec"><annotation id="30" key="__description__" value="SetAttribute" /><annotation id="31" key="__snapshot__" value="0" /><add id="15" objectId="15" parentObjId="" parentObjType="" what="plugin_data"><plugin_data data="20215:20486" id="15" /></add></action><action date="2009-03-17 14:29:04" id="17" prevId="16" prune="0" session="0" user="stevec"><annotation id="32" key="__description__" value="SetAttribute" /><annotation id="33" key="__snapshot__" value="0" /><add id="16" objectId="16" parentObjId="" parentObjType="" what="plugin_data"><plugin_data data="20486:20775" id="16" /></add></action><action date="2009-03-17 14:29:27" id="18" prevId="17" prune="0" session="0" user="stevec"><annotation id="34" key="__description__" value="PolyExtrude" /><annotation id="35" key="__snapshot__" value="0" /><add id="17" objectId="17" parentObjId="" parentObjType="" what="plugin_data"><plugin_data data="20775:25460" id="17" /></add></action><action date="2009-03-17 14:29:31" id="19" prevId="18" prune="0" session="0" user="stevec"><annotation id="36" key="__description__" value="SetAttribute" /><annotation id="37" key="__snapshot__" value="0" /><add id="18" objectId="18" parentObjId="" parentObjType="" what="plugin_data"><plugin_data data="25460:25776" id="18" /></add></action><action date="2009-03-17 14:29:37" id="20" prevId="19" prune="0" session="0" user="stevec"><annotation id="38" key="__description__" value="SetAttribute" /><annotation id="39" key="__snapshot__" value="0" /><add id="19" objectId="19" parentObjId="" parentObjType="" what="plugin_data"><plugin_data data="25776:26049" id="19" /></add></action><action date="2009-03-17 14:29:43" id="21" prevId="20" prune="0" session="0" user="stevec"><annotation id="40" key="__description__" value="SetAttribute" /><annotation id="41" key="__snapshot__" value="0" /><add id="20" objectId="20" parentObjId="" parentObjType="" what="plugin_data"><plugin_data data="26049:27278" id="20" /></add></action><action date="2009-03-17 14:29:46" id="22" prevId="21" prune="0" session="0" user="stevec"><annotation id="42" key="__description__" value="RepeatLast" /><annotation id="43" key="__snapshot__" value="0" /><add id="21" objectId="21" parentObjId="" parentObjType="" what="plugin_data"><plugin_data data="27278:31485" id="21" /></add></action><action date="2009-03-17 14:29:51" id="23" prevId="22" prune="0" session="0" user="stevec"><annotation id="44" key="__description__" value="SetAttribute" /><annotation id="45" key="__snapshot__" value="0" /><add id="22" objectId="22" parentObjId="" parentObjType="" what="plugin_data"><plugin_data data="31485:31758" id="22" /></add></action><action date="2009-03-17 14:29:55" id="24" prevId="23" prune="0" session="0" user="stevec"><annotation id="46" key="__description__" value="SetAttribute" /><annotation id="47" key="__snapshot__" value="0" /><add id="23" objectId="23" parentObjId="" parentObjType="" what="plugin_data"><plugin_data data="31758:32076" id="23" /></add></action><action date="2009-03-17 14:29:57" id="25" prevId="24" prune="0" session="0" user="stevec"><annotation id="48" key="__description__" value="RepeatLast" /><annotation id="49" key="__snapshot__" value="0" /><add id="24" objectId="24" parentObjId="" parentObjType="" what="plugin_data"><plugin_data data="32076:35347" id="24" /></add></action><action date="2009-03-17 14:29:59" id="26" prevId="25" prune="0" session="0" user="stevec"><annotation id="50" key="__description__" value="SetAttribute" /><annotation id="51" key="__snapshot__" value="0" /><add id="25" objectId="25" parentObjId="" parentObjType="" what="plugin_data"><plugin_data data="35347:35662" id="25" /></add></action><action date="2009-03-17 14:30:05" id="27" prevId="26" prune="1" session="0" user="stevec"><annotation id="52" key="__description__" value="SetAttribute" /><annotation id="53" key="__snapshot__" value="0" /><add id="26" objectId="26" parentObjId="" parentObjType="" what="plugin_data"><plugin_data data="35662:37385" id="26" /></add></action><action date="2009-03-17 14:30:11" id="28" prevId="27" prune="1" session="0" user="stevec"><annotation id="54" key="__description__" value="SetAttribute" /><annotation id="55" key="__snapshot__" value="0" /><add id="27" objectId="27" parentObjId="" parentObjType="" what="plugin_data"><plugin_data data="37385:37695" id="27" /></add></action><action date="2009-03-17 14:30:23" id="29" prevId="26" prune="0" session="0" user="stevec"><annotation id="56" key="__description__" value="SetAttribute" /><annotation id="57" key="__snapshot__" value="0" /><add id="28" objectId="28" parentObjId="" parentObjType="" what="plugin_data"><plugin_data data="37695:38925" id="28" /></add></action><action date="2009-03-17 14:30:27" id="30" prevId="29" prune="0" session="0" user="stevec"><annotation id="58" key="__description__" value="SetAttribute" /><annotation id="59" key="__snapshot__" value="0" /><add id="29" objectId="29" parentObjId="" parentObjType="" what="plugin_data"><plugin_data data="38925:40197" id="29" /></add></action><action date="2009-03-17 14:30:31" id="31" prevId="30" prune="0" session="0" user="stevec"><annotation id="60" key="__description__" value="SetAttribute" /><annotation id="61" key="__snapshot__" value="0" /><add id="30" objectId="30" parentObjId="" parentObjType="" what="plugin_data"><plugin_data data="40197:40488" id="30" /></add></action><action date="2009-03-17 14:30:41" id="32" prevId="31" prune="0" session="0" user="stevec"><annotation id="62" key="__description__" value="SetAttribute" /><annotation id="63" key="__snapshot__" value="0" /><add id="31" objectId="31" parentObjId="" parentObjType="" what="plugin_data"><plugin_data data="40488:41739" id="31" /></add></action><action date="2009-03-17 14:30:45" id="33" prevId="32" prune="0" session="0" user="stevec"><annotation id="64" key="__description__" value="RepeatLast" /><annotation id="65" key="__snapshot__" value="0" /><add id="32" objectId="32" parentObjId="" parentObjType="" what="plugin_data"><plugin_data data="41739:45966" id="32" /></add></action><action date="2009-03-17 14:30:55" id="34" prevId="33" prune="0" session="0" user="stevec"><annotation id="66" key="__description__" value="PolyExtrude" /><annotation id="67" key="__snapshot__" value="0" /><add id="33" objectId="33" parentObjId="" parentObjType="" what="plugin_data"><plugin_data data="45966:50212" id="33" /></add></action><action date="2009-03-17 14:31:00" id="35" prevId="34" prune="0" session="0" user="stevec"><annotation id="68" key="__description__" value="SetAttribute" /><annotation id="69" key="__snapshot__" value="0" /><add id="34" objectId="34" parentObjId="" parentObjType="" what="plugin_data"><plugin_data data="50212:50500" id="34" /></add></action><action date="2009-03-17 14:31:03" id="36" prevId="35" prune="0" session="0" user="stevec"><annotation id="70" key="__description__" value="SetAttribute" /><annotation id="71" key="__snapshot__" value="0" /><add id="35" objectId="35" parentObjId="" parentObjType="" what="plugin_data"><plugin_data data="50500:50806" id="35" /></add></action><action date="2009-03-17 14:31:04" id="37" prevId="36" prune="0" session="0" user="stevec"><annotation id="72" key="__description__" value="RepeatLast" /><annotation id="73" key="__snapshot__" value="0" /><add id="36" objectId="36" parentObjId="" parentObjType="" what="plugin_data"><plugin_data data="50806:54116" id="36" /></add></action><action date="2009-03-17 14:31:08" id="38" prevId="37" prune="0" session="0" user="stevec"><annotation id="74" key="__description__" value="SetAttribute" /><annotation id="75" key="__snapshot__" value="0" /><add id="37" objectId="37" parentObjId="" parentObjType="" what="plugin_data"><plugin_data data="54116:55386" id="37" /></add></action><action date="2009-03-17 14:31:16" id="39" prevId="38" prune="0" session="0" user="stevec"><annotation id="76" key="__description__" value="RepeatLast" /><annotation id="77" key="__snapshot__" value="0" /><add id="38" objectId="38" parentObjId="" parentObjType="" what="plugin_data"><plugin_data data="55386:59706" id="38" /></add></action><action date="2009-03-17 14:31:20" id="40" prevId="39" prune="0" session="0" user="stevec"><annotation id="78" key="__description__" value="SetAttribute" /><annotation id="79" key="__snapshot__" value="0" /><add id="39" objectId="39" parentObjId="" parentObjType="" what="plugin_data"><plugin_data data="59706:59999" id="39" /></add></action><action date="2009-03-17 14:31:22" id="41" prevId="40" prune="0" session="0" user="stevec"><annotation id="80" key="__description__" value="SetAttribute" /><annotation id="81" key="__snapshot__" value="0" /><add id="40" objectId="40" parentObjId="" parentObjType="" what="plugin_data"><plugin_data data="59999:60310" id="40" /></add></action><action date="2009-03-17 14:31:23" id="42" prevId="41" prune="0" session="0" user="stevec"><annotation id="82" key="__description__" value="RepeatLast" /><annotation id="83" key="__snapshot__" value="0" /><add id="41" objectId="41" parentObjId="" parentObjType="" what="plugin_data"><plugin_data data="60310:63696" id="41" /></add></action><action date="2009-03-17 14:31:25" id="43" prevId="42" prune="0" session="0" user="stevec"><annotation id="84" key="__description__" value="SetAttribute" /><annotation id="85" key="__snapshot__" value="0" /><add id="42" objectId="42" parentObjId="" parentObjType="" what="plugin_data"><plugin_data data="63696:64033" id="42" /></add></action><action date="2009-03-17 14:31:36" id="44" prevId="43" prune="0" session="0" user="stevec"><annotation id="86" key="__description__" value="RepeatLast" /><annotation id="87" key="__snapshot__" value="0" /><add id="43" objectId="43" parentObjId="" parentObjType="" what="plugin_data"><plugin_data data="64033:68313" id="43" /></add></action><action date="2009-03-17 14:31:40" id="45" prevId="44" prune="0" session="0" user="stevec"><annotation id="88" key="__description__" value="SetAttribute" /><annotation id="89" key="__snapshot__" value="0" /><add id="44" objectId="44" parentObjId="" parentObjType="" what="plugin_data"><plugin_data data="68313:68589" id="44" /></add></action><action date="2009-03-17 14:31:42" id="46" prevId="45" prune="0" session="0" user="stevec"><annotation id="90" key="__description__" value="RepeatLast" /><annotation id="91" key="__snapshot__" value="0" /><add id="45" objectId="45" parentObjId="" parentObjType="" what="plugin_data"><plugin_data data="68589:71929" id="45" /></add></action><action date="2009-03-17 14:31:45" id="47" prevId="46" prune="0" session="0" user="stevec"><annotation id="92" key="__description__" value="SetAttribute" /><annotation id="93" key="__snapshot__" value="0" /><add id="46" objectId="46" parentObjId="" parentObjType="" what="plugin_data"><plugin_data data="71929:72226" id="46" /></add></action><action date="2009-03-17 14:31:48" id="48" prevId="47" prune="0" session="0" user="stevec"><annotation id="94" key="__description__" value="SetAttribute" /><annotation id="95" key="__snapshot__" value="0" /><add id="47" objectId="47" parentObjId="" parentObjType="" what="plugin_data"><plugin_data data="72226:72502" id="47" /></add></action><action date="2009-03-17 14:31:54" id="49" prevId="48" prune="0" session="0" user="stevec"><annotation id="96" key="__description__" value="SetAttribute" /><annotation id="97" key="__snapshot__" value="0" /><add id="48" objectId="48" parentObjId="" parentObjType="" what="plugin_data"><plugin_data data="72502:73735" id="48" /></add></action><action date="2009-03-17 14:31:56" id="50" prevId="49" prune="0" session="0" user="stevec"><annotation id="98" key="__description__" value="SetAttribute" /><annotation id="99" key="__snapshot__" value="0" /><add id="49" objectId="49" parentObjId="" parentObjType="" what="plugin_data"><plugin_data data="73735:74027" id="49" /></add></action><action date="2009-03-17 14:31:56" id="51" prevId="50" prune="0" session="0" user="stevec"><annotation id="100" key="__description__" value="Snapshot" /><annotation id="101" key="__snapshot__" value="1" /><annotation id="184" key="__notes__" value="&lt;!DOCTYPE HTML PUBLIC &quot;-//W3C//DTD HTML 4.0//EN&quot; &quot;http://www.w3.org/TR/REC-html40/strict.dtd&quot;&gt;
&lt;html&gt;&lt;head&gt;&lt;meta name=&quot;qrichtext&quot; content=&quot;1&quot; /&gt;&lt;style type=&quot;text/css&quot;&gt;
p, li { white-space: pre-wrap; }
&lt;/style&gt;&lt;/head&gt;&lt;body style=&quot; font-family:&apos;MS Shell Dlg 2&apos;; font-size:8.25pt; font-weight:400; font-style:normal;&quot;&gt;
&lt;p style=&quot; margin-top:0px; margin-bottom:0px; margin-left:0px; margin-right:0px; -qt-block-indent:0; text-indent:0px;&quot;&gt;Basic shape created using a poly cube and a series of extrude operations&lt;/p&gt;&lt;/body&gt;&lt;/html&gt;" /><add id="50" objectId="50" parentObjId="" parentObjType="" what="plugin_data"><plugin_data data="74027:74148" id="50" /></add></action><action date="2009-03-17 14:32:16" id="52" prevId="51" prune="1" session="0" user="stevec"><annotation id="102" key="__description__" value="SmoothPolygon" /><annotation id="103" key="__snapshot__" value="0" /><add id="51" objectId="51" parentObjId="" parentObjType="" what="plugin_data"><plugin_data data="74148:78515" id="51" /></add></action><action date="2009-03-17 14:32:29" id="53" prevId="51" prune="0" session="0" user="stevec"><annotation id="104" key="__description__" value="SmoothPolygon" /><annotation id="105" key="__snapshot__" value="0" /><annotation id="187" key="__notes__" value="&lt;!DOCTYPE HTML PUBLIC &quot;-//W3C//DTD HTML 4.0//EN&quot; &quot;http://www.w3.org/TR/REC-html40/strict.dtd&quot;&gt;
&lt;html&gt;&lt;head&gt;&lt;meta name=&quot;qrichtext&quot; content=&quot;1&quot; /&gt;&lt;style type=&quot;text/css&quot;&gt;
p, li { white-space: pre-wrap; }
&lt;/style&gt;&lt;/head&gt;&lt;body style=&quot; font-family:&apos;MS Shell Dlg 2&apos;; font-size:8.25pt; font-weight:400; font-style:normal;&quot;&gt;
&lt;p style=&quot; margin-top:0px; margin-bottom:0px; margin-left:0px; margin-right:0px; -qt-block-indent:0; text-indent:0px; font-size:8pt;&quot;&gt;One level of smooth operations from the Mesh menu&lt;/p&gt;&lt;/body&gt;&lt;/html&gt;" /><add id="52" objectId="52" parentObjId="" parentObjType="" what="plugin_data"><plugin_data data="78515:81886" id="52" /></add></action><action date="2009-03-17 14:32:46" id="54" prevId="53" prune="0" session="0" user="stevec"><annotation id="106" key="__description__" value="createAndAssignShader " /><annotation id="107" key="__snapshot__" value="0" /><add id="53" objectId="53" parentObjId="" parentObjType="" what="plugin_data"><plugin_data data="81886:84213" id="53" /></add></action><action date="2009-03-17 14:32:48" id="55" prevId="54" prune="0" session="0" user="stevec"><annotation id="108" key="__description__" value="SetAttribute" /><annotation id="109" key="__snapshot__" value="0" /><add id="54" objectId="54" parentObjId="" parentObjType="" what="plugin_data"><plugin_data data="84213:84407" id="54" /></add></action><action date="2009-03-17 14:32:51" id="56" prevId="55" prune="0" session="0" user="stevec"><annotation id="110" key="__description__" value="SetAttribute" /><annotation id="111" key="__snapshot__" value="0" /><add id="55" objectId="55" parentObjId="" parentObjType="" what="plugin_data"><plugin_data data="84407:84599" id="55" /></add></action><action date="2009-03-17 14:33:18" id="57" prevId="56" prune="0" session="0" user="stevec"><annotation id="112" key="__description__" value="SetAttribute" /><annotation id="113" key="__snapshot__" value="0" /><annotation id="188" key="__notes__" value="&lt;!DOCTYPE HTML PUBLIC &quot;-//W3C//DTD HTML 4.0//EN&quot; &quot;http://www.w3.org/TR/REC-html40/strict.dtd&quot;&gt;
&lt;html&gt;&lt;head&gt;&lt;meta name=&quot;qrichtext&quot; content=&quot;1&quot; /&gt;&lt;style type=&quot;text/css&quot;&gt;
p, li { white-space: pre-wrap; }
&lt;/style&gt;&lt;/head&gt;&lt;body style=&quot; font-family:&apos;MS Shell Dlg 2&apos;; font-size:8.25pt; font-weight:400; font-style:normal;&quot;&gt;
&lt;p style=&quot; margin-top:0px; margin-bottom:0px; margin-left:0px; margin-right:0px; -qt-block-indent:0; text-indent:0px;&quot;&gt;Assigned a Blinn material with a yellow color&lt;/p&gt;&lt;/body&gt;&lt;/html&gt;" /><add id="56" objectId="56" parentObjId="" parentObjType="" what="plugin_data"><plugin_data data="84599:86179" id="56" /></add></action><action date="2009-03-17 14:34:06" id="58" prevId="51" prune="0" session="0" user="stevec"><annotation id="114" key="__description__" value="move " /><annotation id="115" key="__snapshot__" value="0" /><add id="57" objectId="57" parentObjId="" parentObjType="" what="plugin_data"><plugin_data data="86179:88452" id="57" /></add></action><action date="2009-03-17 14:35:05" id="59" prevId="58" prune="1" session="0" user="stevec"><annotation id="116" key="__description__" value="CompleteCurrentTool" /><annotation id="117" key="__snapshot__" value="0" /><add id="58" objectId="58" parentObjId="" parentObjType="" what="plugin_data"><plugin_data data="88452:92543" id="58" /></add></action><action date="2009-03-17 14:35:14" id="60" prevId="59" prune="1" session="0" user="stevec"><annotation id="118" key="__description__" value="CompleteCurrentTool" /><annotation id="119" key="__snapshot__" value="0" /><add id="59" objectId="59" parentObjId="" parentObjType="" what="plugin_data"><plugin_data data="92543:94165" id="59" /></add></action><action date="2009-03-17 14:35:30" id="61" prevId="60" prune="1" session="0" user="stevec"><annotation id="120" key="__description__" value="CompleteCurrentTool" /><annotation id="121" key="__snapshot__" value="0" /><add id="60" objectId="60" parentObjId="" parentObjType="" what="plugin_data"><plugin_data data="94165:95787" id="60" /></add></action><action date="2009-03-17 14:35:39" id="62" prevId="61" prune="1" session="0" user="stevec"><annotation id="122" key="__description__" value="CompleteCurrentTool" /><annotation id="123" key="__snapshot__" value="0" /><add id="61" objectId="61" parentObjId="" parentObjType="" what="plugin_data"><plugin_data data="95787:97409" id="61" /></add></action><action date="2009-03-17 14:36:20" id="63" prevId="58" prune="0" session="0" user="stevec"><annotation id="124" key="__description__" value="attributeQuery " /><annotation id="125" key="__snapshot__" value="0" /><add id="62" objectId="62" parentObjId="" parentObjType="" what="plugin_data"><plugin_data data="97409:103520" id="62" /></add></action><action date="2009-03-17 14:36:23" id="64" prevId="63" prune="0" session="0" user="stevec"><annotation id="126" key="__description__" value="SetAttribute" /><annotation id="127" key="__snapshot__" value="0" /><add id="63" objectId="63" parentObjId="" parentObjType="" what="plugin_data"><plugin_data data="103520:106990" id="63" /></add></action><action date="2009-03-17 14:36:31" id="65" prevId="64" prune="1" session="0" user="stevec"><annotation id="128" key="__description__" value="SetAttribute" /><annotation id="129" key="__snapshot__" value="0" /><add id="64" objectId="64" parentObjId="" parentObjType="" what="plugin_data"><plugin_data data="106990:111871" id="64" /></add></action><action date="2009-03-17 14:36:34" id="66" prevId="65" prune="1" session="0" user="stevec"><annotation id="130" key="__description__" value="SetAttribute" /><annotation id="131" key="__snapshot__" value="0" /><add id="65" objectId="65" parentObjId="" parentObjType="" what="plugin_data"><plugin_data data="111871:115341" id="65" /></add></action><action date="2009-03-17 14:36:43" id="67" prevId="64" prune="0" session="0" user="stevec"><annotation id="132" key="__description__" value="SetAttribute" /><annotation id="133" key="__snapshot__" value="0" /><add id="66" objectId="66" parentObjId="" parentObjType="" what="plugin_data"><plugin_data data="115341:118802" id="66" /></add></action><action date="2009-03-17 14:36:48" id="68" prevId="67" prune="0" session="0" user="stevec"><annotation id="134" key="__description__" value="SetAttribute" /><annotation id="135" key="__snapshot__" value="0" /><add id="67" objectId="67" parentObjId="" parentObjType="" what="plugin_data"><plugin_data data="118802:122272" id="67" /></add></action><action date="2009-03-17 14:37:07" id="69" prevId="68" prune="0" session="0" user="stevec"><annotation id="136" key="__description__" value="PolyExtrude" /><annotation id="137" key="__snapshot__" value="0" /><add id="68" objectId="68" parentObjId="" parentObjType="" what="plugin_data"><plugin_data data="122272:126640" id="68" /></add></action><action date="2009-03-17 14:37:10" id="70" prevId="69" prune="0" session="0" user="stevec"><annotation id="138" key="__description__" value="SetAttribute" /><annotation id="139" key="__snapshot__" value="0" /><add id="69" objectId="69" parentObjId="" parentObjType="" what="plugin_data"><plugin_data data="126640:126979" id="69" /></add></action><action date="2009-03-17 14:37:14" id="71" prevId="70" prune="0" session="0" user="stevec"><annotation id="140" key="__description__" value="SetAttribute" /><annotation id="141" key="__snapshot__" value="0" /><add id="70" objectId="70" parentObjId="" parentObjType="" what="plugin_data"><plugin_data data="126979:127312" id="70" /></add></action><action date="2009-03-17 14:37:17" id="72" prevId="71" prune="0" session="0" user="stevec"><annotation id="142" key="__description__" value="SetAttribute" /><annotation id="143" key="__snapshot__" value="0" /><add id="71" objectId="71" parentObjId="" parentObjType="" what="plugin_data"><plugin_data data="127312:127605" id="71" /></add></action><action date="2009-03-17 14:37:25" id="73" prevId="72" prune="0" session="0" user="stevec"><annotation id="144" key="__description__" value="SetAttribute" /><annotation id="145" key="__snapshot__" value="0" /><annotation id="189" key="__notes__" value="&lt;!DOCTYPE HTML PUBLIC &quot;-//W3C//DTD HTML 4.0//EN&quot; &quot;http://www.w3.org/TR/REC-html40/strict.dtd&quot;&gt;
&lt;html&gt;&lt;head&gt;&lt;meta name=&quot;qrichtext&quot; content=&quot;1&quot; /&gt;&lt;style type=&quot;text/css&quot;&gt;
p, li { white-space: pre-wrap; }
&lt;/style&gt;&lt;/head&gt;&lt;body style=&quot; font-family:&apos;MS Shell Dlg 2&apos;; font-size:8.25pt; font-weight:400; font-style:normal;&quot;&gt;
&lt;p style=&quot; margin-top:0px; margin-bottom:0px; margin-left:0px; margin-right:0px; -qt-block-indent:0; text-indent:0px;&quot;&gt;Insert edge loop tool four times on the wings, then extruded the top faces.&lt;/p&gt;&lt;/body&gt;&lt;/html&gt;" /><add id="72" objectId="72" parentObjId="" parentObjType="" what="plugin_data"><plugin_data data="127605:128853" id="72" /></add></action><action date="2009-03-17 14:38:36" id="74" prevId="73" prune="0" session="0" user="stevec"><annotation id="146" key="__description__" value="move " /><annotation id="147" key="__snapshot__" value="0" /><add id="73" objectId="73" parentObjId="" parentObjType="" what="plugin_data"><plugin_data data="128853:133457" id="73" /></add></action><action date="2009-03-17 14:40:22" id="75" prevId="74" prune="0" session="0" user="stevec"><annotation id="148" key="__description__" value="select " /><annotation id="149" key="__snapshot__" value="0" /><add id="74" objectId="74" parentObjId="" parentObjType="" what="plugin_data"><plugin_data data="133457:176346" id="74" /></add></action><action date="2009-03-17 14:40:47" id="76" prevId="75" prune="0" session="0" user="stevec"><annotation id="150" key="__description__" value="SmoothPolygon" /><annotation id="151" key="__snapshot__" value="0" /><add id="75" objectId="75" parentObjId="" parentObjType="" what="plugin_data"><plugin_data data="176346:180920" id="75" /></add></action><action date="2009-03-17 14:42:04" id="77" prevId="76" prune="1" session="0" user="stevec"><annotation id="152" key="__description__" value="createAndAssignShader " /><annotation id="153" key="__snapshot__" value="0" /><add id="76" objectId="76" parentObjId="" parentObjType="" what="plugin_data"><plugin_data data="180920:187370" id="76" /></add></action><action date="2009-03-17 14:42:07" id="78" prevId="77" prune="1" session="0" user="stevec"><annotation id="154" key="__description__" value="SetAttribute" /><annotation id="155" key="__snapshot__" value="0" /><add id="77" objectId="77" parentObjId="" parentObjType="" what="plugin_data"><plugin_data data="187370:187584" id="77" /></add></action><action date="2009-03-17 14:42:11" id="79" prevId="78" prune="1" session="0" user="stevec"><annotation id="156" key="__description__" value="select " /><annotation id="157" key="__snapshot__" value="0" /><add id="78" objectId="78" parentObjId="" parentObjType="" what="plugin_data"><plugin_data data="187584:187769" id="78" /></add></action><action date="2009-03-17 14:42:28" id="80" prevId="76" prune="0" session="0" user="stevec"><annotation id="158" key="__description__" value="SmoothPolygon" /><annotation id="159" key="__snapshot__" value="0" /><annotation id="190" key="__notes__" value="&lt;!DOCTYPE HTML PUBLIC &quot;-//W3C//DTD HTML 4.0//EN&quot; &quot;http://www.w3.org/TR/REC-html40/strict.dtd&quot;&gt;
&lt;html&gt;&lt;head&gt;&lt;meta name=&quot;qrichtext&quot; content=&quot;1&quot; /&gt;&lt;style type=&quot;text/css&quot;&gt;
p, li { white-space: pre-wrap; }
&lt;/style&gt;&lt;/head&gt;&lt;body style=&quot; font-family:&apos;MS Shell Dlg 2&apos;; font-size:8.25pt; font-weight:400; font-style:normal;&quot;&gt;
&lt;p style=&quot; margin-top:0px; margin-bottom:0px; margin-left:0px; margin-right:0px; -qt-block-indent:0; text-indent:0px;&quot;&gt;Two levels of smoothing from the mesh menu&lt;/p&gt;&lt;/body&gt;&lt;/html&gt;" /><add id="79" objectId="79" parentObjId="" parentObjType="" what="plugin_data"><plugin_data data="187769:191133" id="79" /></add></action><action date="2009-03-17 14:42:42" id="81" prevId="80" prune="0" session="0" user="stevec"><annotation id="160" key="__description__" value="createAndAssignShader " /><annotation id="161" key="__snapshot__" value="0" /><add id="80" objectId="80" parentObjId="" parentObjType="" what="plugin_data"><plugin_data data="191133:198522" id="80" /></add></action><action date="2009-03-17 14:42:44" id="82" prevId="81" prune="0" session="0" user="stevec"><annotation id="162" key="__description__" value="SetAttribute" /><annotation id="163" key="__snapshot__" value="0" /><add id="81" objectId="81" parentObjId="" parentObjType="" what="plugin_data"><plugin_data data="198522:198728" id="81" /></add></action><action date="2009-03-17 14:42:49" id="83" prevId="82" prune="0" session="0" user="stevec"><annotation id="164" key="__description__" value="select " /><annotation id="165" key="__snapshot__" value="0" /><annotation id="191" key="__notes__" value="&lt;!DOCTYPE HTML PUBLIC &quot;-//W3C//DTD HTML 4.0//EN&quot; &quot;http://www.w3.org/TR/REC-html40/strict.dtd&quot;&gt;
&lt;html&gt;&lt;head&gt;&lt;meta name=&quot;qrichtext&quot; content=&quot;1&quot; /&gt;&lt;style type=&quot;text/css&quot;&gt;
p, li { white-space: pre-wrap; }
&lt;/style&gt;&lt;/head&gt;&lt;body style=&quot; font-family:&apos;MS Shell Dlg 2&apos;; font-size:8.25pt; font-weight:400; font-style:normal;&quot;&gt;
&lt;p style=&quot; margin-top:0px; margin-bottom:0px; margin-left:0px; margin-right:0px; -qt-block-indent:0; text-indent:0px;&quot;&gt;Blinn material assigned with green color&lt;/p&gt;&lt;/body&gt;&lt;/html&gt;" /><add id="82" objectId="82" parentObjId="" parentObjType="" what="plugin_data"><plugin_data data="198728:198906" id="82" /></add></action><action date="2009-03-17 14:55:49" id="84" prevId="80" prune="0" session="1" user="stevec"><annotation id="166" key="__description__" value="createAndAssignShader " /><annotation id="167" key="__snapshot__" value="0" /><add id="83" objectId="83" parentObjId="" parentObjType="" what="plugin_data"><plugin_data data="198906:205358" id="83" /></add></action><action date="2009-03-17 14:55:52" id="85" prevId="84" prune="0" session="1" user="stevec"><annotation id="168" key="__description__" value="SetAttribute" /><annotation id="169" key="__snapshot__" value="0" /><add id="84" objectId="84" parentObjId="" parentObjType="" what="plugin_data"><plugin_data data="205358:205572" id="84" /></add></action><action date="2009-03-17 14:55:58" id="86" prevId="85" prune="0" session="1" user="stevec"><annotation id="170" key="__description__" value="SetAttribute" /><annotation id="171" key="__snapshot__" value="0" /><annotation id="192" key="__notes__" value="&lt;!DOCTYPE HTML PUBLIC &quot;-//W3C//DTD HTML 4.0//EN&quot; &quot;http://www.w3.org/TR/REC-html40/strict.dtd&quot;&gt;
&lt;html&gt;&lt;head&gt;&lt;meta name=&quot;qrichtext&quot; content=&quot;1&quot; /&gt;&lt;style type=&quot;text/css&quot;&gt;
p, li { white-space: pre-wrap; }
&lt;/style&gt;&lt;/head&gt;&lt;body style=&quot; font-family:&apos;MS Shell Dlg 2&apos;; font-size:8.25pt; font-weight:400; font-style:normal;&quot;&gt;
&lt;p style=&quot; margin-top:0px; margin-bottom:0px; margin-left:0px; margin-right:0px; -qt-block-indent:0; text-indent:0px;&quot;&gt;Blinn Material assigned with red color&lt;/p&gt;&lt;/body&gt;&lt;/html&gt;" /><add id="85" objectId="85" parentObjId="" parentObjType="" what="plugin_data"><plugin_data data="205572:205785" id="85" /></add></action><action date="2009-03-17 14:56:15" id="87" prevId="86" prune="1" session="1" user="stevec"><annotation id="172" key="__description__" value="SetAttribute" /><annotation id="173" key="__snapshot__" value="0" /><add id="86" objectId="86" parentObjId="" parentObjType="" what="plugin_data"><plugin_data data="205785:205997" id="86" /></add></action><action date="2009-03-17 14:56:34" id="88" prevId="80" prune="0" session="1" user="stevec"><annotation id="174" key="__description__" value="createAndAssignShader " /><annotation id="175" key="__snapshot__" value="0" /><add id="87" objectId="87" parentObjId="" parentObjType="" what="plugin_data"><plugin_data data="205997:212449" id="87" /></add></action><action date="2009-03-17 14:56:37" id="89" prevId="88" prune="0" session="1" user="stevec"><annotation id="176" key="__description__" value="SetAttribute" /><annotation id="177" key="__snapshot__" value="0" /><add id="88" objectId="88" parentObjId="" parentObjType="" what="plugin_data"><plugin_data data="212449:212654" id="88" /></add></action><action date="2009-03-17 14:56:39" id="90" prevId="89" prune="0" session="1" user="stevec"><annotation id="178" key="__description__" value="SetAttribute" /><annotation id="179" key="__snapshot__" value="0" /><add id="89" objectId="89" parentObjId="" parentObjType="" what="plugin_data"><plugin_data data="212654:212867" id="89" /></add></action><action date="2009-03-17 14:56:41" id="91" prevId="90" prune="0" session="1" user="stevec"><annotation id="180" key="__description__" value="SetAttribute" /><annotation id="181" key="__snapshot__" value="0" /><annotation id="193" key="__notes__" value="&lt;!DOCTYPE HTML PUBLIC &quot;-//W3C//DTD HTML 4.0//EN&quot; &quot;http://www.w3.org/TR/REC-html40/strict.dtd&quot;&gt;
&lt;html&gt;&lt;head&gt;&lt;meta name=&quot;qrichtext&quot; content=&quot;1&quot; /&gt;&lt;style type=&quot;text/css&quot;&gt;
p, li { white-space: pre-wrap; }
&lt;/style&gt;&lt;/head&gt;&lt;body style=&quot; font-family:&apos;MS Shell Dlg 2&apos;; font-size:8.25pt; font-weight:400; font-style:normal;&quot;&gt;
&lt;p style=&quot; margin-top:0px; margin-bottom:0px; margin-left:0px; margin-right:0px; -qt-block-indent:0; text-indent:0px;&quot;&gt;Blinn material assigned with blue color&lt;/p&gt;&lt;/body&gt;&lt;/html&gt;" /><add id="90" objectId="90" parentObjId="" parentObjType="" what="plugin_data"><plugin_data data="212867:213089" id="90" /></add></action><action date="2009-03-17 14:57:03" id="92" prevId="91" prune="1" session="1" user="stevec"><annotation id="182" key="__description__" value="SetAttribute" /><annotation id="183" key="__snapshot__" value="0" /><add id="91" objectId="91" parentObjId="" parentObjType="" what="plugin_data"><plugin_data data="213089:213311" id="91" /></add></action><tag id="80" name="Smoothed Fighter 2" /><tag id="53" name="Smoothed Fighter 1" /><tag id="51" name="Basic Fighter" /><tag id="73" name="Extra Fins" /><tag id="57" name="Yellow Fighter 1" /><tag id="83" name="Green Fighter  2" /><tag id="86" name="Red Fighter 2" /><tag id="91" name="Blue Fighter 2" /></vistrail>