<vistrail id="" name="" version="0.9.3" xmlns:xsi="http://www.w3.org/2001/XMLSchema-instance" xsi:schemaLocation="http://www.vistrails.org/vistrail.xsd"><action date="2009-06-18 14:24:13" id="1" prevId="0" prune="0" session="0" user="stevec"><annotation id="2" key="__description__" value="CreatePolygonPipe" /><annotation id="3" key="__details__" value="updateRendererUI%3B%0ACreatePolygonPipe%3B%0ApolyPipe%20-r%201%20-h%202%20-t%200.5%20-sa%2020%20-sh%201%20-sc%200%20-ax%200%201%200%20-cuv%201%20-rcp%200%20-ch%201%3B" /><annotation id="4" key="__snapshot__" value="0" /><add id="0" objectId="0" parentObjId="" parentObjType="" what="plugin_data"><plugin_data data="0:26136" id="0" /></add></action><action date="2009-06-18 14:24:33" id="2" prevId="1" prune="0" session="0" user="stevec"><annotation id="5" key="__description__" value="setAttr " /><annotation id="6" key="__details__" value="setAttr%20%22pPipe1.rotateX%22%2090%3B" /><annotation id="7" key="__snapshot__" value="0" /><add id="1" objectId="1" parentObjId="" parentObjType="" what="plugin_data"><plugin_data data="26136:39839" id="1" /></add></action><action date="2009-06-18 14:24:57" id="3" prevId="2" prune="0" session="0" user="stevec"><annotation id="8" key="__description__" value="setAttr " /><annotation id="9" key="__details__" value="setAttr%20%22pPipe1.translateX%22%202%3B" /><annotation id="10" key="__snapshot__" value="0" /><add id="2" objectId="2" parentObjId="" parentObjType="" what="plugin_data"><plugin_data data="39839:53836" id="2" /></add></action><action date="2009-06-18 14:25:01" id="4" prevId="3" prune="0" session="0" user="stevec"><annotation id="11" key="__description__" value="setAttr " /><annotation id="12" key="__details__" value="setAttr%20%22pPipe1.translateY%22%201%3B" /><annotation id="13" key="__snapshot__" value="0" /><add id="3" objectId="3" parentObjId="" parentObjType="" what="plugin_data"><plugin_data data="53836:65680" id="3" /></add></action><action date="2009-06-18 14:25:07" id="5" prevId="4" prune="0" session="0" user="stevec"><annotation id="14" key="__description__" value="setAttr " /><annotation id="15" key="__details__" value="setAttr%20%22pPipe1.translateY%22%200%3B" /><annotation id="16" key="__snapshot__" value="0" /><add id="4" objectId="4" parentObjId="" parentObjType="" what="plugin_data"><plugin_data data="65680:77524" id="4" /></add></action><action date="2009-06-18 14:25:10" id="6" prevId="5" prune="0" session="0" user="stevec"><annotation id="17" key="__description__" value="setAttr " /><annotation id="18" key="__details__" value="setAttr%20%22pPipe1.translateZ%22%201%3B" /><annotation id="19" key="__snapshot__" value="0" /><add id="5" objectId="5" parentObjId="" parentObjType="" what="plugin_data"><plugin_data data="77524:89368" id="5" /></add></action><action date="2009-06-18 14:25:21" id="7" prevId="6" prune="0" session="0" user="stevec"><annotation id="20" key="__description__" value="Duplicate" /><annotation id="21" key="__details__" value="duplicate%20-rr%3B%0A//%20Result%3A%20pPipe2%20//" /><annotation id="22" key="__snapshot__" value="0" /><add id="6" objectId="6" parentObjId="" parentObjType="" what="plugin_data"><plugin_data data="89368:120638" id="6" /></add></action><action date="2009-06-18 14:25:27" id="8" prevId="7" prune="0" session="0" user="stevec"><annotation id="23" key="__description__" value="setAttr " /><annotation id="24" key="__details__" value="setAttr%20%22pPipe2.translateZ%22%20-1%3B" /><annotation id="25" key="__snapshot__" value="0" /><add id="7" objectId="7" parentObjId="" parentObjType="" what="plugin_data"><plugin_data data="120638:132483" id="7" /></add></action><action date="2009-06-18 14:25:30" id="9" prevId="8" prune="0" session="0" user="stevec"><annotation id="26" key="__description__" value="Duplicate" /><annotation id="27" key="__details__" value="duplicate%20-rr%3B%0A//%20Result%3A%20pPipe3%20//" /><annotation id="28" key="__snapshot__" value="0" /><add id="8" objectId="8" parentObjId="" parentObjType="" what="plugin_data"><plugin_data data="132483:162524" id="8" /></add></action><action date="2009-06-18 14:25:35" id="10" prevId="9" prune="0" session="0" user="stevec"><annotation id="29" key="__description__" value="setAttr " /><annotation id="30" key="__details__" value="setAttr%20%22pPipe3.translateX%22%20-2%3B" /><annotation id="31" key="__snapshot__" value="0" /><add id="9" objectId="9" parentObjId="" parentObjType="" what="plugin_data"><plugin_data data="162524:174369" id="9" /></add></action><action date="2009-06-18 14:25:39" id="11" prevId="10" prune="0" session="0" user="stevec"><annotation id="32" key="__description__" value="Duplicate" /><annotation id="33" key="__details__" value="duplicate%20-rr%3B%0A//%20Result%3A%20pPipe4%20//" /><annotation id="34" key="__snapshot__" value="0" /><add id="10" objectId="10" parentObjId="" parentObjType="" what="plugin_data"><plugin_data data="174369:204411" id="10" /></add></action><action date="2009-06-18 14:25:43" id="12" prevId="11" prune="0" session="0" user="stevec"><annotation id="35" key="__description__" value="setAttr " /><annotation id="36" key="__details__" value="setAttr%20%22pPipe4.translateZ%22%201%3B" /><annotation id="37" key="__snapshot__" value="0" /><add id="11" objectId="11" parentObjId="" parentObjType="" what="plugin_data"><plugin_data data="204411:216255" id="11" /></add></action><action date="2009-06-18 14:25:55" id="13" prevId="12" prune="0" session="0" user="stevec"><annotation id="38" key="__description__" value="setAttr " /><annotation id="39" key="__details__" value="setAttr%20%22pPipe4.translateY%22%201%3B%0AsetAttr%20%22pPipe1.translateY%22%201%3B%0AsetAttr%20%22pPipe2.translateY%22%201%3B%0AsetAttr%20%22pPipe3.translateY%22%201%3B" /><annotation id="40" key="__snapshot__" value="0" /><annotation id="319" key="__notes__" value="&lt;!DOCTYPE HTML PUBLIC &quot;-//W3C//DTD HTML 4.0//EN&quot; &quot;http://www.w3.org/TR/REC-html40/strict.dtd&quot;&gt;
&lt;html&gt;&lt;head&gt;&lt;meta name=&quot;qrichtext&quot; content=&quot;1&quot; /&gt;&lt;style type=&quot;text/css&quot;&gt;
p, li { white-space: pre-wrap; }
&lt;/style&gt;&lt;/head&gt;&lt;body style=&quot; font-family:&apos;Arial&apos;; font-size:11pt; font-weight:400; font-style:normal;&quot;&gt;
&lt;p style=&quot; margin-top:0px; margin-bottom:0px; margin-left:0px; margin-right:0px; -qt-block-indent:0; text-indent:0px;&quot;&gt;Create a four simple car tires out of polyPipes&lt;/p&gt;
&lt;p style=&quot;-qt-paragraph-type:empty; margin-top:0px; margin-bottom:0px; margin-left:0px; margin-right:0px; -qt-block-indent:0; text-indent:0px;&quot;&gt;&lt;/p&gt;&lt;/body&gt;&lt;/html&gt;" /><add id="12" objectId="12" parentObjId="" parentObjType="" what="plugin_data"><plugin_data data="216255:230376" id="12" /></add></action><action date="2009-06-18 14:27:42" id="14" prevId="13" prune="0" session="0" user="stevec"><annotation id="41" key="__description__" value="CompleteCurrentTool" /><annotation id="42" key="__details__" value="polyCreateFacet%20-ch%20on%20-tx%201%20-s%201%20-p%20-3.275109%200.982533%200%20-p%20-4.028384%200.982533%200%20-p%20-4.028384%201.441048%200%20-p%20-3.668122%201.441048%200%20-p%20-3.471616%202.521834%200%20-p%20-2.816594%203.995633%200%20-p%20-1.310044%204.323144%200%20-p%200.0982533%204.093886%200%20-p%200.851528%203.209607%200%20-p%201.408297%202.980349%200%20-p%202.980349%202.882096%200%20-p%203.635371%202.227074%200%20-p%203.668122%201.50655%200%20-p%204.19214%201.441048%200%20-p%204.19214%201.015284%200%20-p%203.30786%200.982533%200%20-p%203.078603%201.703057%200%20-p%202.194323%202.128821%200%20-p%201.277293%201.965065%200%20-p%200.818777%201.408297%200%20-p%200.786026%200.982533%200%20-p%20-0.753275%200.982533%200%20-p%20-1.080786%201.735808%200%20-p%20-1.768559%202.09607%200%20-p%20-2.554585%201.997817%200%20-p%20-3.078603%201.539301%200%20%3B" /><annotation id="43" key="__snapshot__" value="0" /><add id="13" objectId="13" parentObjId="" parentObjType="" what="plugin_data"><plugin_data data="230376:254215" id="13" /></add></action><action date="2009-06-18 14:27:49" id="15" prevId="14" prune="0" session="0" user="stevec"><annotation id="44" key="__description__" value="SetAttribute" /><annotation id="45" key="__snapshot__" value="0" /><add id="14" objectId="14" parentObjId="" parentObjType="" what="plugin_data"><plugin_data data="254215:266643" id="14" /></add></action><action date="2009-06-18 14:28:01" id="16" prevId="15" prune="0" session="0" user="stevec"><annotation id="46" key="__description__" value="move " /><annotation id="47" key="__details__" value="move%20-r%200%200.0188934%200%20%3B" /><annotation id="48" key="__snapshot__" value="0" /><add id="15" objectId="15" parentObjId="" parentObjType="" what="plugin_data"><plugin_data data="266643:278696" id="15" /></add></action><action date="2009-06-18 14:28:03" id="17" prevId="16" prune="0" session="0" user="stevec"><annotation id="49" key="__description__" value="move " /><annotation id="50" key="__details__" value="move%20-r%20-0.198381%200%200%20%3B" /><annotation id="51" key="__snapshot__" value="0" /><add id="16" objectId="16" parentObjId="" parentObjType="" what="plugin_data"><plugin_data data="278696:290758" id="16" /></add></action><action date="2009-06-18 14:28:07" id="18" prevId="17" prune="0" session="0" user="stevec"><annotation id="52" key="__description__" value="move " /><annotation id="53" key="__details__" value="move%20-r%20-0.340081%200%200%20%3B" /><annotation id="54" key="__snapshot__" value="0" /><add id="17" objectId="17" parentObjId="" parentObjType="" what="plugin_data"><plugin_data data="290758:302811" id="17" /></add></action><action date="2009-06-18 14:28:09" id="19" prevId="18" prune="0" session="0" user="stevec"><annotation id="55" key="__description__" value="move " /><annotation id="56" key="__details__" value="move%20-r%200%200.188934%200%20%3B" /><annotation id="57" key="__snapshot__" value="0" /><add id="18" objectId="18" parentObjId="" parentObjType="" what="plugin_data"><plugin_data data="302811:314873" id="18" /></add></action><action date="2009-06-18 14:28:11" id="20" prevId="19" prune="0" session="0" user="stevec"><annotation id="58" key="__description__" value="move " /><annotation id="59" key="__details__" value="move%20-r%200.236168%200%200%20%3B" /><annotation id="60" key="__snapshot__" value="0" /><add id="19" objectId="19" parentObjId="" parentObjType="" what="plugin_data"><plugin_data data="314873:326935" id="19" /></add></action><action date="2009-06-18 14:28:16" id="21" prevId="20" prune="0" session="0" user="stevec"><annotation id="61" key="__description__" value="move " /><annotation id="62" key="__details__" value="move%20-r%200.132254%200%200%20%3B" /><annotation id="63" key="__snapshot__" value="0" /><add id="20" objectId="20" parentObjId="" parentObjType="" what="plugin_data"><plugin_data data="326935:339227" id="20" /></add></action><action date="2009-06-18 14:28:24" id="22" prevId="21" prune="0" session="0" user="stevec"><annotation id="64" key="__description__" value="move " /><annotation id="65" key="__details__" value="move%20-r%20-0.264508%20-0.0188934%200%20%3B" /><annotation id="66" key="__snapshot__" value="0" /><add id="21" objectId="21" parentObjId="" parentObjType="" what="plugin_data"><plugin_data data="339227:351553" id="21" /></add></action><action date="2009-06-18 14:28:28" id="23" prevId="22" prune="0" session="0" user="stevec"><annotation id="67" key="__description__" value="move " /><annotation id="68" key="__details__" value="move%20-r%200%200.00944671%200%20%3B" /><annotation id="69" key="__snapshot__" value="0" /><add id="22" objectId="22" parentObjId="" parentObjType="" what="plugin_data"><plugin_data data="351553:363611" id="22" /></add></action><action date="2009-06-18 14:28:30" id="24" prevId="23" prune="0" session="0" user="stevec"><annotation id="70" key="__description__" value="move " /><annotation id="71" key="__details__" value="move%20-r%20-0.103914%200%200%20%3B" /><annotation id="72" key="__snapshot__" value="0" /><add id="23" objectId="23" parentObjId="" parentObjType="" what="plugin_data"><plugin_data data="363611:375679" id="23" /></add></action><action date="2009-06-18 14:28:34" id="25" prevId="24" prune="0" session="0" user="stevec"><annotation id="73" key="__description__" value="move " /><annotation id="74" key="__details__" value="move%20-r%20-0.0850204%200%200%20%3B" /><annotation id="75" key="__snapshot__" value="0" /><add id="24" objectId="24" parentObjId="" parentObjType="" what="plugin_data"><plugin_data data="375679:387737" id="24" /></add></action><action date="2009-06-18 14:28:38" id="26" prevId="25" prune="0" session="0" user="stevec"><annotation id="76" key="__description__" value="move " /><annotation id="77" key="__details__" value="move%20-r%200%20-0.0944671%200%20%3B" /><annotation id="78" key="__snapshot__" value="0" /><add id="25" objectId="25" parentObjId="" parentObjType="" what="plugin_data"><plugin_data data="387737:399795" id="25" /></add></action><action date="2009-06-18 14:28:40" id="27" prevId="26" prune="0" session="0" user="stevec"><annotation id="79" key="__description__" value="move " /><annotation id="80" key="__details__" value="move%20-r%200.0661269%200%200%20%3B" /><annotation id="81" key="__snapshot__" value="0" /><add id="26" objectId="26" parentObjId="" parentObjType="" what="plugin_data"><plugin_data data="399795:411863" id="26" /></add></action><action date="2009-06-18 14:28:43" id="28" prevId="27" prune="0" session="0" user="stevec"><annotation id="82" key="__description__" value="move " /><annotation id="83" key="__details__" value="move%20-r%200%200.00944671%200%20%3B" /><annotation id="84" key="__snapshot__" value="0" /><add id="27" objectId="27" parentObjId="" parentObjType="" what="plugin_data"><plugin_data data="411863:423931" id="27" /></add></action><action date="2009-06-18 14:28:48" id="29" prevId="28" prune="0" session="0" user="stevec"><annotation id="85" key="__description__" value="move " /><annotation id="86" key="__details__" value="move%20-r%20-0.132254%200%200%20%3B" /><annotation id="87" key="__snapshot__" value="0" /><add id="28" objectId="28" parentObjId="" parentObjType="" what="plugin_data"><plugin_data data="423931:435988" id="28" /></add></action><action date="2009-06-18 14:28:54" id="30" prevId="29" prune="0" session="0" user="stevec"><annotation id="88" key="__description__" value="move " /><annotation id="89" key="__details__" value="move%20-r%200%20-0.141701%200%20%3B" /><annotation id="90" key="__snapshot__" value="0" /><add id="29" objectId="29" parentObjId="" parentObjType="" what="plugin_data"><plugin_data data="435988:448045" id="29" /></add></action><action date="2009-06-18 14:28:57" id="31" prevId="30" prune="0" session="0" user="stevec"><annotation id="91" key="__description__" value="move " /><annotation id="92" key="__details__" value="move%20-r%200%200.0377868%200%20%3B" /><annotation id="93" key="__snapshot__" value="0" /><add id="30" objectId="30" parentObjId="" parentObjType="" what="plugin_data"><plugin_data data="448045:460102" id="30" /></add></action><action date="2009-06-18 14:29:00" id="32" prevId="31" prune="0" session="0" user="stevec"><annotation id="94" key="__description__" value="move " /><annotation id="95" key="__details__" value="move%20-r%200%200.0377868%200%20%3B" /><annotation id="96" key="__snapshot__" value="0" /><add id="31" objectId="31" parentObjId="" parentObjType="" what="plugin_data"><plugin_data data="460102:472159" id="31" /></add></action><action date="2009-06-18 14:29:05" id="33" prevId="32" prune="0" session="0" user="stevec"><annotation id="97" key="__description__" value="move " /><annotation id="98" key="__details__" value="move%20-r%20-0.0944671%200%200%20%3B" /><annotation id="99" key="__snapshot__" value="0" /><add id="32" objectId="32" parentObjId="" parentObjType="" what="plugin_data"><plugin_data data="472159:484217" id="32" /></add></action><action date="2009-06-18 14:29:08" id="34" prevId="33" prune="0" session="0" user="stevec"><annotation id="100" key="__description__" value="move " /><annotation id="101" key="__details__" value="move%20-r%200.0283401%20-0.0188934%200%20%3B" /><annotation id="102" key="__snapshot__" value="0" /><add id="33" objectId="33" parentObjId="" parentObjType="" what="plugin_data"><plugin_data data="484217:496284" id="33" /></add></action><action date="2009-06-18 14:29:13" id="35" prevId="34" prune="0" session="0" user="stevec"><annotation id="103" key="__description__" value="move " /><annotation id="104" key="__details__" value="move%20-r%200.103914%200%200%20%3B" /><annotation id="105" key="__snapshot__" value="0" /><add id="34" objectId="34" parentObjId="" parentObjType="" what="plugin_data"><plugin_data data="496284:508336" id="34" /></add></action><action date="2009-06-18 14:29:19" id="36" prevId="35" prune="0" session="0" user="stevec"><annotation id="106" key="__description__" value="move " /><annotation id="107" key="__details__" value="move%20-r%200.0755737%200%200%20%3B" /><annotation id="108" key="__snapshot__" value="0" /><add id="35" objectId="35" parentObjId="" parentObjType="" what="plugin_data"><plugin_data data="508336:520393" id="35" /></add></action><action date="2009-06-18 14:29:24" id="37" prevId="36" prune="0" session="0" user="stevec"><annotation id="109" key="__description__" value="move " /><annotation id="110" key="__details__" value="move%20-r%200.160594%200.179487%200%20%3B" /><annotation id="111" key="__snapshot__" value="0" /><add id="36" objectId="36" parentObjId="" parentObjType="" what="plugin_data"><plugin_data data="520393:532458" id="36" /></add></action><action date="2009-06-18 14:29:31" id="38" prevId="37" prune="0" session="0" user="stevec"><annotation id="112" key="__description__" value="move " /><annotation id="113" key="__details__" value="move%20-r%200.170041%200.103914%200%20%3B" /><annotation id="114" key="__snapshot__" value="0" /><add id="37" objectId="37" parentObjId="" parentObjType="" what="plugin_data"><plugin_data data="532458:544523" id="37" /></add></action><action date="2009-06-18 14:29:34" id="39" prevId="38" prune="0" session="0" user="stevec"><annotation id="115" key="__description__" value="move " /><annotation id="116" key="__details__" value="move%20-r%200.103914%200%200%20%3B" /><annotation id="117" key="__snapshot__" value="0" /><add id="38" objectId="38" parentObjId="" parentObjType="" what="plugin_data"><plugin_data data="544523:556579" id="38" /></add></action><action date="2009-06-18 14:29:39" id="40" prevId="39" prune="0" session="0" user="stevec"><annotation id="118" key="__description__" value="move " /><annotation id="119" key="__details__" value="move%20-r%20-0.0377868%200%200%20%3B" /><annotation id="120" key="__snapshot__" value="0" /><add id="39" objectId="39" parentObjId="" parentObjType="" what="plugin_data"><plugin_data data="556579:568647" id="39" /></add></action><action date="2009-06-18 14:30:33" id="41" prevId="40" prune="0" session="0" user="stevec"><annotation id="121" key="__description__" value="PolyExtrude" /><annotation id="122" key="__details__" value="PolyExtrude%3B%0Ahilite%20polySurface1%20%3B%0ApolyExtrudeFacet%20-constructionHistory%201%20-keepFacesTogether%201%20-pvx%200.0157507658%20-pvy%202.747305512%20-pvz%200%20-divisions%201%20-twist%200%20-taper%201%20-off%200%20-smoothingAngle%2030%20polySurface1.f%5B0%5D%3B" /><annotation id="123" key="__snapshot__" value="0" /><add id="40" objectId="40" parentObjId="" parentObjType="" what="plugin_data"><plugin_data data="568647:587737" id="40" /></add></action><action date="2009-06-18 14:30:47" id="42" prevId="41" prune="0" session="0" user="stevec"><annotation id="124" key="__description__" value="SetAttribute" /><annotation id="125" key="__details__" value="setAttr%20%22polyExtrudeFace1.localTranslate%22%20-type%20double3%200%200%20-0.377451%20%3B" /><annotation id="126" key="__snapshot__" value="0" /><add id="41" objectId="41" parentObjId="" parentObjType="" what="plugin_data"><plugin_data data="587737:599756" id="41" /></add></action><action date="2009-06-18 14:31:01" id="43" prevId="42" prune="0" session="0" user="stevec"><annotation id="127" key="__description__" value="SetAttribute" /><annotation id="128" key="__details__" value="setAttr%20%22polyExtrudeFace1.localScale%22%20-type%20double3%201.095876%201%201%20%3B" /><annotation id="129" key="__snapshot__" value="0" /><add id="42" objectId="42" parentObjId="" parentObjType="" what="plugin_data"><plugin_data data="599756:613157" id="42" /></add></action><action date="2009-06-18 14:31:04" id="44" prevId="43" prune="0" session="0" user="stevec"><annotation id="130" key="__description__" value="SetAttribute" /><annotation id="131" key="__details__" value="setAttr%20%22polyExtrudeFace1.localScale%22%20-type%20double3%201.095876%201.094869%201%20%3B" /><annotation id="132" key="__snapshot__" value="0" /><add id="43" objectId="43" parentObjId="" parentObjType="" what="plugin_data"><plugin_data data="613157:625168" id="43" /></add></action><action date="2009-06-18 14:31:07" id="45" prevId="44" prune="0" session="0" user="stevec"><annotation id="133" key="__description__" value="RepeatLast" /><annotation id="134" key="__details__" value="PolyExtrude%3B%0ApolyExtrudeFacet%20-constructionHistory%201%20-keepFacesTogether%201%20-pvx%200.03287959099%20-pvy%202.787836611%20-pvz%200.3774514794%20-divisions%201%20-twist%200%20-taper%201%20-off%200%20-smoothingAngle%2030%20polySurface1.f%5B0%5D%3B" /><annotation id="135" key="__snapshot__" value="0" /><add id="44" objectId="44" parentObjId="" parentObjType="" what="plugin_data"><plugin_data data="625168:640384" id="44" /></add></action><action date="2009-06-18 14:31:13" id="46" prevId="45" prune="0" session="0" user="stevec"><annotation id="136" key="__description__" value="SetAttribute" /><annotation id="137" key="__details__" value="setAttr%20%22polyExtrudeFace2.localTranslate%22%20-type%20double3%209.70201e-09%201.38292e-07%20-1.459923%20%3B" /><annotation id="138" key="__snapshot__" value="0" /><add id="45" objectId="45" parentObjId="" parentObjType="" what="plugin_data"><plugin_data data="640384:652422" id="45" /></add></action><action date="2009-06-18 14:31:14" id="47" prevId="46" prune="0" session="0" user="stevec"><annotation id="139" key="__description__" value="RepeatLast" /><annotation id="140" key="__details__" value="PolyExtrude%3B%0ApolyExtrudeFacet%20-constructionHistory%201%20-keepFacesTogether%201%20-pvx%200.03287959099%20-pvy%202.787836611%20-pvz%201.837374687%20-divisions%201%20-twist%200%20-taper%201%20-off%200%20-smoothingAngle%2030%20polySurface1.f%5B0%5D%3B" /><annotation id="141" key="__snapshot__" value="0" /><add id="46" objectId="46" parentObjId="" parentObjType="" what="plugin_data"><plugin_data data="652422:667638" id="46" /></add></action><action date="2009-06-18 14:31:18" id="48" prevId="47" prune="0" session="0" user="stevec"><annotation id="142" key="__description__" value="SetAttribute" /><annotation id="143" key="__details__" value="setAttr%20%22polyExtrudeFace3.localTranslate%22%20-type%20double3%209.70201e-09%201.38292e-07%20-0.368425%20%3B" /><annotation id="144" key="__snapshot__" value="0" /><add id="47" objectId="47" parentObjId="" parentObjType="" what="plugin_data"><plugin_data data="667638:679677" id="47" /></add></action><action date="2009-06-18 14:31:24" id="49" prevId="48" prune="0" session="0" user="stevec"><annotation id="145" key="__description__" value="SetAttribute" /><annotation id="146" key="__details__" value="setAttr%20%22polyExtrudeFace3.localScale%22%20-type%20double3%200.930533%201%201%20%3B" /><annotation id="147" key="__snapshot__" value="0" /><add id="48" objectId="48" parentObjId="" parentObjType="" what="plugin_data"><plugin_data data="679677:692964" id="48" /></add></action><action date="2009-06-18 14:31:29" id="50" prevId="49" prune="0" session="0" user="stevec"><annotation id="148" key="__description__" value="SetAttribute" /><annotation id="149" key="__details__" value="setAttr%20%22polyExtrudeFace3.localScale%22%20-type%20double3%200.930533%200.931518%201%20%3B" /><annotation id="150" key="__snapshot__" value="0" /><add id="49" objectId="49" parentObjId="" parentObjType="" what="plugin_data"><plugin_data data="692964:704977" id="49" /></add></action><action date="2009-06-18 14:31:29" id="51" prevId="50" prune="0" session="0" user="stevec"><annotation id="151" key="__description__" value="Snapshot" /><annotation id="152" key="__snapshot__" value="1" /><add id="50" objectId="50" parentObjId="" parentObjType="" what="plugin_data"><plugin_data data="704977:717005" id="50" /></add></action><action date="2009-06-18 14:31:48" id="52" prevId="51" prune="0" session="0" user="stevec"><annotation id="153" key="__description__" value="SetAttribute" /><annotation id="154" key="__details__" value="setAttr%20%22polyExtrudeFace3.localScale%22%20-type%20double3%200.930533%200.905908%201%20%3B" /><annotation id="155" key="__snapshot__" value="0" /><add id="51" objectId="51" parentObjId="" parentObjType="" what="plugin_data"><plugin_data data="717005:730793" id="51" /></add></action><action date="2009-06-18 14:31:53" id="53" prevId="52" prune="0" session="0" user="stevec"><annotation id="156" key="__description__" value="RepeatLast" /><annotation id="157" key="__details__" value="PolyExtrude%3B%0ApolyExtrudeFacet%20-constructionHistory%201%20-keepFacesTogether%201%20-pvx%200.01928818226%20-pvy%202.743831038%20-pvz%202.20579958%20-divisions%201%20-twist%200%20-taper%201%20-off%200%20-smoothingAngle%2030%20polySurface1.f%5B0%5D%3B" /><annotation id="158" key="__snapshot__" value="0" /><add id="52" objectId="52" parentObjId="" parentObjType="" what="plugin_data"><plugin_data data="730793:747337" id="52" /></add></action><action date="2009-06-18 14:32:16" id="54" prevId="53" prune="0" session="0" user="stevec"><annotation id="159" key="__description__" value="move " /><annotation id="160" key="__details__" value="move%20-r%200%200%20-1.133967%20%3B" /><annotation id="161" key="__snapshot__" value="0" /><annotation id="320" key="__notes__" value="&lt;!DOCTYPE HTML PUBLIC &quot;-//W3C//DTD HTML 4.0//EN&quot; &quot;http://www.w3.org/TR/REC-html40/strict.dtd&quot;&gt;
&lt;html&gt;&lt;head&gt;&lt;meta name=&quot;qrichtext&quot; content=&quot;1&quot; /&gt;&lt;style type=&quot;text/css&quot;&gt;
p, li { white-space: pre-wrap; }
&lt;/style&gt;&lt;/head&gt;&lt;body style=&quot; font-family:&apos;Arial&apos;; font-size:11pt; font-weight:400; font-style:normal;&quot;&gt;
&lt;p style=&quot; margin-top:0px; margin-bottom:0px; margin-left:0px; margin-right:0px; -qt-block-indent:0; text-indent:0px;&quot;&gt;The car body is a Create Polygon profile that is extruded 3 times to give it depth.&lt;/p&gt;&lt;/body&gt;&lt;/html&gt;" /><add id="53" objectId="53" parentObjId="" parentObjType="" what="plugin_data"><plugin_data data="747337:761116" id="53" /></add></action><action date="2009-06-18 14:34:02" id="55" prevId="54" prune="0" session="0" user="stevec"><annotation id="162" key="__description__" value="Group" /><annotation id="163" key="__details__" value="group%3B%20xform%20-os%20-piv%200%200%200%3B" /><annotation id="164" key="__snapshot__" value="0" /><add id="54" objectId="54" parentObjId="" parentObjType="" what="plugin_data"><plugin_data data="761116:778779" id="54" /></add></action><action date="2009-06-18 14:34:07" id="56" prevId="55" prune="0" session="0" user="stevec"><annotation id="165" key="__description__" value="Group" /><annotation id="166" key="__details__" value="group%3B%20xform%20-os%20-piv%200%200%200%3B" /><annotation id="167" key="__snapshot__" value="0" /><annotation id="321" key="__notes__" value="&lt;!DOCTYPE HTML PUBLIC &quot;-//W3C//DTD HTML 4.0//EN&quot; &quot;http://www.w3.org/TR/REC-html40/strict.dtd&quot;&gt;
&lt;html&gt;&lt;head&gt;&lt;meta name=&quot;qrichtext&quot; content=&quot;1&quot; /&gt;&lt;style type=&quot;text/css&quot;&gt;
p, li { white-space: pre-wrap; }
&lt;/style&gt;&lt;/head&gt;&lt;body style=&quot; font-family:&apos;Arial&apos;; font-size:11pt; font-weight:400; font-style:normal;&quot;&gt;
&lt;p style=&quot; margin-top:0px; margin-bottom:0px; margin-left:0px; margin-right:0px; -qt-block-indent:0; text-indent:0px;&quot;&gt;2 groups are created for the car and the tires&lt;/p&gt;&lt;/body&gt;&lt;/html&gt;" /><add id="55" objectId="55" parentObjId="" parentObjType="" what="plugin_data"><plugin_data data="778779:791581" id="55" /></add></action><action date="2009-06-18 14:34:13" id="57" prevId="56" prune="0" session="0" user="stevec"><annotation id="168" key="__description__" value="rename " /><annotation id="169" key="__details__" value="rename%20%22group2%22%20%22car%22%3B" /><annotation id="170" key="__snapshot__" value="0" /><add id="56" objectId="56" parentObjId="" parentObjType="" what="plugin_data"><plugin_data data="791581:803452" id="56" /></add></action><action date="2009-06-18 14:34:19" id="58" prevId="57" prune="0" session="0" user="stevec"><annotation id="171" key="__description__" value="rename " /><annotation id="172" key="__details__" value="rename%20%22group1%22%20%22tires%22%3B" /><annotation id="173" key="__snapshot__" value="0" /><add id="57" objectId="57" parentObjId="" parentObjType="" what="plugin_data"><plugin_data data="803452:815341" id="57" /></add></action><action date="2009-06-18 14:43:30" id="59" prevId="58" prune="1" session="0" user="stevec"><annotation id="174" key="__description__" value="generateSetDrivenCommand" /><annotation id="175" key="__details__" value="setDrivenKeyframe%20-currentDriver%20car.translateX%20pPipe3.rotateZ%3B%0AsetDrivenKeyframe%20-currentDriver%20car.translateX%20pPipe4.rotateZ%3B%0AsetDrivenKeyframe%20-currentDriver%20car.translateX%20pPipe1.rotateZ%3B%0AsetDrivenKeyframe%20-currentDriver%20car.translateX%20pPipe2.rotateZ%3B" /><annotation id="176" key="__snapshot__" value="0" /><add id="58" objectId="58" parentObjId="" parentObjType="" what="plugin_data"><plugin_data data="815341:831095" id="58" /></add></action><action date="2009-06-18 14:44:16" id="60" prevId="59" prune="1" session="0" user="stevec"><annotation id="177" key="__description__" value="setAttr " /><annotation id="178" key="__details__" value="setAttr%20%22car.translateX%22%206.28%3B" /><annotation id="179" key="__snapshot__" value="0" /><add id="59" objectId="59" parentObjId="" parentObjType="" what="plugin_data"><plugin_data data="831095:842980" id="59" /></add></action><action date="2009-06-18 14:44:51" id="61" prevId="60" prune="1" session="0" user="stevec"><annotation id="180" key="__description__" value="setAttr " /><annotation id="181" key="__details__" value="setAttr%20%22pPipe3.rotateZ%22%20360%3B%0AsetAttr%20%22pPipe2.rotateZ%22%20360%3B%0AsetAttr%20%22pPipe1.rotateZ%22%20360%3B%0AsetAttr%20%22pPipe4.rotateZ%22%20360%3B" /><annotation id="182" key="__snapshot__" value="0" /><add id="60" objectId="60" parentObjId="" parentObjType="" what="plugin_data"><plugin_data data="842980:855415" id="60" /></add></action><action date="2009-06-18 14:45:01" id="62" prevId="61" prune="1" session="0" user="stevec"><annotation id="183" key="__description__" value="generateSetDrivenCommand" /><annotation id="184" key="__details__" value="setDrivenKeyframe%20-currentDriver%20car.translateX%20pPipe3.rotateZ%3B%0AsetDrivenKeyframe%20-currentDriver%20car.translateX%20pPipe4.rotateZ%3B%0AsetDrivenKeyframe%20-currentDriver%20car.translateX%20pPipe1.rotateZ%3B%0AsetDrivenKeyframe%20-currentDriver%20car.translateX%20pPipe2.rotateZ%3B" /><annotation id="185" key="__snapshot__" value="0" /><add id="61" objectId="61" parentObjId="" parentObjType="" what="plugin_data"><plugin_data data="855415:867790" id="61" /></add></action><action date="2009-06-18 14:45:51" id="63" prevId="62" prune="1" session="0" user="stevec"><annotation id="186" key="__description__" value="move " /><annotation id="187" key="__details__" value="move%20-r%20-ls%20-wd%20-1.187047%200%200%20%3B" /><annotation id="188" key="__snapshot__" value="0" /><add id="62" objectId="62" parentObjId="" parentObjType="" what="plugin_data"><plugin_data data="867790:879689" id="62" /></add></action><action date="2009-06-18 14:46:33" id="64" prevId="63" prune="1" session="0" user="stevec"><annotation id="189" key="__description__" value="move " /><annotation id="190" key="__details__" value="move%20-r%20-ls%20-wd%20-2.315754%200%200%20%3B" /><annotation id="191" key="__snapshot__" value="0" /><add id="63" objectId="63" parentObjId="" parentObjType="" what="plugin_data"><plugin_data data="879689:891926" id="63" /></add></action><action date="2009-06-18 14:49:01" id="65" prevId="64" prune="1" session="0" user="stevec"><annotation id="192" key="__description__" value="doSetInfinity " /><annotation id="193" key="__details__" value="setInfinity%20-pri%20cycle%20graphEditor1FromOutliner%3B" /><annotation id="194" key="__snapshot__" value="0" /><add id="64" objectId="64" parentObjId="" parentObjType="" what="plugin_data"><plugin_data data="891926:904816" id="64" /></add></action><action date="2009-06-18 14:49:08" id="66" prevId="65" prune="1" session="0" user="stevec"><annotation id="195" key="__description__" value="doSetInfinity " /><annotation id="196" key="__details__" value="setInfinity%20-poi%20cycle%20graphEditor1FromOutliner%3B" /><annotation id="197" key="__snapshot__" value="0" /><add id="65" objectId="65" parentObjId="" parentObjType="" what="plugin_data"><plugin_data data="904816:917706" id="65" /></add></action><action date="2009-06-18 14:49:33" id="67" prevId="66" prune="1" session="0" user="stevec"><annotation id="198" key="__description__" value="move " /><annotation id="199" key="__details__" value="move%20-r%20-ls%20-wd%203.620627%200%200%20%3B" /><annotation id="200" key="__snapshot__" value="0" /><add id="66" objectId="66" parentObjId="" parentObjType="" what="plugin_data"><plugin_data data="917706:929605" id="66" /></add></action><action date="2009-06-18 14:50:03" id="68" prevId="67" prune="1" session="0" user="stevec"><annotation id="201" key="__description__" value="move " /><annotation id="202" key="__details__" value="move%20-r%20-ls%20-wd%20-13.361559%200%200%20%3B" /><annotation id="203" key="__snapshot__" value="0" /><add id="67" objectId="67" parentObjId="" parentObjType="" what="plugin_data"><plugin_data data="929605:941523" id="67" /></add></action><action date="2009-06-18 14:50:15" id="69" prevId="68" prune="1" session="0" user="stevec"><annotation id="204" key="__description__" value="move " /><annotation id="205" key="__details__" value="move%20-r%20-ls%20-wd%200.592698%200%200%20%3B" /><annotation id="206" key="__snapshot__" value="0" /><add id="68" objectId="68" parentObjId="" parentObjType="" what="plugin_data"><plugin_data data="941523:953441" id="68" /></add></action><action date="2009-06-18 14:50:26" id="70" prevId="69" prune="1" session="0" user="stevec"><annotation id="207" key="__description__" value="move " /><annotation id="208" key="__details__" value="move%20-r%20-ls%20-wd%200%200%200%20%3B" /><annotation id="209" key="__snapshot__" value="0" /><add id="69" objectId="69" parentObjId="" parentObjType="" what="plugin_data"><plugin_data data="953441:965701" id="69" /></add></action><action date="2009-06-18 14:50:27" id="71" prevId="70" prune="1" session="0" user="stevec"><annotation id="210" key="__description__" value="move " /><annotation id="211" key="__details__" value="move%20-r%20-ls%20-wd%200%20-0.0288987%200%20%3B" /><annotation id="212" key="__snapshot__" value="0" /><add id="70" objectId="70" parentObjId="" parentObjType="" what="plugin_data"><plugin_data data="965701:977621" id="70" /></add></action><action date="2009-06-18 14:50:43" id="72" prevId="71" prune="1" session="0" user="stevec"><annotation id="213" key="__description__" value="move " /><annotation id="214" key="__details__" value="move%20-r%20-ls%20-wd%20-1.006853%200%200%20%3B" /><annotation id="215" key="__snapshot__" value="0" /><add id="71" objectId="71" parentObjId="" parentObjType="" what="plugin_data"><plugin_data data="977621:989539" id="71" /></add></action><action date="2009-06-18 14:52:14" id="73" prevId="58" prune="0" session="0" user="stevec"><annotation id="216" key="__description__" value="generateSetDrivenCommand" /><annotation id="217" key="__details__" value="setDrivenKeyframe%20-currentDriver%20car.translateX%20pPipe3.rotateZ%3B%0AsetDrivenKeyframe%20-currentDriver%20car.translateX%20pPipe4.rotateZ%3B%0AsetDrivenKeyframe%20-currentDriver%20car.translateX%20pPipe1.rotateZ%3B%0AsetDrivenKeyframe%20-currentDriver%20car.translateX%20pPipe2.rotateZ%3B" /><annotation id="218" key="__snapshot__" value="0" /><annotation id="322" key="__notes__" value="&lt;!DOCTYPE HTML PUBLIC &quot;-//W3C//DTD HTML 4.0//EN&quot; &quot;http://www.w3.org/TR/REC-html40/strict.dtd&quot;&gt;
&lt;html&gt;&lt;head&gt;&lt;meta name=&quot;qrichtext&quot; content=&quot;1&quot; /&gt;&lt;style type=&quot;text/css&quot;&gt;
p, li { white-space: pre-wrap; }
&lt;/style&gt;&lt;/head&gt;&lt;body style=&quot; font-family:&apos;Arial&apos;; font-size:11pt; font-weight:400; font-style:normal;&quot;&gt;
&lt;p style=&quot; margin-top:0px; margin-bottom:0px; margin-left:0px; margin-right:0px; -qt-block-indent:0; text-indent:0px;&quot;&gt;In the Animate -&amp;gt; Set Driven Key -&amp;gt; Set dialog, key the car group&apos;s Translate X attribute as the Driver and each tire&apos;s Rotate Z attribute as the Driven&lt;/p&gt;&lt;/body&gt;&lt;/html&gt;" /><add id="72" objectId="72" parentObjId="" parentObjType="" what="plugin_data"><plugin_data data="989539:1005313" id="72" /></add></action><action date="2009-06-18 14:52:31" id="74" prevId="73" prune="0" session="0" user="stevec"><annotation id="219" key="__description__" value="setAttr " /><annotation id="220" key="__details__" value="setAttr%20%22car.translateX%22%206.28%3B" /><annotation id="221" key="__snapshot__" value="0" /><add id="73" objectId="73" parentObjId="" parentObjType="" what="plugin_data"><plugin_data data="1005313:1017218" id="73" /></add></action><action date="2009-06-18 14:52:43" id="75" prevId="74" prune="0" session="0" user="stevec"><annotation id="222" key="__description__" value="setAttr " /><annotation id="223" key="__details__" value="setAttr%20%22pPipe2.rotateZ%22%20-360%3B%0AsetAttr%20%22pPipe3.rotateZ%22%20-360%3B%0AsetAttr%20%22pPipe4.rotateZ%22%20-360%3B%0AsetAttr%20%22pPipe1.rotateZ%22%20-360%3B" /><annotation id="224" key="__snapshot__" value="0" /><add id="74" objectId="74" parentObjId="" parentObjType="" what="plugin_data"><plugin_data data="1017218:1029677" id="74" /></add></action><action date="2009-06-18 14:52:47" id="76" prevId="75" prune="0" session="0" user="stevec"><annotation id="225" key="__description__" value="generateSetDrivenCommand" /><annotation id="226" key="__details__" value="setDrivenKeyframe%20-currentDriver%20car.translateX%20pPipe3.rotateZ%3B%0AsetDrivenKeyframe%20-currentDriver%20car.translateX%20pPipe4.rotateZ%3B%0AsetDrivenKeyframe%20-currentDriver%20car.translateX%20pPipe1.rotateZ%3B%0AsetDrivenKeyframe%20-currentDriver%20car.translateX%20pPipe2.rotateZ%3B" /><annotation id="227" key="__snapshot__" value="0" /><annotation id="323" key="__notes__" value="&lt;!DOCTYPE HTML PUBLIC &quot;-//W3C//DTD HTML 4.0//EN&quot; &quot;http://www.w3.org/TR/REC-html40/strict.dtd&quot;&gt;
&lt;html&gt;&lt;head&gt;&lt;meta name=&quot;qrichtext&quot; content=&quot;1&quot; /&gt;&lt;style type=&quot;text/css&quot;&gt;
p, li { white-space: pre-wrap; }
&lt;/style&gt;&lt;/head&gt;&lt;body style=&quot; font-family:&apos;Arial&apos;; font-size:11pt; font-weight:400; font-style:normal;&quot;&gt;
&lt;p style=&quot; margin-top:0px; margin-bottom:0px; margin-left:0px; margin-right:0px; -qt-block-indent:0; text-indent:0px;&quot;&gt;The car group was translated in the X axis by 6.28 and the tires were rotated by -360 in the Z axis, then another key was set in the Set Driven Key dialog.  The distance 6.28 is how far the car would travel in one rotation of a tire with a radius of 1 (circumference = 2*Pi*R)&lt;/p&gt;
&lt;p style=&quot; margin-top:0px; margin-bottom:0px; margin-left:0px; margin-right:0px; -qt-block-indent:0; text-indent:0px;&quot;&gt; &lt;/p&gt;&lt;/body&gt;&lt;/html&gt;" /><add id="75" objectId="75" parentObjId="" parentObjType="" what="plugin_data"><plugin_data data="1029677:1042072" id="75" /></add></action><action date="2009-06-18 14:53:05" id="77" prevId="76" prune="0" session="0" user="stevec"><annotation id="228" key="__description__" value="move " /><annotation id="229" key="__details__" value="move%20-r%20-ls%20-wd%20-2.789592%200%200%20%3B" /><annotation id="230" key="__snapshot__" value="0" /><add id="76" objectId="76" parentObjId="" parentObjType="" what="plugin_data"><plugin_data data="1042072:1053991" id="76" /></add></action><action date="2009-06-18 14:53:40" id="78" prevId="77" prune="0" session="0" user="stevec"><annotation id="231" key="__description__" value="doSetInfinity " /><annotation id="232" key="__details__" value="setInfinity%20-pri%20cycle%20graphEditor1FromOutliner%3B" /><annotation id="233" key="__snapshot__" value="0" /><add id="77" objectId="77" parentObjId="" parentObjType="" what="plugin_data"><plugin_data data="1053991:1066901" id="77" /></add></action><action date="2009-06-18 14:53:42" id="79" prevId="78" prune="0" session="0" user="stevec"><annotation id="234" key="__description__" value="doSetInfinity " /><annotation id="235" key="__details__" value="setInfinity%20-poi%20cycle%20graphEditor1FromOutliner%3B" /><annotation id="236" key="__snapshot__" value="0" /><annotation id="324" key="__notes__" value="&lt;!DOCTYPE HTML PUBLIC &quot;-//W3C//DTD HTML 4.0//EN&quot; &quot;http://www.w3.org/TR/REC-html40/strict.dtd&quot;&gt;
&lt;html&gt;&lt;head&gt;&lt;meta name=&quot;qrichtext&quot; content=&quot;1&quot; /&gt;&lt;style type=&quot;text/css&quot;&gt;
p, li { white-space: pre-wrap; }
&lt;/style&gt;&lt;/head&gt;&lt;body style=&quot; font-family:&apos;Arial&apos;; font-size:11pt; font-weight:400; font-style:normal;&quot;&gt;
&lt;p style=&quot; margin-top:0px; margin-bottom:0px; margin-left:0px; margin-right:0px; -qt-block-indent:0; text-indent:0px;&quot;&gt;The animation curves are extended to pre and post infinity by selecting them in the Graph Editor and in the Graph Editor, then choosing Curves -&amp;gt; Pre Infinity -&amp;gt; Cycle and Curves &amp;gt; Post Infinity -&amp;gt; Cycle&lt;/p&gt;&lt;/body&gt;&lt;/html&gt;" /><add id="78" objectId="78" parentObjId="" parentObjType="" what="plugin_data"><plugin_data data="1066901:1079811" id="78" /></add></action><action date="2009-06-18 14:53:54" id="80" prevId="79" prune="0" session="0" user="stevec"><annotation id="237" key="__description__" value="move " /><annotation id="238" key="__details__" value="move%20-r%20-ls%20-wd%202.03477%200%200%20%3B" /><annotation id="239" key="__snapshot__" value="0" /><add id="79" objectId="79" parentObjId="" parentObjType="" what="plugin_data"><plugin_data data="1079811:1091729" id="79" /></add></action><action date="2009-06-18 14:53:59" id="81" prevId="80" prune="0" session="0" user="stevec"><annotation id="240" key="__description__" value="move " /><annotation id="241" key="__details__" value="move%20-r%20-ls%20-wd%20-13.745827%200%200%20%3B" /><annotation id="242" key="__snapshot__" value="0" /><add id="80" objectId="80" parentObjId="" parentObjType="" what="plugin_data"><plugin_data data="1091729:1103649" id="80" /></add></action><action date="2009-06-18 14:54:01" id="82" prevId="81" prune="1" session="0" user="stevec"><annotation id="243" key="__description__" value="SetKey" /><annotation id="244" key="__details__" value="setKeyframe%20-breakdown%200%20%7Ccar.translate%3B%0AsetKeyframe%20-breakdown%200%20-hierarchy%20none%20-controlPoints%200%20-shape%200%20%7B%22car%22%7D%3B" /><annotation id="245" key="__snapshot__" value="0" /><add id="81" objectId="81" parentObjId="" parentObjType="" what="plugin_data"><plugin_data data="1103649:1123581" id="81" /></add></action><action date="2009-06-18 14:54:08" id="83" prevId="82" prune="1" session="0" user="stevec"><annotation id="246" key="__description__" value="move " /><annotation id="247" key="__details__" value="move%20-r%20-ls%20-wd%2015.795082%200%200%20%3B" /><annotation id="248" key="__snapshot__" value="0" /><add id="82" objectId="82" parentObjId="" parentObjType="" what="plugin_data"><plugin_data data="1123581:1135596" id="82" /></add></action><action date="2009-06-18 14:54:09" id="84" prevId="83" prune="1" session="0" user="stevec"><annotation id="249" key="__description__" value="SetKey" /><annotation id="250" key="__details__" value="setKeyframe%20-breakdown%200%20%7Ccar.translate%3B%0AsetKeyframe%20-breakdown%200%20-hierarchy%20none%20-controlPoints%200%20-shape%200%20%7B%22car%22%7D%3B" /><annotation id="251" key="__snapshot__" value="0" /><add id="83" objectId="83" parentObjId="" parentObjType="" what="plugin_data"><plugin_data data="1135596:1149188" id="83" /></add></action><action date="2009-06-18 14:54:35" id="85" prevId="84" prune="1" session="0" user="stevec"><annotation id="252" key="__description__" value="Snapshot" /><annotation id="253" key="__snapshot__" value="1" /><add id="84" objectId="84" parentObjId="" parentObjType="" what="plugin_data"><plugin_data data="1149188:1161263" id="84" /></add></action><action date="2009-06-18 14:55:24" id="86" prevId="85" prune="1" session="0" user="stevec"><annotation id="254" key="__description__" value="move " /><annotation id="255" key="__details__" value="move%20-r%20-pcp%200.603782%200%200%20%3B" /><annotation id="256" key="__snapshot__" value="0" /><add id="85" objectId="85" parentObjId="" parentObjType="" what="plugin_data"><plugin_data data="1161263:1175861" id="85" /></add></action><action date="2009-06-18 14:55:28" id="87" prevId="86" prune="1" session="0" user="stevec"><annotation id="257" key="__description__" value="move " /><annotation id="258" key="__details__" value="move%20-r%20-pcp%200.13698%200%200%20%3B" /><annotation id="259" key="__snapshot__" value="0" /><add id="86" objectId="86" parentObjId="" parentObjType="" what="plugin_data"><plugin_data data="1175861:1188086" id="86" /></add></action><action date="2009-06-18 14:55:33" id="88" prevId="87" prune="1" session="0" user="stevec"><annotation id="260" key="__description__" value="move " /><annotation id="261" key="__details__" value="move%20-r%20-pcp%200.114169%200%200%20%3B" /><annotation id="262" key="__snapshot__" value="0" /><add id="87" objectId="87" parentObjId="" parentObjType="" what="plugin_data"><plugin_data data="1188086:1200309" id="87" /></add></action><action date="2009-06-18 14:55:39" id="89" prevId="88" prune="1" session="0" user="stevec"><annotation id="263" key="__description__" value="move " /><annotation id="264" key="__details__" value="move%20-r%20-pcp%205.349144%200%200%20%3B" /><annotation id="265" key="__snapshot__" value="0" /><add id="88" objectId="88" parentObjId="" parentObjType="" what="plugin_data"><plugin_data data="1200309:1212628" id="88" /></add></action><action date="2009-06-18 14:56:20" id="90" prevId="84" prune="1" session="0" user="stevec"><annotation id="266" key="__description__" value="setMaxPlayback " /><annotation id="267" key="__snapshot__" value="0" /><add id="89" objectId="89" parentObjId="" parentObjType="" what="plugin_data"><plugin_data data="1212628:1224570" id="89" /></add></action><action date="2009-06-18 14:56:41" id="91" prevId="90" prune="1" session="0" user="stevec"><annotation id="268" key="__description__" value="SetKey" /><annotation id="269" key="__details__" value="setKeyframe%20-breakdown%200%20-hierarchy%20none%20-controlPoints%200%20-shape%200%20%7B%22car%22%7D%3B" /><annotation id="270" key="__snapshot__" value="0" /><add id="90" objectId="90" parentObjId="" parentObjType="" what="plugin_data"><plugin_data data="1224570:1238250" id="90" /></add></action><action date="2009-06-18 14:56:57" id="92" prevId="82" prune="1" session="0" user="stevec"><annotation id="271" key="__description__" value="setMaxPlayback " /><annotation id="272" key="__snapshot__" value="0" /><add id="91" objectId="91" parentObjId="" parentObjType="" what="plugin_data"><plugin_data data="1238250:1250194" id="91" /></add></action><action date="2009-06-18 14:57:08" id="93" prevId="92" prune="1" session="0" user="stevec"><annotation id="273" key="__description__" value="move " /><annotation id="274" key="__details__" value="move%20-r%20-pcp%202.733757%200%200%20%3B" /><annotation id="275" key="__snapshot__" value="0" /><add id="92" objectId="92" parentObjId="" parentObjType="" what="plugin_data"><plugin_data data="1250194:1262515" id="92" /></add></action><action date="2009-06-18 14:57:11" id="94" prevId="93" prune="1" session="0" user="stevec"><annotation id="276" key="__description__" value="move " /><annotation id="277" key="__details__" value="move%20-r%201.031813%200%200%20%3B" /><annotation id="278" key="__snapshot__" value="0" /><add id="93" objectId="93" parentObjId="" parentObjType="" what="plugin_data"><plugin_data data="1262515:1274496" id="93" /></add></action><action date="2009-06-18 14:57:15" id="95" prevId="94" prune="1" session="0" user="stevec"><annotation id="279" key="__description__" value="move " /><annotation id="280" key="__details__" value="move%20-r%20-pcp%2011.710109%200%200%20%3B" /><annotation id="281" key="__snapshot__" value="0" /><add id="94" objectId="94" parentObjId="" parentObjType="" what="plugin_data"><plugin_data data="1274496:1286716" id="94" /></add></action><action date="2009-06-18 14:57:17" id="96" prevId="95" prune="1" session="0" user="stevec"><annotation id="282" key="__description__" value="SetKey" /><annotation id="283" key="__details__" value="setKeyframe%20-breakdown%200%20%7Ccar.translate%3B%0AsetKeyframe%20-breakdown%200%20-hierarchy%20none%20-controlPoints%200%20-shape%200%20%7B%22car%22%7D%3B" /><annotation id="284" key="__snapshot__" value="0" /><add id="95" objectId="95" parentObjId="" parentObjType="" what="plugin_data"><plugin_data data="1286716:1300308" id="95" /></add></action><action date="2009-06-18 14:57:41" id="97" prevId="81" prune="1" session="0" user="stevec"><annotation id="285" key="__description__" value="move " /><annotation id="286" key="__details__" value="move%20-r%20-pcp%204.511969%200%200%20%3B" /><annotation id="287" key="__snapshot__" value="0" /><add id="96" objectId="96" parentObjId="" parentObjType="" what="plugin_data"><plugin_data data="1300308:1312530" id="96" /></add></action><action date="2009-06-18 14:58:05" id="98" prevId="76" prune="1" session="0" user="stevec"><annotation id="288" key="__description__" value="move " /><annotation id="289" key="__details__" value="move%20-r%20-pcp%200.657135%200%200%20%3B" /><annotation id="290" key="__snapshot__" value="0" /><add id="97" objectId="97" parentObjId="" parentObjType="" what="plugin_data"><plugin_data data="1312530:1324753" id="97" /></add></action><action date="2009-06-18 14:58:30" id="99" prevId="76" prune="1" session="0" user="stevec"><annotation id="291" key="__description__" value="move " /><annotation id="292" key="__details__" value="move%20-r%20-ls%20-wd%20-2.171205%200%200%20%3B" /><annotation id="293" key="__snapshot__" value="0" /><add id="98" objectId="98" parentObjId="" parentObjType="" what="plugin_data"><plugin_data data="1324753:1336672" id="98" /></add></action><action date="2009-06-18 14:58:40" id="100" prevId="79" prune="1" session="0" user="stevec"><annotation id="294" key="__description__" value="move " /><annotation id="295" key="__details__" value="move%20-r%20-ls%20-wd%20-0.0578847%200%200%20%3B" /><annotation id="296" key="__snapshot__" value="0" /><add id="99" objectId="99" parentObjId="" parentObjType="" what="plugin_data"><plugin_data data="1336672:1348589" id="99" /></add></action><action date="2009-06-18 14:58:43" id="101" prevId="100" prune="1" session="0" user="stevec"><annotation id="297" key="__description__" value="move " /><annotation id="298" key="__details__" value="move%20-r%20-ls%20-wd%20-0.441568%200%200%20%3B" /><annotation id="299" key="__snapshot__" value="0" /><add id="100" objectId="100" parentObjId="" parentObjType="" what="plugin_data"><plugin_data data="1348589:1360506" id="100" /></add></action><action date="2009-06-18 14:58:55" id="102" prevId="81" prune="1" session="0" user="stevec"><annotation id="300" key="__description__" value="move " /><annotation id="301" key="__details__" value="move%20-r%20-ls%20-wd%200.260023%200%200%20%3B" /><annotation id="302" key="__snapshot__" value="0" /><add id="101" objectId="101" parentObjId="" parentObjType="" what="plugin_data"><plugin_data data="1360506:1372424" id="101" /></add></action><action date="2009-06-18 14:59:05" id="103" prevId="81" prune="0" session="0" user="stevec"><annotation id="303" key="__description__" value="SetKey" /><annotation id="304" key="__details__" value="setKeyframe%20-breakdown%200%20-hierarchy%20none%20-controlPoints%200%20-shape%200%20%7B%22car%22%7D%3B" /><annotation id="305" key="__snapshot__" value="0" /><add id="102" objectId="102" parentObjId="" parentObjType="" what="plugin_data"><plugin_data data="1372424:1392060" id="102" /></add></action><action date="2009-06-18 14:59:11" id="104" prevId="103" prune="0" session="0" user="stevec"><annotation id="306" key="__description__" value="setMaxPlayback " /><annotation id="307" key="__snapshot__" value="0" /><add id="103" objectId="103" parentObjId="" parentObjType="" what="plugin_data"><plugin_data data="1392060:1404002" id="103" /></add></action><action date="2009-06-18 14:59:19" id="105" prevId="104" prune="0" session="0" user="stevec"><annotation id="308" key="__description__" value="move " /><annotation id="309" key="__details__" value="move%20-r%20-ls%20-wd%2014.416793%200%200%20%3B" /><annotation id="310" key="__snapshot__" value="0" /><add id="104" objectId="104" parentObjId="" parentObjType="" what="plugin_data"><plugin_data data="1404002:1415919" id="104" /></add></action><action date="2009-06-18 14:59:27" id="106" prevId="105" prune="0" session="0" user="stevec"><annotation id="311" key="__description__" value="move " /><annotation id="312" key="__details__" value="move%20-r%20-ls%20-wd%2013.232312%200%200%20%3B" /><annotation id="313" key="__snapshot__" value="0" /><add id="105" objectId="105" parentObjId="" parentObjType="" what="plugin_data"><plugin_data data="1415919:1427933" id="105" /></add></action><action date="2009-06-18 14:59:28" id="107" prevId="106" prune="0" session="0" user="stevec"><annotation id="314" key="__description__" value="SetKey" /><annotation id="315" key="__details__" value="setKeyframe%20-breakdown%200%20%7Ccar.translate%3B%0AsetKeyframe%20-breakdown%200%20-hierarchy%20none%20-controlPoints%200%20-shape%200%20%7B%22car%22%7D%3B" /><annotation id="316" key="__snapshot__" value="0" /><add id="106" objectId="106" parentObjId="" parentObjType="" what="plugin_data"><plugin_data data="1427933:1441523" id="106" /></add></action><action date="2009-06-18 14:59:35" id="108" prevId="107" prune="0" session="0" user="stevec"><annotation id="317" key="__description__" value="Snapshot" /><annotation id="318" key="__snapshot__" value="1" /><annotation id="326" key="__notes__" value="&lt;!DOCTYPE HTML PUBLIC &quot;-//W3C//DTD HTML 4.0//EN&quot; &quot;http://www.w3.org/TR/REC-html40/strict.dtd&quot;&gt;
&lt;html&gt;&lt;head&gt;&lt;meta name=&quot;qrichtext&quot; content=&quot;1&quot; /&gt;&lt;style type=&quot;text/css&quot;&gt;
p, li { white-space: pre-wrap; }
&lt;/style&gt;&lt;/head&gt;&lt;body style=&quot; font-family:&apos;Arial&apos;; font-size:11pt; font-weight:400; font-style:normal;&quot;&gt;
&lt;p style=&quot; margin-top:0px; margin-bottom:0px; margin-left:0px; margin-right:0px; -qt-block-indent:0; text-indent:0px;&quot;&gt; simple animation is created with two keyframes that translate the car in the X axis&lt;/p&gt;&lt;/body&gt;&lt;/html&gt;" /><add id="107" objectId="107" parentObjId="" parentObjType="" what="plugin_data"><plugin_data data="1441523:1453522" id="107" /></add></action><tag id="54" name="Car Body" /><tag id="13" name="Car Tires" /><tag id="56" name="Car Groups" /><tag id="73" name="Car Drives Tires" /><tag id="76" name="Translate and Rotate Driven Key" /><tag id="79" name="Extend Animation Curves " /><tag id="108" name="Keyframe Animation" /><annotation id="0" key="__get_plugin_app_info__" value="maya" /><annotation id="1" key="__get_plugin_version_info__" value="2009" /></vistrail>