<vistrail id="" name="" version="0.9.3" xmlns:xsi="http://www.w3.org/2001/XMLSchema-instance" xsi:schemaLocation="http://www.vistrails.org/vistrail.xsd"><action date="2009-07-01 16:19:15" id="1" prevId="0" prune="0" session="0" user="stevec"><annotation id="2" key="__description__" value="CreatePolygonCylinder" /><annotation id="3" key="__details__" value="CreatePolygonCylinder%3B%0ApolyCylinder%20-r%201%20-h%202.1%20-sx%2030%20-sy%205%20-sz%2032%20-ax%201%200%200%20-rcp%200%20-cuv%203%20-ch%201%3B" /><annotation id="4" key="__snapshot__" value="0" /><add id="0" objectId="0" parentObjId="" parentObjType="" what="plugin_data"><plugin_data data="0:263424" id="0" /></add></action><action date="2009-07-01 16:19:21" id="2" prevId="1" prune="1" session="0" user="stevec"><annotation id="5" key="__description__" value="setAttr " /><annotation id="6" key="__details__" value="setAttr%20%22pCylinder1.rotateX%22%2090%3B" /><annotation id="7" key="__snapshot__" value="0" /><add id="1" objectId="1" parentObjId="" parentObjType="" what="plugin_data"><plugin_data data="263424:275286" id="1" /></add></action><action date="2009-07-01 16:19:28" id="3" prevId="1" prune="1" session="0" user="stevec"><annotation id="8" key="__description__" value="setAttr " /><annotation id="9" key="__details__" value="setAttr%20%22pCylinder1.rotateY%22%2090%3B" /><annotation id="10" key="__snapshot__" value="0" /><add id="2" objectId="2" parentObjId="" parentObjType="" what="plugin_data"><plugin_data data="275286:287168" id="2" /></add></action><action date="2009-07-01 16:19:31" id="4" prevId="3" prune="1" session="0" user="stevec"><annotation id="11" key="__description__" value="setAttr " /><annotation id="12" key="__details__" value="setAttr%20%22pCylinder1.rotateZ%22%2090%3B" /><annotation id="13" key="__snapshot__" value="0" /><add id="3" objectId="3" parentObjId="" parentObjType="" what="plugin_data"><plugin_data data="287168:299050" id="3" /></add></action><action date="2009-07-01 16:19:35" id="5" prevId="1" prune="0" session="0" user="stevec"><annotation id="14" key="__description__" value="setAttr " /><annotation id="15" key="__details__" value="setAttr%20%22pCylinder1.rotateZ%22%2090%3B" /><annotation id="16" key="__snapshot__" value="0" /><add id="4" objectId="4" parentObjId="" parentObjType="" what="plugin_data"><plugin_data data="299050:310932" id="4" /></add></action><action date="2009-07-01 16:19:45" id="6" prevId="5" prune="0" session="0" user="stevec"><annotation id="17" key="__description__" value="scale " /><annotation id="18" key="__details__" value="scale%20-r%203.6904%203.6904%203.6904%20%3B" /><annotation id="19" key="__snapshot__" value="0" /><add id="5" objectId="5" parentObjId="" parentObjType="" what="plugin_data"><plugin_data data="310932:323220" id="5" /></add></action><action date="2009-07-01 16:19:51" id="7" prevId="6" prune="0" session="0" user="stevec"><annotation id="20" key="__description__" value="scale " /><annotation id="21" key="__details__" value="scale%20-r%200.0564563%201%201%20%3B" /><annotation id="22" key="__snapshot__" value="0" /><add id="6" objectId="6" parentObjId="" parentObjType="" what="plugin_data"><plugin_data data="323220:335459" id="6" /></add></action><action date="2009-07-01 16:19:59" id="8" prevId="7" prune="0" session="0" user="stevec"><annotation id="23" key="__description__" value="move " /><annotation id="24" key="__details__" value="move%20-r%20-os%20-wd%204.929877%200%200%20%3B" /><annotation id="25" key="__snapshot__" value="0" /><add id="7" objectId="7" parentObjId="" parentObjType="" what="plugin_data"><plugin_data data="335459:348640" id="7" /></add></action><action date="2009-07-01 16:20:05" id="9" prevId="8" prune="0" session="0" user="stevec"><annotation id="26" key="__description__" value="move " /><annotation id="27" key="__details__" value="move%20-r%20-os%20-wd%20-0.634041%200%200%20%3B" /><annotation id="28" key="__snapshot__" value="0" /><add id="8" objectId="8" parentObjId="" parentObjType="" what="plugin_data"><plugin_data data="348640:361654" id="8" /></add></action><action date="2009-07-01 16:20:08" id="10" prevId="9" prune="0" session="0" user="stevec"><annotation id="29" key="__description__" value="CreatePolygonCube" /><annotation id="30" key="__details__" value="CreatePolygonCube%3B%0ApolyCube%20-w%201%20-h%201%20-d%201%20-sx%201%20-sy%201%20-sz%201%20-ax%200%201%200%20-cuv%204%20-ch%201%3B" /><annotation id="31" key="__snapshot__" value="0" /><add id="9" objectId="9" parentObjId="" parentObjType="" what="plugin_data"><plugin_data data="361654:377942" id="9" /></add></action><action date="2009-07-01 16:20:13" id="11" prevId="10" prune="0" session="0" user="stevec"><annotation id="32" key="__description__" value="scale " /><annotation id="33" key="__details__" value="scale%20-r%201%202.987359%201%20%3B" /><annotation id="34" key="__snapshot__" value="0" /><add id="10" objectId="10" parentObjId="" parentObjType="" what="plugin_data"><plugin_data data="377942:389803" id="10" /></add></action><action date="2009-07-01 16:20:16" id="12" prevId="11" prune="0" session="0" user="stevec"><annotation id="35" key="__description__" value="scale " /><annotation id="36" key="__details__" value="scale%20-r%201%202.134656%201%20%3B" /><annotation id="37" key="__snapshot__" value="0" /><add id="11" objectId="11" parentObjId="" parentObjType="" what="plugin_data"><plugin_data data="389803:401664" id="11" /></add></action><action date="2009-07-01 16:20:19" id="13" prevId="12" prune="0" session="0" user="stevec"><annotation id="38" key="__description__" value="scale " /><annotation id="39" key="__details__" value="scale%20-r%201%200.685375%201%20%3B" /><annotation id="40" key="__snapshot__" value="0" /><add id="12" objectId="12" parentObjId="" parentObjType="" what="plugin_data"><plugin_data data="401664:414470" id="12" /></add></action><action date="2009-07-01 16:20:37" id="14" prevId="13" prune="0" session="0" user="stevec"><annotation id="41" key="__description__" value="scale " /><annotation id="42" key="__details__" value="scale%20-r%20-p%200cm%202.185311cm%200cm%200.740979%200.740979%200.740979%20%3B" /><annotation id="43" key="__snapshot__" value="0" /><add id="13" objectId="13" parentObjId="" parentObjType="" what="plugin_data"><plugin_data data="414470:427033" id="13" /></add></action><action date="2009-07-01 16:20:43" id="15" prevId="14" prune="0" session="0" user="stevec"><annotation id="44" key="__description__" value="scale " /><annotation id="45" key="__details__" value="scale%20-r%20-p%200cm%20-2.185311cm%200cm%200.450208%200.450208%200.450208%20%3B" /><annotation id="46" key="__snapshot__" value="0" /><add id="14" objectId="14" parentObjId="" parentObjType="" what="plugin_data"><plugin_data data="427033:439615" id="14" /></add></action><action date="2009-07-01 16:20:49" id="16" prevId="15" prune="0" session="0" user="stevec"><annotation id="47" key="__description__" value="move " /><annotation id="48" key="__details__" value="move%20-r%20-os%20-wd%200%201.933646%200%20%3B" /><annotation id="49" key="__snapshot__" value="0" /><add id="15" objectId="15" parentObjId="" parentObjType="" what="plugin_data"><plugin_data data="439615:451476" id="15" /></add></action><action date="2009-07-01 16:20:57" id="17" prevId="16" prune="0" session="0" user="stevec"><annotation id="50" key="__description__" value="move " /><annotation id="51" key="__details__" value="move%20-r%20-os%20-wd%200%200.154877%200%20%3B" /><annotation id="52" key="__snapshot__" value="0" /><add id="16" objectId="16" parentObjId="" parentObjType="" what="plugin_data"><plugin_data data="451476:464768" id="16" /></add></action><action date="2009-07-01 16:21:06" id="18" prevId="17" prune="0" session="0" user="stevec"><annotation id="53" key="__description__" value="Duplicate" /><annotation id="54" key="__details__" value="duplicate%20-rr%3B%0A//%20Result%3A%20pCube2%20//" /><annotation id="55" key="__snapshot__" value="0" /><add id="17" objectId="17" parentObjId="" parentObjType="" what="plugin_data"><plugin_data data="464768:484523" id="17" /></add></action><action date="2009-07-01 16:21:13" id="19" prevId="18" prune="0" session="0" user="stevec"><annotation id="56" key="__description__" value="move " /><annotation id="57" key="__details__" value="move%20-r%20-os%20-wd%202.627423%200%200%20%3B" /><annotation id="58" key="__snapshot__" value="0" /><add id="18" objectId="18" parentObjId="" parentObjType="" what="plugin_data"><plugin_data data="484523:496509" id="18" /></add></action><action date="2009-07-01 16:21:15" id="20" prevId="19" prune="0" session="0" user="stevec"><annotation id="59" key="__description__" value="Duplicate" /><annotation id="60" key="__details__" value="duplicate%20-rr%3B%0A//%20Result%3A%20pCube3%20//" /><annotation id="61" key="__snapshot__" value="0" /><add id="19" objectId="19" parentObjId="" parentObjType="" what="plugin_data"><plugin_data data="496509:515321" id="19" /></add></action><action date="2009-07-01 16:21:18" id="21" prevId="20" prune="0" session="0" user="stevec"><annotation id="62" key="__description__" value="move " /><annotation id="63" key="__details__" value="move%20-r%20-os%20-wd%200%200%203.036876%20%3B" /><annotation id="64" key="__snapshot__" value="0" /><add id="20" objectId="20" parentObjId="" parentObjType="" what="plugin_data"><plugin_data data="515321:527307" id="20" /></add></action><action date="2009-07-01 16:21:19" id="22" prevId="21" prune="0" session="0" user="stevec"><annotation id="65" key="__description__" value="Duplicate" /><annotation id="66" key="__details__" value="duplicate%20-rr%3B%0A//%20Result%3A%20pCube4%20//" /><annotation id="67" key="__snapshot__" value="0" /><add id="21" objectId="21" parentObjId="" parentObjType="" what="plugin_data"><plugin_data data="527307:546119" id="21" /></add></action><action date="2009-07-01 16:21:22" id="23" prevId="22" prune="0" session="0" user="stevec"><annotation id="68" key="__description__" value="move " /><annotation id="69" key="__details__" value="move%20-r%20-os%20-wd%200%200%20-2.670037%20%3B" /><annotation id="70" key="__snapshot__" value="0" /><add id="22" objectId="22" parentObjId="" parentObjType="" what="plugin_data"><plugin_data data="546119:558106" id="22" /></add></action><action date="2009-07-01 16:21:24" id="24" prevId="23" prune="0" session="0" user="stevec"><annotation id="71" key="__description__" value="move " /><annotation id="72" key="__details__" value="move%20-r%20-os%20-wd%20-2.614546%200%200%20%3B" /><annotation id="73" key="__snapshot__" value="0" /><add id="23" objectId="23" parentObjId="" parentObjType="" what="plugin_data"><plugin_data data="558106:570093" id="23" /></add></action><action date="2009-07-01 16:21:33" id="25" prevId="24" prune="0" session="0" user="stevec"><annotation id="74" key="__description__" value="setAttr " /><annotation id="75" key="__details__" value="setAttr%20%22pCube1.translateY%22%202%3B" /><annotation id="76" key="__snapshot__" value="0" /><add id="24" objectId="24" parentObjId="" parentObjType="" what="plugin_data"><plugin_data data="570093:582885" id="24" /></add></action><action date="2009-07-01 16:21:41" id="26" prevId="25" prune="0" session="0" user="stevec"><annotation id="77" key="__description__" value="setAttr " /><annotation id="78" key="__details__" value="setAttr%20%22pCube2.translateY%22%202%3B" /><annotation id="79" key="__snapshot__" value="0" /><add id="25" objectId="25" parentObjId="" parentObjType="" what="plugin_data"><plugin_data data="582885:594729" id="25" /></add></action><action date="2009-07-01 16:21:44" id="27" prevId="26" prune="0" session="0" user="stevec"><annotation id="80" key="__description__" value="setAttr " /><annotation id="81" key="__details__" value="setAttr%20%22pCube2.translateX%22%202.6%3B" /><annotation id="82" key="__snapshot__" value="0" /><add id="26" objectId="26" parentObjId="" parentObjType="" what="plugin_data"><plugin_data data="594729:606575" id="26" /></add></action><action date="2009-07-01 16:21:48" id="28" prevId="27" prune="0" session="0" user="stevec"><annotation id="83" key="__description__" value="setAttr " /><annotation id="84" key="__details__" value="setAttr%20%22pCube1.translateX%22%20-2.6%3B" /><annotation id="85" key="__snapshot__" value="0" /><add id="27" objectId="27" parentObjId="" parentObjType="" what="plugin_data"><plugin_data data="606575:618422" id="27" /></add></action><action date="2009-07-01 16:21:53" id="29" prevId="28" prune="0" session="0" user="stevec"><annotation id="86" key="__description__" value="setAttr " /><annotation id="87" key="__details__" value="setAttr%20%22pCube3.translateZ%22%203.6%3B" /><annotation id="88" key="__snapshot__" value="0" /><add id="28" objectId="28" parentObjId="" parentObjType="" what="plugin_data"><plugin_data data="618422:630268" id="28" /></add></action><action date="2009-07-01 16:21:56" id="30" prevId="29" prune="0" session="0" user="stevec"><annotation id="89" key="__description__" value="setAttr " /><annotation id="90" key="__details__" value="setAttr%20%22pCube3.translateZ%22%202.6%3B" /><annotation id="91" key="__snapshot__" value="0" /><add id="29" objectId="29" parentObjId="" parentObjType="" what="plugin_data"><plugin_data data="630268:642114" id="29" /></add></action><action date="2009-07-01 16:22:02" id="31" prevId="30" prune="0" session="0" user="stevec"><annotation id="92" key="__description__" value="setAttr " /><annotation id="93" key="__details__" value="setAttr%20%22pCube4.translateZ%22%20-2.6%3B" /><annotation id="94" key="__snapshot__" value="0" /><annotation id="149" key="__notes__" value="&lt;!DOCTYPE HTML PUBLIC &quot;-//W3C//DTD HTML 4.0//EN&quot; &quot;http://www.w3.org/TR/REC-html40/strict.dtd&quot;&gt;
&lt;html&gt;&lt;head&gt;&lt;meta name=&quot;qrichtext&quot; content=&quot;1&quot; /&gt;&lt;style type=&quot;text/css&quot;&gt;
p, li { white-space: pre-wrap; }
&lt;/style&gt;&lt;/head&gt;&lt;body style=&quot; font-family:&apos;Arial&apos;; font-size:8pt; font-weight:600; font-style:normal;&quot;&gt;
&lt;p style=&quot; margin-top:0px; margin-bottom:0px; margin-left:0px; margin-right:0px; -qt-block-indent:0; text-indent:0px;&quot;&gt;Create a simple table with a polyCylinder and four polyCubes&lt;/p&gt;&lt;/body&gt;&lt;/html&gt;" /><add id="30" objectId="30" parentObjId="" parentObjType="" what="plugin_data"><plugin_data data="642114:654951" id="30" /></add></action><action date="2009-07-01 16:22:15" id="32" prevId="31" prune="0" session="0" user="stevec"><annotation id="95" key="__description__" value="CreatePolygonPlane" /><annotation id="96" key="__details__" value="CreatePolygonPlane%3B%0ApolyPlane%20-w%201%20-h%201%20-sx%2010%20-sy%2010%20-ax%201%200%200%20-cuv%202%20-ch%201%3B" /><annotation id="97" key="__snapshot__" value="0" /><add id="31" objectId="31" parentObjId="" parentObjType="" what="plugin_data"><plugin_data data="654951:684953" id="31" /></add></action><action date="2009-07-01 16:22:22" id="33" prevId="32" prune="0" session="0" user="stevec"><annotation id="98" key="__description__" value="setAttr " /><annotation id="99" key="__details__" value="setAttr%20%22pPlane1.rotateZ%22%2090%3B" /><annotation id="100" key="__snapshot__" value="0" /><add id="32" objectId="32" parentObjId="" parentObjType="" what="plugin_data"><plugin_data data="684953:696803" id="32" /></add></action><action date="2009-07-01 16:22:31" id="34" prevId="33" prune="0" session="0" user="stevec"><annotation id="101" key="__description__" value="scale " /><annotation id="102" key="__details__" value="scale%20-r%2010.740211%2010.740211%2010.740211%20%3B" /><annotation id="103" key="__snapshot__" value="0" /><add id="33" objectId="33" parentObjId="" parentObjType="" what="plugin_data"><plugin_data data="696803:708719" id="33" /></add></action><action date="2009-07-01 16:22:33" id="35" prevId="34" prune="0" session="0" user="stevec"><annotation id="104" key="__description__" value="scale " /><annotation id="105" key="__details__" value="scale%20-r%201.227064%201%201%20%3B" /><annotation id="106" key="__snapshot__" value="0" /><add id="34" objectId="34" parentObjId="" parentObjType="" what="plugin_data"><plugin_data data="708719:720583" id="34" /></add></action><action date="2009-07-01 16:22:37" id="36" prevId="35" prune="0" session="0" user="stevec"><annotation id="107" key="__description__" value="move " /><annotation id="108" key="__details__" value="move%20-r%20-os%20-wd%205.022097%200%200%20%3B" /><annotation id="109" key="__snapshot__" value="0" /><add id="35" objectId="35" parentObjId="" parentObjType="" what="plugin_data"><plugin_data data="720583:732583" id="35" /></add></action><action date="2009-07-01 16:22:42" id="37" prevId="36" prune="0" session="0" user="stevec"><annotation id="110" key="__description__" value="move " /><annotation id="111" key="__details__" value="move%20-r%20-os%20-wd%20-0.201428%200%200%20%3B" /><annotation id="112" key="__snapshot__" value="0" /><add id="36" objectId="36" parentObjId="" parentObjType="" what="plugin_data"><plugin_data data="732583:745548" id="36" /></add></action><action date="2009-07-01 16:23:08" id="38" prevId="37" prune="0" session="0" user="stevec"><annotation id="113" key="__description__" value="setAttr " /><annotation id="114" key="__details__" value="setAttr%20%22polyPlane1.subdivisionsWidth%22%2020%3B" /><annotation id="115" key="__snapshot__" value="0" /><add id="37" objectId="37" parentObjId="" parentObjType="" what="plugin_data"><plugin_data data="745548:758930" id="37" /></add></action><action date="2009-07-01 16:23:10" id="39" prevId="38" prune="0" session="0" user="stevec"><annotation id="116" key="__description__" value="setAttr " /><annotation id="117" key="__details__" value="setAttr%20%22polyPlane1.subdivisionsHeight%22%2020%3B" /><annotation id="118" key="__snapshot__" value="0" /><annotation id="150" key="__notes__" value="&lt;!DOCTYPE HTML PUBLIC &quot;-//W3C//DTD HTML 4.0//EN&quot; &quot;http://www.w3.org/TR/REC-html40/strict.dtd&quot;&gt;
&lt;html&gt;&lt;head&gt;&lt;meta name=&quot;qrichtext&quot; content=&quot;1&quot; /&gt;&lt;style type=&quot;text/css&quot;&gt;
p, li { white-space: pre-wrap; }
&lt;/style&gt;&lt;/head&gt;&lt;body style=&quot; font-family:&apos;Arial&apos;; font-size:8pt; font-weight:600; font-style:normal;&quot;&gt;
&lt;p style=&quot; margin-top:0px; margin-bottom:0px; margin-left:0px; margin-right:0px; -qt-block-indent:0; text-indent:0px;&quot;&gt;Create a polyPlane to be used as a cloth.  This is placed directly over the table&lt;/p&gt;&lt;/body&gt;&lt;/html&gt;" /><add id="38" objectId="38" parentObjId="" parentObjType="" what="plugin_data"><plugin_data data="758930:770800" id="38" /></add></action><action date="2009-07-01 16:23:35" id="40" prevId="39" prune="0" session="0" user="stevec"><annotation id="119" key="__description__" value="CombinePolygons" /><annotation id="120" key="__details__" value="polyUnite%20-ch%201%20pCylinder1%20pCube1%20pCube4%20pCube3%20pCube2%3B" /><annotation id="121" key="__snapshot__" value="0" /><add id="39" objectId="39" parentObjId="" parentObjType="" what="plugin_data"><plugin_data data="770800:1058442" id="39" /></add></action><action date="2009-07-01 16:23:43" id="41" prevId="40" prune="0" session="0" user="stevec"><annotation id="122" key="__description__" value="nClothMakeCollide" /><annotation id="123" key="__details__" value="makeCollideNCloth%3B" /><annotation id="124" key="__snapshot__" value="0" /><add id="40" objectId="40" parentObjId="" parentObjType="" what="plugin_data"><plugin_data data="1058442:1077356" id="40" /></add></action><action date="2009-07-01 16:23:51" id="42" prevId="41" prune="0" session="0" user="stevec"><annotation id="125" key="__description__" value="move " /><annotation id="126" key="__details__" value="move%20-r%20-os%20-wd%20-0.182535%200%200%20%3B" /><annotation id="127" key="__snapshot__" value="0" /><add id="41" objectId="41" parentObjId="" parentObjType="" what="plugin_data"><plugin_data data="1077356:1090350" id="41" /></add></action><action date="2009-07-01 16:23:56" id="43" prevId="42" prune="0" session="0" user="stevec"><annotation id="128" key="__description__" value="nClothCreate" /><annotation id="129" key="__details__" value="createNCloth%200%3B%0Asets%20-e%20-forceElement%20initialShadingGroup%3B" /><annotation id="130" key="__snapshot__" value="0" /><add id="42" objectId="42" parentObjId="" parentObjType="" what="plugin_data"><plugin_data data="1090350:1161339" id="42" /></add></action><action date="2009-07-01 16:24:14" id="44" prevId="43" prune="0" session="0" user="stevec"><annotation id="131" key="__description__" value="playbackOptions " /><annotation id="132" key="__snapshot__" value="0" /><annotation id="151" key="__notes__" value="&lt;!DOCTYPE HTML PUBLIC &quot;-//W3C//DTD HTML 4.0//EN&quot; &quot;http://www.w3.org/TR/REC-html40/strict.dtd&quot;&gt;
&lt;html&gt;&lt;head&gt;&lt;meta name=&quot;qrichtext&quot; content=&quot;1&quot; /&gt;&lt;style type=&quot;text/css&quot;&gt;
p, li { white-space: pre-wrap; }
&lt;/style&gt;&lt;/head&gt;&lt;body style=&quot; font-family:&apos;Arial&apos;; font-size:8pt; font-weight:600; font-style:normal;&quot;&gt;
&lt;p style=&quot; margin-top:0px; margin-bottom:0px; margin-left:0px; margin-right:0px; -qt-block-indent:0; text-indent:0px;&quot;&gt;Assign the table geometry to be a passive collider (nMesh-&amp;gt;Create Passive Collider).  Then assign the cloth to be an nCloth (nMesh-&amp;gt;Create nCloth).&lt;/p&gt;&lt;/body&gt;&lt;/html&gt;" /><add id="43" objectId="43" parentObjId="" parentObjType="" what="plugin_data"><plugin_data data="1161339:1174261" id="43" /></add></action><action date="2009-07-01 16:24:21" id="45" prevId="44" prune="0" session="0" user="stevec"><annotation id="133" key="__description__" value="setMaxPlayback " /><annotation id="134" key="__details__" value="currentTime%2021%20%3B" /><annotation id="135" key="__snapshot__" value="0" /><add id="44" objectId="44" parentObjId="" parentObjType="" what="plugin_data"><plugin_data data="1174261:1186406" id="44" /></add></action><action date="2009-07-01 16:25:06" id="46" prevId="45" prune="0" session="0" user="stevec"><annotation id="136" key="__description__" value="setAttr " /><annotation id="137" key="__details__" value="setAttr%20%22nClothShape1.bendResistance%22%200.5%3B" /><annotation id="138" key="__snapshot__" value="0" /><add id="45" objectId="45" parentObjId="" parentObjType="" what="plugin_data"><plugin_data data="1186406:1198410" id="45" /></add></action><action date="2009-07-01 16:25:18" id="47" prevId="46" prune="0" session="0" user="stevec"><annotation id="139" key="__description__" value="setAttr " /><annotation id="140" key="__details__" value="setAttr%20%22nClothShape1.bendResistance%22%200.01%3B" /><annotation id="141" key="__snapshot__" value="0" /><add id="46" objectId="46" parentObjId="" parentObjType="" what="plugin_data"><plugin_data data="1198410:1210432" id="46" /></add></action><action date="2009-07-01 16:25:36" id="48" prevId="47" prune="0" session="0" user="stevec"><annotation id="142" key="__description__" value="setnSolverStartState" /><annotation id="143" key="__details__" value="nBase%20-e%20-stuffStart%20nClothShape1%3B" /><annotation id="144" key="__snapshot__" value="0" /><add id="47" objectId="47" parentObjId="" parentObjType="" what="plugin_data"><plugin_data data="1210432:1222265" id="47" /></add></action><action date="2009-07-01 16:25:36" id="49" prevId="48" prune="0" session="0" user="stevec"><annotation id="145" key="__description__" value="setNClothStartState" /><annotation id="146" key="__snapshot__" value="0" /><annotation id="153" key="__notes__" value="&lt;!DOCTYPE HTML PUBLIC &quot;-//W3C//DTD HTML 4.0//EN&quot; &quot;http://www.w3.org/TR/REC-html40/strict.dtd&quot;&gt;
&lt;html&gt;&lt;head&gt;&lt;meta name=&quot;qrichtext&quot; content=&quot;1&quot; /&gt;&lt;style type=&quot;text/css&quot;&gt;
p, li { white-space: pre-wrap; }
&lt;/style&gt;&lt;/head&gt;&lt;body style=&quot; font-family:&apos;Arial&apos;; font-size:8pt; font-weight:600; font-style:normal;&quot;&gt;
&lt;p style=&quot; margin-top:0px; margin-bottom:0px; margin-left:0px; margin-right:0px; -qt-block-indent:0; text-indent:0px;&quot;&gt;Adjust the nCloth parameters in the nClothShape1 object to your liking (in this case the Bend Resistance was reduced).  Then play through the animation and when it looks like a table cloth in resting state, stop the animation, select the cloth geometry, and set the initial state (nSolver-&amp;gt;Initial State-&amp;gt;Set From Current).&lt;/p&gt;&lt;/body&gt;&lt;/html&gt;" /><add id="48" objectId="48" parentObjId="" parentObjType="" what="plugin_data"><plugin_data data="1222265:1290294" id="48" /></add></action><action date="2009-07-01 16:25:47" id="50" prevId="49" prune="1" session="0" user="stevec"><annotation id="147" key="__description__" value="Snapshot" /><annotation id="148" key="__snapshot__" value="1" /><add id="49" objectId="49" parentObjId="" parentObjType="" what="plugin_data"><plugin_data data="1290294:1302245" id="49" /></add></action><tag id="44" name="Setup Dynamics" /><tag id="39" name="Cloth  Geometry" /><tag id="31" name="Table Geometry " /><tag id="49" name="Cloth Simulation" /><annotation id="0" key="__get_plugin_app_info__" value="maya" /><annotation id="1" key="__get_plugin_version_info__" value="2009" /></vistrail>