<workflow id="0" name="untitled" version="1.0.3" vistrail_id="" xmlns:xsi="http://www.w3.org/2001/XMLSchema-instance" xsi:schemaLocation="http://www.vistrails.org/workflow.xsd">
  <connection id="0">
    <port id="0" moduleId="0" moduleName="HTTPFile" name="file" signature="(edu.utah.sci.vistrails.basic:File)" type="source" />
    <port id="1" moduleId="1" moduleName="vtkStructuredPointsReader" name="SetFile" signature="(edu.utah.sci.vistrails.basic:File)" type="destination" />
  </connection>
  <connection id="1">
    <port id="2" moduleId="5" moduleName="vtkRenderer" name="self" signature="(edu.utah.sci.vistrails.vtk:vtkRenderer)" type="source" />
    <port id="3" moduleId="6" moduleName="VTKCell" name="AddRenderer" signature="(edu.utah.sci.vistrails.vtk:vtkRenderer)" type="destination" />
  </connection>
  <connection id="2">
    <port id="4" moduleId="4" moduleName="vtkActor" name="self" signature="(edu.utah.sci.vistrails.vtk:vtkActor)" type="source" />
    <port id="5" moduleId="5" moduleName="vtkRenderer" name="AddActor" signature="(edu.utah.sci.vistrails.vtk:vtkProp)" type="destination" />
  </connection>
  <connection id="3">
    <port id="6" moduleId="3" moduleName="vtkDataSetMapper" name="self" signature="(edu.utah.sci.vistrails.vtk:vtkDataSetMapper)" type="source" />
    <port id="7" moduleId="4" moduleName="vtkActor" name="SetMapper" signature="(edu.utah.sci.vistrails.vtk:vtkMapper)" type="destination" />
  </connection>
  <connection id="4">
    <port id="8" moduleId="2" moduleName="vtkContourFilter" name="GetOutputPort0" signature="(edu.utah.sci.vistrails.vtk:vtkAlgorithmOutput)" type="source" />
    <port id="9" moduleId="3" moduleName="vtkDataSetMapper" name="SetInputConnection0" signature="(edu.utah.sci.vistrails.vtk:vtkAlgorithmOutput)" type="destination" />
  </connection>
  <connection id="5">
    <port id="10" moduleId="1" moduleName="vtkStructuredPointsReader" name="GetOutputPort0" signature="(edu.utah.sci.vistrails.vtk:vtkAlgorithmOutput)" type="source" />
    <port id="11" moduleId="2" moduleName="vtkContourFilter" name="SetInputConnection0" signature="(edu.utah.sci.vistrails.vtk:vtkAlgorithmOutput)" type="destination" />
  </connection>
  <connection id="6">
    <port id="12" moduleId="7" moduleName="vtkCamera" name="self" signature="(edu.utah.sci.vistrails.vtk:vtkCamera)" type="source" />
    <port id="13" moduleId="5" moduleName="vtkRenderer" name="SetActiveCamera" signature="(edu.utah.sci.vistrails.vtk:vtkCamera)" type="destination" />
  </connection>
  <connection id="8">
    <port id="17" moduleId="11" moduleName="MplFigureCell" name="FigureManager" signature="(edu.utah.sci.vistrails.matplotlib:MplFigureManager)" type="destination" />
    <port id="16" moduleId="10" moduleName="MplFigure" name="FigureManager" signature="(edu.utah.sci.vistrails.matplotlib:MplFigureManager)" type="source" />
  </connection>
  <connection id="9">
    <port id="19" moduleId="10" moduleName="MplFigure" name="Script" signature="(edu.utah.sci.vistrails.basic:String)" type="destination" />
    <port id="18" moduleId="12" moduleName="MplPlot" name="source" signature="(edu.utah.sci.vistrails.basic:String)" type="source" />
  </connection>
  <connection id="10">
    <port id="20" moduleId="1" moduleName="vtkStructuredPointsReader" name="self" signature="(edu.utah.sci.vistrails.vtk:vtkStructuredPointsReader)" type="source" />
    <port id="21" moduleId="12" moduleName="MplPlot" name="preader" signature="(edu.utah.sci.vistrails.vtk:vtkStructuredPointsReader)" type="destination" />
  </connection>
  <module cache="1" id="0" name="HTTPFile" namespace="" package="edu.utah.sci.vistrails.http" version="0.9.0">
    <location id="9" x="-8.18368955481" y="273.675614535" />
    <function id="0" name="url" pos="0">
      <parameter alias="" id="1" name="&lt;no description&gt;" pos="0" type="edu.utah.sci.vistrails.basic:String" val="http://www.vistrails.org/download/download.php?type=DATA&amp;id=head.120.vtk" />
    </function>
  </module>
  <module cache="1" id="1" name="vtkStructuredPointsReader" namespace="" package="edu.utah.sci.vistrails.vtk" version="0.9.3">
    <location id="17" x="-0.330928818609" y="170.804448891" />
  </module>
  <module cache="1" id="2" name="vtkContourFilter" namespace="" package="edu.utah.sci.vistrails.vtk" version="0.9.3">
    <location id="18" x="-11.3247938493" y="74.6798799751" />
    <function id="1" name="SetValue" pos="0">
      <parameter alias="" id="4" name="&lt;no description&gt;" pos="0" type="edu.utah.sci.vistrails.basic:Integer" val="0" />
      <parameter alias="" id="7" name="&lt;no description&gt;" pos="1" type="edu.utah.sci.vistrails.basic:Float" val="67" />
    </function>
  </module>
  <module cache="1" id="3" name="vtkDataSetMapper" namespace="" package="edu.utah.sci.vistrails.vtk" version="0.9.3">
    <location id="19" x="2.81017547587" y="-6.20355560777" />
    <function id="5" name="ScalarVisibilityOff" pos="0" />
  </module>
  <module cache="1" id="4" name="vtkActor" namespace="" package="edu.utah.sci.vistrails.vtk" version="0.9.3">
    <location id="20" x="80.5525067642" y="-111.430549473" />
  </module>
  <module cache="1" id="5" name="vtkRenderer" namespace="" package="edu.utah.sci.vistrails.vtk" version="0.9.3">
    <location id="7" x="-11.7791411043" y="-216.736196319" />
  </module>
  <module cache="1" id="6" name="VTKCell" namespace="" package="edu.utah.sci.vistrails.vtk" version="0.9.3">
    <location id="14" x="-14.2830714488" y="-323.749619507" />
  </module>
  <module cache="1" id="7" name="vtkCamera" namespace="" package="edu.utah.sci.vistrails.vtk" version="0.9.3">
    <location id="21" x="-105.226993865" y="-117.791411043" />
    <function id="2" name="SetViewUp" pos="0">
      <parameter alias="" id="8" name="&lt;no description&gt;" pos="0" type="edu.utah.sci.vistrails.basic:Float" val="0" />
      <parameter alias="" id="9" name="&lt;no description&gt;" pos="1" type="edu.utah.sci.vistrails.basic:Float" val="0" />
      <parameter alias="" id="10" name="&lt;no description&gt;" pos="2" type="edu.utah.sci.vistrails.basic:Float" val="-1" />
    </function>
    <function id="3" name="SetPosition" pos="1">
      <parameter alias="" id="11" name="&lt;no description&gt;" pos="0" type="edu.utah.sci.vistrails.basic:Float" val="745" />
      <parameter alias="" id="12" name="&lt;no description&gt;" pos="1" type="edu.utah.sci.vistrails.basic:Float" val="-453" />
      <parameter alias="" id="13" name="&lt;no description&gt;" pos="2" type="edu.utah.sci.vistrails.basic:Float" val="369" />
    </function>
    <function id="4" name="SetFocalPoint" pos="2">
      <parameter alias="" id="14" name="&lt;no description&gt;" pos="0" type="edu.utah.sci.vistrails.basic:Float" val="135" />
      <parameter alias="" id="15" name="&lt;no description&gt;" pos="1" type="edu.utah.sci.vistrails.basic:Float" val="135" />
      <parameter alias="" id="16" name="&lt;no description&gt;" pos="2" type="edu.utah.sci.vistrails.basic:Float" val="150" />
    </function>
  </module>
  <module cache="1" id="10" name="MplFigure" namespace="" package="edu.utah.sci.vistrails.matplotlib" version="0.9.0">
    <location id="32" x="-316.279684461" y="-56.8689224927" />
  </module>
  <module cache="1" id="11" name="MplFigureCell" namespace="" package="edu.utah.sci.vistrails.matplotlib" version="0.9.0">
    <location id="33" x="-307.550065825" y="-200.035700102" />
  </module>
  <module cache="1" id="12" name="MplPlot" namespace="" package="edu.utah.sci.vistrails.matplotlib" version="0.9.0">
    <location id="34" x="-314.635098756" y="86.7434137019" />
    <function id="8" name="source" pos="0">
      <parameter alias="" id="20" name="&lt;no description&gt;" pos="0" type="edu.utah.sci.vistrails.basic:String" val="vspr%20%3D%20self.getInputFromPort%28%27preader%27%29.vtkInstance%0Avspr.Update%28%29%0ApData%20%3D%20vspr.GetOutput%28%29.GetPointData%28%29%0ApScalars%20%3D%20pData.GetScalars%28%29%0A%0A%23%20vtkUnsignedCharArray%3A%3AGetPointer%20is%20not%20wrapped%20in%20Python%0A%23%20We%20have%20to%20loop%20through%20and%20collect%20the%20scalars%0Ascalars%20%3D%20%5BpScalars.GetValue%28i%29%20%0A%20%20%20%20%20%20%20%20%20%20%20for%20i%20in%20range%28pScalars.GetNumberOfTuples%28%29%29%5D%0A%0Ahist%28scalars%2C%20100%29" />
    </function>
    <portSpec id="1" maxConns="" minConns="" name="preader" optional="0" sortKey="-1" type="input">
      <portSpecItem default="" entryType="" id="1" label="" module="vtkStructuredPointsReader" namespace="" package="edu.utah.sci.vistrails.vtk" pos="0" values="" />
    </portSpec>
  </module>
</workflow>
