<workflow id="0" name="untitled" version="1.0.3" vistrail_id="" xmlns:xsi="http://www.w3.org/2001/XMLSchema-instance" xsi:schemaLocation="http://www.vistrails.org/workflow.xsd">
  <connection id="7">
    <port id="14" moduleId="9" moduleName="HTTPFile" name="file" signature="(edu.utah.sci.vistrails.basic:File)" type="source" />
    <port id="15" moduleId="8" moduleName="PythonSource" name="input" signature="(edu.utah.sci.vistrails.basic:File)" type="destination" />
  </connection>
  <module cache="1" id="8" name="PythonSource" namespace="" package="edu.utah.sci.vistrails.basic" version="1.6">
    <location id="28" x="-1.7763568394e-14" y="91.8773006135" />
    <function id="6" name="source" pos="0">
      <parameter alias="" id="305" name="&lt;no description&gt;" pos="0" type="edu.utah.sci.vistrails.basic:String" val="import%20vtk%0D%0Afrom%20packages.vtk.vtkcell%20import%20QVTKWidget%0D%0Afrom%20core.modules.module_registry%20import%20get_module_registry%0D%0Areg%20%3D%20get_module_registry%28%29%0D%0A%0Adata%20%3D%20vtk.vtkStructuredPointsReader%28%29%0Adata.SetFileName%28input.name%29%0A%0Acontour%20%3D%20vtk.vtkContourFilter%28%29%0Acontour.SetInput%280%2Cdata.GetOutput%28%29%29%0Acontour.SetValue%280%2C%2067%29%0A%0Amapper%20%3D%20vtk.vtkPolyDataMapper%28%29%0Amapper.SetInput%28contour.GetOutput%28%29%29%0Amapper.ScalarVisibilityOff%28%29%0A%0Aactor%20%3D%20vtk.vtkActor%28%29%0Aactor.SetMapper%28mapper%29%0A%0Acam%20%3D%20vtk.vtkCamera%28%29%0Acam.SetViewUp%280%2C0%2C-1%29%0Acam.SetPosition%28745%2C-453%2C369%29%0Acam.SetFocalPoint%28135%2C135%2C150%29%0Acam.ComputeViewPlaneNormal%28%29%0A%0Aren%20%3D%20vtk.vtkRenderer%28%29%0Aren.AddActor%28actor%29%0Aren.SetActiveCamera%28cam%29%0Aren.ResetCamera%28%29%0D%0A%0D%0A%23wrapping%20the%20object%20in%20a%20VisTrails%20module%20to%20send%20it%20to%20a%20VTKCell%0Avtren%20%3D%20reg.get_module_by_name%28%27edu.utah.sci.vistrails.vtk%27%2C%20%27vtkRenderer%27%29%28%29%0D%0Avtren.vtkInstance%20%3D%20ren%0D%0A%0D%0A%23%20Because%20of%20the%20way%20the%20VTK%20package%20manages%20renderwindows%2C%20we%20cannot%20use%20them%20%0D%0A%23%20directly.%20We%20will%20instantiate%20a%20VTKCell%20module%20and%20call%20displayAndWait%20directly.%0D%0A%23%20It%20would%20be%20better%20to%20create%20a%20output%20port%20with%20the%20renderer%20and%20connect%20it%0D%0A%23%20to%20the%20cell%20in%20the%20pipeline%20view.%20Just%20to%20keep%20everything%20inside%20the%20script%0D%0A%23%20we%20use%20this%20method.%0Acell%20%3D%20reg.get_module_by_name%28%27edu.utah.sci.vistrails.vtk%27%2C%20%27VTKCell%27%29%28%29%0D%0Acell.cellWidget%20%3D%20cell.displayAndWait%28QVTKWidget%2C%28%5Bvtren%5D%2C%20None%2C%20%5B%5D%2C%20None%2C%20None%29%29" />
    </function>
    <portSpec id="0" maxConns="" minConns="" name="input" optional="0" sortKey="0" type="input">
      <portSpecItem default="" entryType="" id="0" label="" module="File" namespace="" package="edu.utah.sci.vistrails.basic" pos="0" values="" />
    </portSpec>
  </module>
  <module cache="1" id="9" name="HTTPFile" namespace="" package="edu.utah.sci.vistrails.http" version="0.9.0">
    <location id="26" x="-14.9202453988" y="204.957055215" />
    <function id="7" name="url" pos="0">
      <parameter alias="" id="18" name="&lt;no description&gt;" pos="0" type="edu.utah.sci.vistrails.basic:String" val="http://www.vistrails.org/download/download.php?type=DATA&amp;id=head.120.vtk" />
    </function>
  </module>
</workflow>
